FLR,MMR,analysis,correct,dataset,declared,false_links,fraction,legacy_psi,missing_matches,model_path,n_fit_pairs,n_holdout,n_labelled_a,n_train_pairs_total,n_true_records,n_validation_pairs,prediction_path,score_path,seed,source_cell_path,source_prediction_path,threshold,threshold_sigmoid_equivalent,training_performed,validation_f1
0.01407284768211925,0.015702479338842945,analysis18_section7_direct,1191,DBLP,1208,17,0.5,0.012396694214876033,15,/home/ahmeda/ER_Transformer_Reproducible_RUN/models/analysis18_section7/cross_encoder/DBLP/f_0p50/seed_42,46772,1308,1308,58465,1210,11693,/home/ahmeda/ER_Transformer_Reproducible_RUN/results/analysis18_section7_direct/predictions/direct_DBLP_f0p50_seed42.csv,CrossEncoder.predict,42,/home/ahmeda/ER_Transformer_Reproducible_RUN/results/analysis18_section7/cells/fraction_DBLP_f0p50_seed42.json,/home/ahmeda/ER_Transformer_Reproducible_RUN/results/analysis18_section7/predictions/fraction_DBLP_f0p50_seed42.csv,0.15000000000000002,0.5374298453437496,False,0.9402061855670103
0.023966942148760384,0.012541806020066937,analysis18_section7_direct,1181,DBLP,1210,29,0.5,0.006688963210702341,8,/home/ahmeda/ER_Transformer_Reproducible_RUN/models/analysis18_section7/cross_encoder/DBLP/f_0p50/seed_43,47306,1308,1308,59133,1196,11827,/home/ahmeda/ER_Transformer_Reproducible_RUN/results/analysis18_section7_direct/predictions/direct_DBLP_f0p50_seed43.csv,CrossEncoder.predict,43,/home/ahmeda/ER_Transformer_Reproducible_RUN/results/analysis18_section7/cells/fraction_DBLP_f0p50_seed43.json,/home/ahmeda/ER_Transformer_Reproducible_RUN/results/analysis18_section7/predictions/fraction_DBLP_f0p50_seed43.csv,0.3500000000000001,0.5866175789173301,False,0.9193548387096774
0.015625,0.014814814814814836,analysis18_section7_direct,1197,DBLP,1216,19,0.5,0.009876543209876543,12,/home/ahmeda/ER_Transformer_Reproducible_RUN/models/analysis18_section7/cross_encoder/DBLP/f_0p50/seed_44,46588,1308,1308,58235,1215,11647,/home/ahmeda/ER_Transformer_Reproducible_RUN/results/analysis18_section7_direct/predictions/direct_DBLP_f0p50_seed44.csv,CrossEncoder.predict,44,/home/ahmeda/ER_Transformer_Reproducible_RUN/results/analysis18_section7/cells/fraction_DBLP_f0p50_seed44.json,/home/ahmeda/ER_Transformer_Reproducible_RUN/results/analysis18_section7/predictions/fraction_DBLP_f0p50_seed44.csv,0.20000000000000004,0.549833997312478,False,0.9274193548387096
0.01396877567789645,0.009083402146985997,analysis18_section7_direct,1200,DBLP,1217,17,0.5,0.00495458298926507,6,/home/ahmeda/ER_Transformer_Reproducible_RUN/models/analysis18_section7/cross_encoder/DBLP/f_0p50/seed_45,46744,1308,1308,58431,1211,11687,/home/ahmeda/ER_Transformer_Reproducible_RUN/results/analysis18_section7_direct/predictions/direct_DBLP_f0p50_seed45.csv,CrossEncoder.predict,45,/home/ahmeda/ER_Transformer_Reproducible_RUN/results/analysis18_section7/cells/fraction_DBLP_f0p50_seed45.json,/home/ahmeda/ER_Transformer_Reproducible_RUN/results/analysis18_section7/predictions/fraction_DBLP_f0p50_seed45.csv,0.1,0.52497918747894,False,0.9240246406570842
0.018333333333333313,0.010915197313182246,analysis18_section7_direct,1178,DBLP,1200,22,0.5,0.007556675062972292,9,/home/ahmeda/ER_Transformer_Reproducible_RUN/models/analysis18_section7/cross_encoder/DBLP/f_0p50/seed_46,47500,1308,1308,59376,1191,11876,/home/ahmeda/ER_Transformer_Reproducible_RUN/results/analysis18_section7_direct/predictions/direct_DBLP_f0p50_seed46.csv,CrossEncoder.predict,46,/home/ahmeda/ER_Transformer_Reproducible_RUN/results/analysis18_section7/cells/fraction_DBLP_f0p50_seed46.json,/home/ahmeda/ER_Transformer_Reproducible_RUN/results/analysis18_section7/predictions/fraction_DBLP_f0p50_seed46.csv,0.1,0.52497918747894,False,0.9258517034068137
0.016447368421052655,0.018867924528301883,analysis18_section7_direct,1196,DBLP,1216,20,0.5,0.011484823625922888,14,/home/ahmeda/ER_Transformer_Reproducible_RUN/models/analysis18_section7/cross_encoder/DBLP/f_0p50/seed_47,46392,1308,1308,57990,1219,11598,/home/ahmeda/ER_Transformer_Reproducible_RUN/results/analysis18_section7_direct/predictions/direct_DBLP_f0p50_seed47.csv,CrossEncoder.predict,47,/home/ahmeda/ER_Transformer_Reproducible_RUN/results/analysis18_section7/cells/fraction_DBLP_f0p50_seed47.json,/home/ahmeda/ER_Transformer_Reproducible_RUN/results/analysis18_section7/predictions/fraction_DBLP_f0p50_seed47.csv,0.1,0.52497918747894,False,0.9355509355509356
0.017369727047146455,0.01655629139072845,analysis18_section7_direct,1188,DBLP,1209,21,0.5,0.01076158940397351,13,/home/ahmeda/ER_Transformer_Reproducible_RUN/models/analysis18_section7/cross_encoder/DBLP/f_0p50/seed_48,46812,1308,1308,58516,1208,11704,/home/ahmeda/ER_Transformer_Reproducible_RUN/results/analysis18_section7_direct/predictions/direct_DBLP_f0p50_seed48.csv,CrossEncoder.predict,48,/home/ahmeda/ER_Transformer_Reproducible_RUN/results/analysis18_section7/cells/fraction_DBLP_f0p50_seed48.json,/home/ahmeda/ER_Transformer_Reproducible_RUN/results/analysis18_section7/predictions/fraction_DBLP_f0p50_seed48.csv,0.1,0.52497918747894,False,0.9090909090909091
0.014742014742014753,0.011503697617091246,analysis18_section7_direct,1203,DBLP,1221,18,0.5,0.004108463434675432,5,/home/ahmeda/ER_Transformer_Reproducible_RUN/models/analysis18_section7/cross_encoder/DBLP/f_0p50/seed_49,46536,1308,1308,58170,1217,11634,/home/ahmeda/ER_Transformer_Reproducible_RUN/results/analysis18_section7_direct/predictions/direct_DBLP_f0p50_seed49.csv,CrossEncoder.predict,49,/home/ahmeda/ER_Transformer_Reproducible_RUN/results/analysis18_section7/cells/fraction_DBLP_f0p50_seed49.json,/home/ahmeda/ER_Transformer_Reproducible_RUN/results/analysis18_section7/predictions/fraction_DBLP_f0p50_seed49.csv,0.1,0.52497918747894,False,0.9132231404958677
0.019039735099337762,0.01822700911350461,analysis18_section7_direct,1185,DBLP,1208,23,0.5,0.008285004142502071,10,/home/ahmeda/ER_Transformer_Reproducible_RUN/models/analysis18_section7/cross_encoder/DBLP/f_0p50/seed_50,46890,1308,1308,58613,1207,11723,/home/ahmeda/ER_Transformer_Reproducible_RUN/results/analysis18_section7_direct/predictions/direct_DBLP_f0p50_seed50.csv,CrossEncoder.predict,50,/home/ahmeda/ER_Transformer_Reproducible_RUN/results/analysis18_section7/cells/fraction_DBLP_f0p50_seed50.json,/home/ahmeda/ER_Transformer_Reproducible_RUN/results/analysis18_section7/predictions/fraction_DBLP_f0p50_seed50.csv,0.1,0.52497918747894,False,0.9545454545454546
0.014285714285714235,0.019230769230769273,analysis18_section7_direct,1173,DBLP,1190,17,0.5,0.013377926421404682,16,/home/ahmeda/ER_Transformer_Reproducible_RUN/models/analysis18_section7/cross_encoder/DBLP/f_0p50/seed_51,47313,1308,1308,59142,1196,11829,/home/ahmeda/ER_Transformer_Reproducible_RUN/results/analysis18_section7_direct/predictions/direct_DBLP_f0p50_seed51.csv,CrossEncoder.predict,51,/home/ahmeda/ER_Transformer_Reproducible_RUN/results/analysis18_section7/cells/fraction_DBLP_f0p50_seed51.json,/home/ahmeda/ER_Transformer_Reproducible_RUN/results/analysis18_section7/predictions/fraction_DBLP_f0p50_seed51.csv,0.3500000000000001,0.5866175789173301,False,0.9416666666666667
0.025406504065040636,0.014388489208633115,analysis18_section7_direct,959,DBLP,984,25,0.6,0.008221993833504625,8,/home/ahmeda/ER_Transformer_Reproducible_RUN/models/analysis18_section7/cross_encoder/DBLP/f_0p60/seed_42,56019,1047,1569,70024,973,14005,/home/ahmeda/ER_Transformer_Reproducible_RUN/results/analysis18_section7_direct/predictions/direct_DBLP_f0p60_seed42.csv,CrossEncoder.predict,42,/home/ahmeda/ER_Transformer_Reproducible_RUN/results/analysis18_section7/cells/fraction_DBLP_f0p60_seed42.json,/home/ahmeda/ER_Transformer_Reproducible_RUN/results/analysis18_section7/predictions/fraction_DBLP_f0p60_seed42.csv,0.1,0.52497918747894,False,0.9166666666666666
0.019668737060041352,0.014568158168574374,analysis18_section7_direct,947,DBLP,966,19,0.6,0.006243496357960458,6,/home/ahmeda/ER_Transformer_Reproducible_RUN/models/analysis18_section7/cross_encoder/DBLP/f_0p60/seed_43,56489,1047,1569,70612,961,14123,/home/ahmeda/ER_Transformer_Reproducible_RUN/results/analysis18_section7_direct/predictions/direct_DBLP_f0p60_seed43.csv,CrossEncoder.predict,43,/home/ahmeda/ER_Transformer_Reproducible_RUN/results/analysis18_section7/cells/fraction_DBLP_f0p60_seed43.json,/home/ahmeda/ER_Transformer_Reproducible_RUN/results/analysis18_section7/predictions/fraction_DBLP_f0p60_seed43.csv,0.1,0.52497918747894,False,0.9365351629502573
0.01336073997944498,0.012345679012345734,analysis18_section7_direct,960,DBLP,973,13,0.6,0.00823045267489712,8,/home/ahmeda/ER_Transformer_Reproducible_RUN/models/analysis18_section7/cross_encoder/DBLP/f_0p60/seed_44,56039,1047,1569,70049,972,14010,/home/ahmeda/ER_Transformer_Reproducible_RUN/results/analysis18_section7_direct/predictions/direct_DBLP_f0p60_seed44.csv,CrossEncoder.predict,44,/home/ahmeda/ER_Transformer_Reproducible_RUN/results/analysis18_section7/cells/fraction_DBLP_f0p60_seed44.json,/home/ahmeda/ER_Transformer_Reproducible_RUN/results/analysis18_section7/predictions/fraction_DBLP_f0p60_seed44.csv,0.6500000000000001,0.6570104626734988,False,0.9383561643835616
0.011482254697286032,0.01763485477178428,analysis18_section7_direct,947,DBLP,958,11,0.6,0.013485477178423237,13,/home/ahmeda/ER_Transformer_Reproducible_RUN/models/analysis18_section7/cross_encoder/DBLP/f_0p60/seed_45,56375,1047,1569,70469,964,14094,/home/ahmeda/ER_Transformer_Reproducible_RUN/results/analysis18_section7_direct/predictions/direct_DBLP_f0p60_seed45.csv,CrossEncoder.predict,45,/home/ahmeda/ER_Transformer_Reproducible_RUN/results/analysis18_section7/cells/fraction_DBLP_f0p60_seed45.json,/home/ahmeda/ER_Transformer_Reproducible_RUN/results/analysis18_section7/predictions/fraction_DBLP_f0p60_seed45.csv,0.6000000000000002,0.6456563062257955,False,0.9365351629502573
0.017763845350052265,0.010526315789473717,analysis18_section7_direct,940,DBLP,957,17,0.6,0.007368421052631579,7,/home/ahmeda/ER_Transformer_Reproducible_RUN/models/analysis18_section7/cross_encoder/DBLP/f_0p60/seed_46,56920,1047,1569,71151,950,14231,/home/ahmeda/ER_Transformer_Reproducible_RUN/results/analysis18_section7_direct/predictions/direct_DBLP_f0p60_seed46.csv,CrossEncoder.predict,46,/home/ahmeda/ER_Transformer_Reproducible_RUN/results/analysis18_section7/cells/fraction_DBLP_f0p60_seed46.json,/home/ahmeda/ER_Transformer_Reproducible_RUN/results/analysis18_section7/predictions/fraction_DBLP_f0p60_seed46.csv,0.7000000000000002,0.6681877721681662,False,0.9008403361344538
0.017561983471074405,0.019587628865979423,analysis18_section7_direct,951,DBLP,968,17,0.6,0.01134020618556701,11,/home/ahmeda/ER_Transformer_Reproducible_RUN/models/analysis18_section7/cross_encoder/DBLP/f_0p60/seed_47,56130,1047,1569,70163,970,14033,/home/ahmeda/ER_Transformer_Reproducible_RUN/results/analysis18_section7_direct/predictions/direct_DBLP_f0p60_seed47.csv,CrossEncoder.predict,47,/home/ahmeda/ER_Transformer_Reproducible_RUN/results/analysis18_section7/cells/fraction_DBLP_f0p60_seed47.json,/home/ahmeda/ER_Transformer_Reproducible_RUN/results/analysis18_section7/predictions/fraction_DBLP_f0p60_seed47.csv,0.1,0.52497918747894,False,0.9517241379310345
0.014477766287487093,0.016511867905056765,analysis18_section7_direct,953,DBLP,967,14,0.6,0.008255933952528379,8,/home/ahmeda/ER_Transformer_Reproducible_RUN/models/analysis18_section7/cross_encoder/DBLP/f_0p60/seed_48,56111,1047,1569,70139,969,14028,/home/ahmeda/ER_Transformer_Reproducible_RUN/results/analysis18_section7_direct/predictions/direct_DBLP_f0p60_seed48.csv,CrossEncoder.predict,48,/home/ahmeda/ER_Transformer_Reproducible_RUN/results/analysis18_section7/cells/fraction_DBLP_f0p60_seed48.json,/home/ahmeda/ER_Transformer_Reproducible_RUN/results/analysis18_section7/predictions/fraction_DBLP_f0p60_seed48.csv,0.1,0.52497918747894,False,0.9290540540540541
0.02238046795523907,0.011316872427983515,analysis18_section7_direct,961,DBLP,983,22,0.6,0.00411522633744856,4,/home/ahmeda/ER_Transformer_Reproducible_RUN/models/analysis18_section7/cross_encoder/DBLP/f_0p60/seed_49,56067,1047,1569,70084,972,14017,/home/ahmeda/ER_Transformer_Reproducible_RUN/results/analysis18_section7_direct/predictions/direct_DBLP_f0p60_seed49.csv,CrossEncoder.predict,49,/home/ahmeda/ER_Transformer_Reproducible_RUN/results/analysis18_section7/cells/fraction_DBLP_f0p60_seed49.json,/home/ahmeda/ER_Transformer_Reproducible_RUN/results/analysis18_section7/predictions/fraction_DBLP_f0p60_seed49.csv,0.8500000000000002,0.700567142473973,False,0.927487352445194
0.022774327122153215,0.019730010384215957,analysis18_section7_direct,944,DBLP,966,22,0.6,0.009345794392523364,9,/home/ahmeda/ER_Transformer_Reproducible_RUN/models/analysis18_section7/cross_encoder/DBLP/f_0p60/seed_50,56388,1047,1569,70486,963,14098,/home/ahmeda/ER_Transformer_Reproducible_RUN/results/analysis18_section7_direct/predictions/direct_DBLP_f0p60_seed50.csv,CrossEncoder.predict,50,/home/ahmeda/ER_Transformer_Reproducible_RUN/results/analysis18_section7/cells/fraction_DBLP_f0p60_seed50.json,/home/ahmeda/ER_Transformer_Reproducible_RUN/results/analysis18_section7/predictions/fraction_DBLP_f0p60_seed50.csv,0.1,0.52497918747894,False,0.9262435677530018
0.022964509394572064,0.021943573667711602,analysis18_section7_direct,936,DBLP,958,22,0.6,0.013584117032392894,13,/home/ahmeda/ER_Transformer_Reproducible_RUN/models/analysis18_section7/cross_encoder/DBLP/f_0p60/seed_51,56659,1047,1569,70824,957,14165,/home/ahmeda/ER_Transformer_Reproducible_RUN/results/analysis18_section7_direct/predictions/direct_DBLP_f0p60_seed51.csv,CrossEncoder.predict,51,/home/ahmeda/ER_Transformer_Reproducible_RUN/results/analysis18_section7/cells/fraction_DBLP_f0p60_seed51.json,/home/ahmeda/ER_Transformer_Reproducible_RUN/results/analysis18_section7/predictions/fraction_DBLP_f0p60_seed51.csv,0.45000000000000007,0.610639233949222,False,0.9296740994854202
0.015130674002751032,0.015130674002751032,analysis18_section7_direct,716,DBLP,727,11,0.7,0.011004126547455296,8,/home/ahmeda/ER_Transformer_Reproducible_RUN/models/analysis18_section7/cross_encoder/DBLP/f_0p70/seed_42,65647,785,1831,82059,727,16412,/home/ahmeda/ER_Transformer_Reproducible_RUN/results/analysis18_section7_direct/predictions/direct_DBLP_f0p70_seed42.csv,CrossEncoder.predict,42,/home/ahmeda/ER_Transformer_Reproducible_RUN/results/analysis18_section7/cells/fraction_DBLP_f0p70_seed42.json,/home/ahmeda/ER_Transformer_Reproducible_RUN/results/analysis18_section7/predictions/fraction_DBLP_f0p70_seed42.csv,0.1,0.52497918747894,False,0.9388971684053651
0.022008253094910613,0.016597510373444035,analysis18_section7_direct,711,DBLP,727,16,0.7,0.008298755186721992,6,/home/ahmeda/ER_Transformer_Reproducible_RUN/models/analysis18_section7/cross_encoder/DBLP/f_0p70/seed_43,65802,785,1831,82253,723,16451,/home/ahmeda/ER_Transformer_Reproducible_RUN/results/analysis18_section7_direct/predictions/direct_DBLP_f0p70_seed43.csv,CrossEncoder.predict,43,/home/ahmeda/ER_Transformer_Reproducible_RUN/results/analysis18_section7/cells/fraction_DBLP_f0p70_seed43.json,/home/ahmeda/ER_Transformer_Reproducible_RUN/results/analysis18_section7/predictions/fraction_DBLP_f0p70_seed43.csv,0.25000000000000006,0.5621765008857981,False,0.9397944199706314
0.006858710562414272,0.012278308321964526,analysis18_section7_direct,724,DBLP,729,5,0.7,0.009549795361527967,7,/home/ahmeda/ER_Transformer_Reproducible_RUN/models/analysis18_section7/cross_encoder/DBLP/f_0p70/seed_44,65394,785,1831,81743,733,16349,/home/ahmeda/ER_Transformer_Reproducible_RUN/results/analysis18_section7_direct/predictions/direct_DBLP_f0p70_seed44.csv,CrossEncoder.predict,44,/home/ahmeda/ER_Transformer_Reproducible_RUN/results/analysis18_section7/cells/fraction_DBLP_f0p70_seed44.json,/home/ahmeda/ER_Transformer_Reproducible_RUN/results/analysis18_section7/predictions/fraction_DBLP_f0p70_seed44.csv,0.7500000000000002,0.6791786991753931,False,0.930576070901034
0.016348773841961872,0.00687757909215958,analysis18_section7_direct,722,DBLP,734,12,0.7,0.002751031636863824,2,/home/ahmeda/ER_Transformer_Reproducible_RUN/models/analysis18_section7/cross_encoder/DBLP/f_0p70/seed_45,65636,785,1831,82046,727,16410,/home/ahmeda/ER_Transformer_Reproducible_RUN/results/analysis18_section7_direct/predictions/direct_DBLP_f0p70_seed45.csv,CrossEncoder.predict,45,/home/ahmeda/ER_Transformer_Reproducible_RUN/results/analysis18_section7/cells/fraction_DBLP_f0p70_seed45.json,/home/ahmeda/ER_Transformer_Reproducible_RUN/results/analysis18_section7/predictions/fraction_DBLP_f0p70_seed45.csv,0.6000000000000002,0.6456563062257955,False,0.9119318181818182
0.01538461538461533,0.011235955056179803,analysis18_section7_direct,704,DBLP,715,11,0.7,0.009831460674157303,7,/home/ahmeda/ER_Transformer_Reproducible_RUN/models/analysis18_section7/cross_encoder/DBLP/f_0p70/seed_46,66243,785,1831,82804,712,16561,/home/ahmeda/ER_Transformer_Reproducible_RUN/results/analysis18_section7_direct/predictions/direct_DBLP_f0p70_seed46.csv,CrossEncoder.predict,46,/home/ahmeda/ER_Transformer_Reproducible_RUN/results/analysis18_section7/cells/fraction_DBLP_f0p70_seed46.json,/home/ahmeda/ER_Transformer_Reproducible_RUN/results/analysis18_section7/predictions/fraction_DBLP_f0p70_seed46.csv,0.8500000000000002,0.700567142473973,False,0.9195402298850575
0.016483516483516536,0.017832647462277085,analysis18_section7_direct,716,DBLP,728,12,0.7,0.010973936899862825,8,/home/ahmeda/ER_Transformer_Reproducible_RUN/models/analysis18_section7/cross_encoder/DBLP/f_0p70/seed_47,65510,785,1831,81888,729,16378,/home/ahmeda/ER_Transformer_Reproducible_RUN/results/analysis18_section7_direct/predictions/direct_DBLP_f0p70_seed47.csv,CrossEncoder.predict,47,/home/ahmeda/ER_Transformer_Reproducible_RUN/results/analysis18_section7/cells/fraction_DBLP_f0p70_seed47.json,/home/ahmeda/ER_Transformer_Reproducible_RUN/results/analysis18_section7/predictions/fraction_DBLP_f0p70_seed47.csv,0.1,0.52497918747894,False,0.9352941176470588
0.005571030640668551,0.019230769230769273,analysis18_section7_direct,714,DBLP,718,4,0.7,0.01510989010989011,11,/home/ahmeda/ER_Transformer_Reproducible_RUN/models/analysis18_section7/cross_encoder/DBLP/f_0p70/seed_48,65550,785,1831,81938,728,16388,/home/ahmeda/ER_Transformer_Reproducible_RUN/results/analysis18_section7_direct/predictions/direct_DBLP_f0p70_seed48.csv,CrossEncoder.predict,48,/home/ahmeda/ER_Transformer_Reproducible_RUN/results/analysis18_section7/cells/fraction_DBLP_f0p70_seed48.json,/home/ahmeda/ER_Transformer_Reproducible_RUN/results/analysis18_section7/predictions/fraction_DBLP_f0p70_seed48.csv,0.8000000000000002,0.6899744811276125,False,0.9420505200594353
0.013736263736263687,0.0096551724137931,analysis18_section7_direct,718,DBLP,728,10,0.7,0.005517241379310344,4,/home/ahmeda/ER_Transformer_Reproducible_RUN/models/analysis18_section7/cross_encoder/DBLP/f_0p70/seed_49,65709,785,1831,82137,725,16428,/home/ahmeda/ER_Transformer_Reproducible_RUN/results/analysis18_section7_direct/predictions/direct_DBLP_f0p70_seed49.csv,CrossEncoder.predict,49,/home/ahmeda/ER_Transformer_Reproducible_RUN/results/analysis18_section7/cells/fraction_DBLP_f0p70_seed49.json,/home/ahmeda/ER_Transformer_Reproducible_RUN/results/analysis18_section7/predictions/fraction_DBLP_f0p70_seed49.csv,0.5000000000000001,0.6224593312018547,False,0.930780559646539
0.02496532593619971,0.02496532593619971,analysis18_section7_direct,703,DBLP,721,18,0.7,0.009708737864077669,7,/home/ahmeda/ER_Transformer_Reproducible_RUN/models/analysis18_section7/cross_encoder/DBLP/f_0p70/seed_50,65845,785,1831,82307,721,16462,/home/ahmeda/ER_Transformer_Reproducible_RUN/results/analysis18_section7_direct/predictions/direct_DBLP_f0p70_seed50.csv,CrossEncoder.predict,50,/home/ahmeda/ER_Transformer_Reproducible_RUN/results/analysis18_section7/cells/fraction_DBLP_f0p70_seed50.json,/home/ahmeda/ER_Transformer_Reproducible_RUN/results/analysis18_section7/predictions/fraction_DBLP_f0p70_seed50.csv,0.30000000000000004,0.574442516811659,False,0.9325513196480938
0.008450704225352101,0.016759776536312887,analysis18_section7_direct,704,DBLP,710,6,0.7,0.0111731843575419,8,/home/ahmeda/ER_Transformer_Reproducible_RUN/models/analysis18_section7/cross_encoder/DBLP/f_0p70/seed_51,66066,785,1831,82583,716,16517,/home/ahmeda/ER_Transformer_Reproducible_RUN/results/analysis18_section7_direct/predictions/direct_DBLP_f0p70_seed51.csv,CrossEncoder.predict,51,/home/ahmeda/ER_Transformer_Reproducible_RUN/results/analysis18_section7/cells/fraction_DBLP_f0p70_seed51.json,/home/ahmeda/ER_Transformer_Reproducible_RUN/results/analysis18_section7/predictions/fraction_DBLP_f0p70_seed51.csv,0.45000000000000007,0.610639233949222,False,0.9374090247452693
0.022357723577235755,0.008247422680412342,analysis18_section7_direct,481,DBLP,492,11,0.8,0.008247422680412371,4,/home/ahmeda/ER_Transformer_Reproducible_RUN/models/analysis18_section7/cross_encoder/DBLP/f_0p80/seed_42,75112,524,2092,93890,485,18778,/home/ahmeda/ER_Transformer_Reproducible_RUN/results/analysis18_section7_direct/predictions/direct_DBLP_f0p80_seed42.csv,CrossEncoder.predict,42,/home/ahmeda/ER_Transformer_Reproducible_RUN/results/analysis18_section7/cells/fraction_DBLP_f0p80_seed42.json,/home/ahmeda/ER_Transformer_Reproducible_RUN/results/analysis18_section7/predictions/fraction_DBLP_f0p80_seed42.csv,0.1,0.52497918747894,False,0.9378960709759189
0.026804123711340222,0.014613778705636737,analysis18_section7_direct,472,DBLP,485,13,0.8,0.0041753653444676405,2,/home/ahmeda/ER_Transformer_Reproducible_RUN/models/analysis18_section7/cross_encoder/DBLP/f_0p80/seed_43,75336,524,2092,94170,479,18834,/home/ahmeda/ER_Transformer_Reproducible_RUN/results/analysis18_section7_direct/predictions/direct_DBLP_f0p80_seed43.csv,CrossEncoder.predict,43,/home/ahmeda/ER_Transformer_Reproducible_RUN/results/analysis18_section7/cells/fraction_DBLP_f0p80_seed43.json,/home/ahmeda/ER_Transformer_Reproducible_RUN/results/analysis18_section7/predictions/fraction_DBLP_f0p80_seed43.csv,0.1,0.52497918747894,False,0.9304677623261695
0.0041407867494823725,0.014344262295082011,analysis18_section7_direct,481,DBLP,483,2,0.8,0.012295081967213115,6,/home/ahmeda/ER_Transformer_Reproducible_RUN/models/analysis18_section7/cross_encoder/DBLP/f_0p80/seed_44,74938,524,2092,93673,488,18735,/home/ahmeda/ER_Transformer_Reproducible_RUN/results/analysis18_section7_direct/predictions/direct_DBLP_f0p80_seed44.csv,CrossEncoder.predict,44,/home/ahmeda/ER_Transformer_Reproducible_RUN/results/analysis18_section7/cells/fraction_DBLP_f0p80_seed44.json,/home/ahmeda/ER_Transformer_Reproducible_RUN/results/analysis18_section7/predictions/fraction_DBLP_f0p80_seed44.csv,0.3500000000000001,0.5866175789173301,False,0.937984496124031
0.004123711340206171,0.012269938650306789,analysis18_section7_direct,483,DBLP,485,2,0.8,0.0081799591002045,4,/home/ahmeda/ER_Transformer_Reproducible_RUN/models/analysis18_section7/cross_encoder/DBLP/f_0p80/seed_45,74931,524,2092,93664,489,18733,/home/ahmeda/ER_Transformer_Reproducible_RUN/results/analysis18_section7_direct/predictions/direct_DBLP_f0p80_seed45.csv,CrossEncoder.predict,45,/home/ahmeda/ER_Transformer_Reproducible_RUN/results/analysis18_section7/cells/fraction_DBLP_f0p80_seed45.json,/home/ahmeda/ER_Transformer_Reproducible_RUN/results/analysis18_section7/predictions/fraction_DBLP_f0p80_seed45.csv,0.8500000000000002,0.700567142473973,False,0.932484076433121
0.017057569296375252,0.017057569296375252,analysis18_section7_direct,461,DBLP,469,8,0.8,0.01279317697228145,6,/home/ahmeda/ER_Transformer_Reproducible_RUN/models/analysis18_section7/cross_encoder/DBLP/f_0p80/seed_46,75748,524,2092,94686,469,18938,/home/ahmeda/ER_Transformer_Reproducible_RUN/results/analysis18_section7_direct/predictions/direct_DBLP_f0p80_seed46.csv,CrossEncoder.predict,46,/home/ahmeda/ER_Transformer_Reproducible_RUN/results/analysis18_section7/cells/fraction_DBLP_f0p80_seed46.json,/home/ahmeda/ER_Transformer_Reproducible_RUN/results/analysis18_section7/predictions/fraction_DBLP_f0p80_seed46.csv,0.7000000000000002,0.6681877721681662,False,0.9255989911727617
0.018329938900203624,0.02626262626262621,analysis18_section7_direct,482,DBLP,491,9,0.8,0.01616161616161616,8,/home/ahmeda/ER_Transformer_Reproducible_RUN/models/analysis18_section7/cross_encoder/DBLP/f_0p80/seed_47,74654,524,2092,93318,495,18664,/home/ahmeda/ER_Transformer_Reproducible_RUN/results/analysis18_section7_direct/predictions/direct_DBLP_f0p80_seed47.csv,CrossEncoder.predict,47,/home/ahmeda/ER_Transformer_Reproducible_RUN/results/analysis18_section7/cells/fraction_DBLP_f0p80_seed47.json,/home/ahmeda/ER_Transformer_Reproducible_RUN/results/analysis18_section7/predictions/fraction_DBLP_f0p80_seed47.csv,0.1,0.52497918747894,False,0.9424083769633508
0.012345679012345734,0.014373716632443578,analysis18_section7_direct,480,DBLP,486,6,0.8,0.006160164271047228,3,/home/ahmeda/ER_Transformer_Reproducible_RUN/models/analysis18_section7/cross_encoder/DBLP/f_0p80/seed_48,74992,524,2092,93741,487,18749,/home/ahmeda/ER_Transformer_Reproducible_RUN/results/analysis18_section7_direct/predictions/direct_DBLP_f0p80_seed48.csv,CrossEncoder.predict,48,/home/ahmeda/ER_Transformer_Reproducible_RUN/results/analysis18_section7/cells/fraction_DBLP_f0p80_seed48.json,/home/ahmeda/ER_Transformer_Reproducible_RUN/results/analysis18_section7/predictions/fraction_DBLP_f0p80_seed48.csv,0.7500000000000002,0.6791786991753931,False,0.9301143583227446
0.006224066390041472,0.014403292181069949,analysis18_section7_direct,479,DBLP,482,3,0.8,0.0102880658436214,5,/home/ahmeda/ER_Transformer_Reproducible_RUN/models/analysis18_section7/cross_encoder/DBLP/f_0p80/seed_49,75052,524,2092,93815,486,18763,/home/ahmeda/ER_Transformer_Reproducible_RUN/results/analysis18_section7_direct/predictions/direct_DBLP_f0p80_seed49.csv,CrossEncoder.predict,49,/home/ahmeda/ER_Transformer_Reproducible_RUN/results/analysis18_section7/cells/fraction_DBLP_f0p80_seed49.json,/home/ahmeda/ER_Transformer_Reproducible_RUN/results/analysis18_section7/predictions/fraction_DBLP_f0p80_seed49.csv,0.5000000000000001,0.6224593312018547,False,0.9326424870466321
0.024691358024691357,0.018633540372670843,analysis18_section7_direct,474,DBLP,486,12,0.8,0.006211180124223602,3,/home/ahmeda/ER_Transformer_Reproducible_RUN/models/analysis18_section7/cross_encoder/DBLP/f_0p80/seed_50,75144,524,2092,93930,483,18786,/home/ahmeda/ER_Transformer_Reproducible_RUN/results/analysis18_section7_direct/predictions/direct_DBLP_f0p80_seed50.csv,CrossEncoder.predict,50,/home/ahmeda/ER_Transformer_Reproducible_RUN/results/analysis18_section7/cells/fraction_DBLP_f0p80_seed50.json,/home/ahmeda/ER_Transformer_Reproducible_RUN/results/analysis18_section7/predictions/fraction_DBLP_f0p80_seed50.csv,0.1,0.52497918747894,False,0.9341935483870968
0.01906779661016944,0.02320675105485237,analysis18_section7_direct,463,DBLP,472,9,0.8,0.016877637130801686,8,/home/ahmeda/ER_Transformer_Reproducible_RUN/models/analysis18_section7/cross_encoder/DBLP/f_0p80/seed_51,75526,524,2092,94408,474,18882,/home/ahmeda/ER_Transformer_Reproducible_RUN/results/analysis18_section7_direct/predictions/direct_DBLP_f0p80_seed51.csv,CrossEncoder.predict,51,/home/ahmeda/ER_Transformer_Reproducible_RUN/results/analysis18_section7/cells/fraction_DBLP_f0p80_seed51.json,/home/ahmeda/ER_Transformer_Reproducible_RUN/results/analysis18_section7/predictions/fraction_DBLP_f0p80_seed51.csv,0.5500000000000002,0.6341355910108007,False,0.9280205655526992
0.008333333333333304,0.016528925619834656,analysis18_section7_direct,238,DBLP,240,2,0.9,0.01652892561983471,4,/home/ahmeda/ER_Transformer_Reproducible_RUN/models/analysis18_section7/cross_encoder/DBLP/f_0p90/seed_42,84581,262,2354,105727,242,21146,/home/ahmeda/ER_Transformer_Reproducible_RUN/results/analysis18_section7_direct/predictions/direct_DBLP_f0p90_seed42.csv,CrossEncoder.predict,42,/home/ahmeda/ER_Transformer_Reproducible_RUN/results/analysis18_section7/cells/fraction_DBLP_f0p90_seed42.json,/home/ahmeda/ER_Transformer_Reproducible_RUN/results/analysis18_section7/predictions/fraction_DBLP_f0p90_seed42.csv,0.25000000000000006,0.5621765008857981,False,0.9485714285714286
0.025000000000000022,0.01680672268907568,analysis18_section7_direct,234,DBLP,240,6,0.9,0.012605042016806723,3,/home/ahmeda/ER_Transformer_Reproducible_RUN/models/analysis18_section7/cross_encoder/DBLP/f_0p90/seed_43,84736,262,2354,105920,238,21184,/home/ahmeda/ER_Transformer_Reproducible_RUN/results/analysis18_section7_direct/predictions/direct_DBLP_f0p90_seed43.csv,CrossEncoder.predict,43,/home/ahmeda/ER_Transformer_Reproducible_RUN/results/analysis18_section7/cells/fraction_DBLP_f0p90_seed43.json,/home/ahmeda/ER_Transformer_Reproducible_RUN/results/analysis18_section7/predictions/fraction_DBLP_f0p90_seed43.csv,0.8500000000000002,0.700567142473973,False,0.9374288964732651
0.012448132780082943,0.02857142857142858,analysis18_section7_direct,238,DBLP,241,3,0.9,0.024489795918367346,6,/home/ahmeda/ER_Transformer_Reproducible_RUN/models/analysis18_section7/cross_encoder/DBLP/f_0p90/seed_44,84448,262,2354,105560,245,21112,/home/ahmeda/ER_Transformer_Reproducible_RUN/results/analysis18_section7_direct/predictions/direct_DBLP_f0p90_seed44.csv,CrossEncoder.predict,44,/home/ahmeda/ER_Transformer_Reproducible_RUN/results/analysis18_section7/cells/fraction_DBLP_f0p90_seed44.json,/home/ahmeda/ER_Transformer_Reproducible_RUN/results/analysis18_section7/predictions/fraction_DBLP_f0p90_seed44.csv,0.7500000000000002,0.6791786991753931,False,0.9383561643835616
0.004065040650406471,0.012096774193548376,analysis18_section7_direct,245,DBLP,246,1,0.9,0.008064516129032258,2,/home/ahmeda/ER_Transformer_Reproducible_RUN/models/analysis18_section7/cross_encoder/DBLP/f_0p90/seed_45,84368,262,2354,105461,248,21093,/home/ahmeda/ER_Transformer_Reproducible_RUN/results/analysis18_section7_direct/predictions/direct_DBLP_f0p90_seed45.csv,CrossEncoder.predict,45,/home/ahmeda/ER_Transformer_Reproducible_RUN/results/analysis18_section7/cells/fraction_DBLP_f0p90_seed45.json,/home/ahmeda/ER_Transformer_Reproducible_RUN/results/analysis18_section7/predictions/fraction_DBLP_f0p90_seed45.csv,0.1,0.52497918747894,False,0.9426605504587156
0.021186440677966156,0.012820512820512775,analysis18_section7_direct,231,DBLP,236,5,0.9,0.008547008547008548,2,/home/ahmeda/ER_Transformer_Reproducible_RUN/models/analysis18_section7/cross_encoder/DBLP/f_0p90/seed_46,84906,262,2354,106133,234,21227,/home/ahmeda/ER_Transformer_Reproducible_RUN/results/analysis18_section7_direct/predictions/direct_DBLP_f0p90_seed46.csv,CrossEncoder.predict,46,/home/ahmeda/ER_Transformer_Reproducible_RUN/results/analysis18_section7/cells/fraction_DBLP_f0p90_seed46.json,/home/ahmeda/ER_Transformer_Reproducible_RUN/results/analysis18_section7/predictions/fraction_DBLP_f0p90_seed46.csv,0.1,0.52497918747894,False,0.9419795221843004
0.016393442622950838,0.024390243902439046,analysis18_section7_direct,240,DBLP,244,4,0.9,0.012195121951219513,3,/home/ahmeda/ER_Transformer_Reproducible_RUN/models/analysis18_section7/cross_encoder/DBLP/f_0p90/seed_47,84406,262,2354,105508,246,21102,/home/ahmeda/ER_Transformer_Reproducible_RUN/results/analysis18_section7_direct/predictions/direct_DBLP_f0p90_seed47.csv,CrossEncoder.predict,47,/home/ahmeda/ER_Transformer_Reproducible_RUN/results/analysis18_section7/cells/fraction_DBLP_f0p90_seed47.json,/home/ahmeda/ER_Transformer_Reproducible_RUN/results/analysis18_section7/predictions/fraction_DBLP_f0p90_seed47.csv,0.1,0.52497918747894,False,0.9340909090909091
0.012448132780082943,0.012448132780082943,analysis18_section7_direct,238,DBLP,241,3,0.9,0.004149377593360996,1,/home/ahmeda/ER_Transformer_Reproducible_RUN/models/analysis18_section7/cross_encoder/DBLP/f_0p90/seed_48,84607,262,2354,105759,241,21152,/home/ahmeda/ER_Transformer_Reproducible_RUN/results/analysis18_section7_direct/predictions/direct_DBLP_f0p90_seed48.csv,CrossEncoder.predict,48,/home/ahmeda/ER_Transformer_Reproducible_RUN/results/analysis18_section7/cells/fraction_DBLP_f0p90_seed48.json,/home/ahmeda/ER_Transformer_Reproducible_RUN/results/analysis18_section7/predictions/fraction_DBLP_f0p90_seed48.csv,0.25000000000000006,0.5621765008857981,False,0.9175946547884187
0.0,0.012448132780082943,analysis18_section7_direct,238,DBLP,238,0,0.9,0.012448132780082987,3,/home/ahmeda/ER_Transformer_Reproducible_RUN/models/analysis18_section7/cross_encoder/DBLP/f_0p90/seed_49,84603,262,2354,105754,241,21151,/home/ahmeda/ER_Transformer_Reproducible_RUN/results/analysis18_section7_direct/predictions/direct_DBLP_f0p90_seed49.csv,CrossEncoder.predict,49,/home/ahmeda/ER_Transformer_Reproducible_RUN/results/analysis18_section7/cells/fraction_DBLP_f0p90_seed49.json,/home/ahmeda/ER_Transformer_Reproducible_RUN/results/analysis18_section7/predictions/fraction_DBLP_f0p90_seed49.csv,0.45000000000000007,0.610639233949222,False,0.94211123723042
0.021008403361344574,0.021008403361344574,analysis18_section7_direct,233,DBLP,238,5,0.9,0.008403361344537815,2,/home/ahmeda/ER_Transformer_Reproducible_RUN/models/analysis18_section7/cross_encoder/DBLP/f_0p90/seed_50,84714,262,2354,105893,238,21179,/home/ahmeda/ER_Transformer_Reproducible_RUN/results/analysis18_section7_direct/predictions/direct_DBLP_f0p90_seed50.csv,CrossEncoder.predict,50,/home/ahmeda/ER_Transformer_Reproducible_RUN/results/analysis18_section7/cells/fraction_DBLP_f0p90_seed50.json,/home/ahmeda/ER_Transformer_Reproducible_RUN/results/analysis18_section7/predictions/fraction_DBLP_f0p90_seed50.csv,0.1,0.52497918747894,False,0.928
0.025316455696202556,0.02941176470588236,analysis18_section7_direct,231,DBLP,237,6,0.9,0.02100840336134454,5,/home/ahmeda/ER_Transformer_Reproducible_RUN/models/analysis18_section7/cross_encoder/DBLP/f_0p90/seed_51,84743,262,2354,105929,238,21186,/home/ahmeda/ER_Transformer_Reproducible_RUN/results/analysis18_section7_direct/predictions/direct_DBLP_f0p90_seed51.csv,CrossEncoder.predict,51,/home/ahmeda/ER_Transformer_Reproducible_RUN/results/analysis18_section7/cells/fraction_DBLP_f0p90_seed51.json,/home/ahmeda/ER_Transformer_Reproducible_RUN/results/analysis18_section7/predictions/fraction_DBLP_f0p90_seed51.csv,0.1,0.52497918747894,False,0.9399538106235565
0.04259634888438135,0.12754158964879847,analysis18_section7_direct,472,ECOM,493,21,0.5,0.08872458410351201,48,/home/ahmeda/ER_Transformer_Reproducible_RUN/models/analysis18_section7/cross_encoder/ECOM/f_0p50/seed_42,21597,541,540,26997,541,5400,/home/ahmeda/ER_Transformer_Reproducible_RUN/results/analysis18_section7_direct/predictions/direct_ECOM_f0p50_seed42.csv,CrossEncoder.predict,42,/home/ahmeda/ER_Transformer_Reproducible_RUN/results/analysis18_section7/cells/fraction_ECOM_f0p50_seed42.json,/home/ahmeda/ER_Transformer_Reproducible_RUN/results/analysis18_section7/predictions/fraction_ECOM_f0p50_seed42.csv,0.1,0.52497918747894,False,0.8544600938967136
0.04402515723270439,0.15711645101663585,analysis18_section7_direct,456,ECOM,477,21,0.5,0.11829944547134935,64,/home/ahmeda/ER_Transformer_Reproducible_RUN/models/analysis18_section7/cross_encoder/ECOM/f_0p50/seed_43,21597,541,540,26997,541,5400,/home/ahmeda/ER_Transformer_Reproducible_RUN/results/analysis18_section7_direct/predictions/direct_ECOM_f0p50_seed43.csv,CrossEncoder.predict,43,/home/ahmeda/ER_Transformer_Reproducible_RUN/results/analysis18_section7/cells/fraction_ECOM_f0p50_seed43.json,/home/ahmeda/ER_Transformer_Reproducible_RUN/results/analysis18_section7/predictions/fraction_ECOM_f0p50_seed43.csv,0.30000000000000004,0.574442516811659,False,0.8796296296296297
0.03655913978494618,0.17190388170055448,analysis18_section7_direct,448,ECOM,465,17,0.5,0.14048059149722736,76,/home/ahmeda/ER_Transformer_Reproducible_RUN/models/analysis18_section7/cross_encoder/ECOM/f_0p50/seed_44,21595,541,540,26994,541,5399,/home/ahmeda/ER_Transformer_Reproducible_RUN/results/analysis18_section7_direct/predictions/direct_ECOM_f0p50_seed44.csv,CrossEncoder.predict,44,/home/ahmeda/ER_Transformer_Reproducible_RUN/results/analysis18_section7/cells/fraction_ECOM_f0p50_seed44.json,/home/ahmeda/ER_Transformer_Reproducible_RUN/results/analysis18_section7/predictions/fraction_ECOM_f0p50_seed44.csv,0.40000000000000013,0.5986876601124521,False,0.8018433179723502
0.05117270788912576,0.17744916820702406,analysis18_section7_direct,445,ECOM,469,24,0.5,0.133086876155268,72,/home/ahmeda/ER_Transformer_Reproducible_RUN/models/analysis18_section7/cross_encoder/ECOM/f_0p50/seed_45,21593,541,540,26992,541,5399,/home/ahmeda/ER_Transformer_Reproducible_RUN/results/analysis18_section7_direct/predictions/direct_ECOM_f0p50_seed45.csv,CrossEncoder.predict,45,/home/ahmeda/ER_Transformer_Reproducible_RUN/results/analysis18_section7/cells/fraction_ECOM_f0p50_seed45.json,/home/ahmeda/ER_Transformer_Reproducible_RUN/results/analysis18_section7/predictions/fraction_ECOM_f0p50_seed45.csv,0.1,0.52497918747894,False,0.8691588785046729
0.04106776180698157,0.13678373382624764,analysis18_section7_direct,467,ECOM,487,20,0.5,0.09981515711645102,54,/home/ahmeda/ER_Transformer_Reproducible_RUN/models/analysis18_section7/cross_encoder/ECOM/f_0p50/seed_46,21596,541,540,26995,541,5399,/home/ahmeda/ER_Transformer_Reproducible_RUN/results/analysis18_section7_direct/predictions/direct_ECOM_f0p50_seed46.csv,CrossEncoder.predict,46,/home/ahmeda/ER_Transformer_Reproducible_RUN/results/analysis18_section7/cells/fraction_ECOM_f0p50_seed46.json,/home/ahmeda/ER_Transformer_Reproducible_RUN/results/analysis18_section7/predictions/fraction_ECOM_f0p50_seed46.csv,0.1,0.52497918747894,False,0.8533333333333334
0.027896995708154515,0.1626617375231053,analysis18_section7_direct,453,ECOM,466,13,0.5,0.13863216266173753,75,/home/ahmeda/ER_Transformer_Reproducible_RUN/models/analysis18_section7/cross_encoder/ECOM/f_0p50/seed_47,21593,541,540,26992,541,5399,/home/ahmeda/ER_Transformer_Reproducible_RUN/results/analysis18_section7_direct/predictions/direct_ECOM_f0p50_seed47.csv,CrossEncoder.predict,47,/home/ahmeda/ER_Transformer_Reproducible_RUN/results/analysis18_section7/cells/fraction_ECOM_f0p50_seed47.json,/home/ahmeda/ER_Transformer_Reproducible_RUN/results/analysis18_section7/predictions/fraction_ECOM_f0p50_seed47.csv,0.6000000000000002,0.6456563062257955,False,0.8246445497630331
0.02614379084967322,0.17375231053604434,analysis18_section7_direct,447,ECOM,459,12,0.5,0.15157116451016636,82,/home/ahmeda/ER_Transformer_Reproducible_RUN/models/analysis18_section7/cross_encoder/ECOM/f_0p50/seed_48,21598,541,540,26998,541,5400,/home/ahmeda/ER_Transformer_Reproducible_RUN/results/analysis18_section7_direct/predictions/direct_ECOM_f0p50_seed48.csv,CrossEncoder.predict,48,/home/ahmeda/ER_Transformer_Reproducible_RUN/results/analysis18_section7/cells/fraction_ECOM_f0p50_seed48.json,/home/ahmeda/ER_Transformer_Reproducible_RUN/results/analysis18_section7/predictions/fraction_ECOM_f0p50_seed48.csv,0.7000000000000002,0.6681877721681662,False,0.8380952380952381
0.03404255319148941,0.16081330868761556,analysis18_section7_direct,454,ECOM,470,16,0.5,0.13123844731977818,71,/home/ahmeda/ER_Transformer_Reproducible_RUN/models/analysis18_section7/cross_encoder/ECOM/f_0p50/seed_49,21596,541,540,26995,541,5399,/home/ahmeda/ER_Transformer_Reproducible_RUN/results/analysis18_section7_direct/predictions/direct_ECOM_f0p50_seed49.csv,CrossEncoder.predict,49,/home/ahmeda/ER_Transformer_Reproducible_RUN/results/analysis18_section7/cells/fraction_ECOM_f0p50_seed49.json,/home/ahmeda/ER_Transformer_Reproducible_RUN/results/analysis18_section7/predictions/fraction_ECOM_f0p50_seed49.csv,0.25000000000000006,0.5621765008857981,False,0.863849765258216
0.04487179487179482,0.17375231053604434,analysis18_section7_direct,447,ECOM,468,21,0.5,0.13493530499075784,73,/home/ahmeda/ER_Transformer_Reproducible_RUN/models/analysis18_section7/cross_encoder/ECOM/f_0p50/seed_50,21592,541,540,26990,541,5398,/home/ahmeda/ER_Transformer_Reproducible_RUN/results/analysis18_section7_direct/predictions/direct_ECOM_f0p50_seed50.csv,CrossEncoder.predict,50,/home/ahmeda/ER_Transformer_Reproducible_RUN/results/analysis18_section7/cells/fraction_ECOM_f0p50_seed50.json,/home/ahmeda/ER_Transformer_Reproducible_RUN/results/analysis18_section7/predictions/fraction_ECOM_f0p50_seed50.csv,0.7500000000000002,0.6791786991753931,False,0.8623853211009175
0.04384133611691021,0.15341959334565625,analysis18_section7_direct,458,ECOM,479,21,0.5,0.11460258780036968,62,/home/ahmeda/ER_Transformer_Reproducible_RUN/models/analysis18_section7/cross_encoder/ECOM/f_0p50/seed_51,21593,541,540,26992,541,5399,/home/ahmeda/ER_Transformer_Reproducible_RUN/results/analysis18_section7_direct/predictions/direct_ECOM_f0p50_seed51.csv,CrossEncoder.predict,51,/home/ahmeda/ER_Transformer_Reproducible_RUN/results/analysis18_section7/cells/fraction_ECOM_f0p50_seed51.json,/home/ahmeda/ER_Transformer_Reproducible_RUN/results/analysis18_section7/predictions/fraction_ECOM_f0p50_seed51.csv,0.6000000000000002,0.6456563062257955,False,0.8173076923076923
0.03916449086161877,0.15011547344110854,analysis18_section7_direct,368,ECOM,383,15,0.6,0.11547344110854503,50,/home/ahmeda/ER_Transformer_Reproducible_RUN/models/analysis18_section7/cross_encoder/ECOM/f_0p60/seed_42,25912,433,648,32391,433,6479,/home/ahmeda/ER_Transformer_Reproducible_RUN/results/analysis18_section7_direct/predictions/direct_ECOM_f0p60_seed42.csv,CrossEncoder.predict,42,/home/ahmeda/ER_Transformer_Reproducible_RUN/results/analysis18_section7/cells/fraction_ECOM_f0p60_seed42.json,/home/ahmeda/ER_Transformer_Reproducible_RUN/results/analysis18_section7/predictions/fraction_ECOM_f0p60_seed42.csv,0.5000000000000001,0.6224593312018547,False,0.8494208494208494
0.043596730245231585,0.18937644341801385,analysis18_section7_direct,351,ECOM,367,16,0.6,0.15242494226327943,66,/home/ahmeda/ER_Transformer_Reproducible_RUN/models/analysis18_section7/cross_encoder/ECOM/f_0p60/seed_43,25914,433,648,32393,433,6479,/home/ahmeda/ER_Transformer_Reproducible_RUN/results/analysis18_section7_direct/predictions/direct_ECOM_f0p60_seed43.csv,CrossEncoder.predict,43,/home/ahmeda/ER_Transformer_Reproducible_RUN/results/analysis18_section7/cells/fraction_ECOM_f0p60_seed43.json,/home/ahmeda/ER_Transformer_Reproducible_RUN/results/analysis18_section7/predictions/fraction_ECOM_f0p60_seed43.csv,0.25000000000000006,0.5621765008857981,False,0.8470588235294118
0.032432432432432434,0.17321016166281755,analysis18_section7_direct,358,ECOM,370,12,0.6,0.14549653579676675,63,/home/ahmeda/ER_Transformer_Reproducible_RUN/models/analysis18_section7/cross_encoder/ECOM/f_0p60/seed_44,25915,433,648,32394,433,6479,/home/ahmeda/ER_Transformer_Reproducible_RUN/results/analysis18_section7_direct/predictions/direct_ECOM_f0p60_seed44.csv,CrossEncoder.predict,44,/home/ahmeda/ER_Transformer_Reproducible_RUN/results/analysis18_section7/cells/fraction_ECOM_f0p60_seed44.json,/home/ahmeda/ER_Transformer_Reproducible_RUN/results/analysis18_section7/predictions/fraction_ECOM_f0p60_seed44.csv,0.1,0.52497918747894,False,0.8605577689243028
0.02228412256267409,0.18937644341801385,analysis18_section7_direct,351,ECOM,359,8,0.6,0.17090069284064666,74,/home/ahmeda/ER_Transformer_Reproducible_RUN/models/analysis18_section7/cross_encoder/ECOM/f_0p60/seed_45,25911,433,648,32389,433,6478,/home/ahmeda/ER_Transformer_Reproducible_RUN/results/analysis18_section7_direct/predictions/direct_ECOM_f0p60_seed45.csv,CrossEncoder.predict,45,/home/ahmeda/ER_Transformer_Reproducible_RUN/results/analysis18_section7/cells/fraction_ECOM_f0p60_seed45.json,/home/ahmeda/ER_Transformer_Reproducible_RUN/results/analysis18_section7/predictions/fraction_ECOM_f0p60_seed45.csv,0.1,0.52497918747894,False,0.8408163265306122
0.0234375,0.13394919168591224,analysis18_section7_direct,375,ECOM,384,9,0.6,0.11316397228637413,49,/home/ahmeda/ER_Transformer_Reproducible_RUN/models/analysis18_section7/cross_encoder/ECOM/f_0p60/seed_46,25915,433,648,32394,433,6479,/home/ahmeda/ER_Transformer_Reproducible_RUN/results/analysis18_section7_direct/predictions/direct_ECOM_f0p60_seed46.csv,CrossEncoder.predict,46,/home/ahmeda/ER_Transformer_Reproducible_RUN/results/analysis18_section7/cells/fraction_ECOM_f0p60_seed46.json,/home/ahmeda/ER_Transformer_Reproducible_RUN/results/analysis18_section7/predictions/fraction_ECOM_f0p60_seed46.csv,0.1,0.52497918747894,False,0.8515625
0.03394255874673624,0.1454965357967667,analysis18_section7_direct,370,ECOM,383,13,0.6,0.11547344110854503,50,/home/ahmeda/ER_Transformer_Reproducible_RUN/models/analysis18_section7/cross_encoder/ECOM/f_0p60/seed_47,25912,433,648,32390,433,6478,/home/ahmeda/ER_Transformer_Reproducible_RUN/results/analysis18_section7_direct/predictions/direct_ECOM_f0p60_seed47.csv,CrossEncoder.predict,47,/home/ahmeda/ER_Transformer_Reproducible_RUN/results/analysis18_section7/cells/fraction_ECOM_f0p60_seed47.json,/home/ahmeda/ER_Transformer_Reproducible_RUN/results/analysis18_section7/predictions/fraction_ECOM_f0p60_seed47.csv,0.1,0.52497918747894,False,0.8421052631578947
0.028818443804034533,0.22170900692840645,analysis18_section7_direct,337,ECOM,347,10,0.6,0.19861431870669746,86,/home/ahmeda/ER_Transformer_Reproducible_RUN/models/analysis18_section7/cross_encoder/ECOM/f_0p60/seed_48,25917,433,648,32397,433,6480,/home/ahmeda/ER_Transformer_Reproducible_RUN/results/analysis18_section7_direct/predictions/direct_ECOM_f0p60_seed48.csv,CrossEncoder.predict,48,/home/ahmeda/ER_Transformer_Reproducible_RUN/results/analysis18_section7/cells/fraction_ECOM_f0p60_seed48.json,/home/ahmeda/ER_Transformer_Reproducible_RUN/results/analysis18_section7/predictions/fraction_ECOM_f0p60_seed48.csv,0.1,0.52497918747894,False,0.8796680497925311
0.043010752688172005,0.1778290993071594,analysis18_section7_direct,356,ECOM,372,16,0.6,0.14087759815242495,61,/home/ahmeda/ER_Transformer_Reproducible_RUN/models/analysis18_section7/cross_encoder/ECOM/f_0p60/seed_49,25916,433,648,32395,433,6479,/home/ahmeda/ER_Transformer_Reproducible_RUN/results/analysis18_section7_direct/predictions/direct_ECOM_f0p60_seed49.csv,CrossEncoder.predict,49,/home/ahmeda/ER_Transformer_Reproducible_RUN/results/analysis18_section7/cells/fraction_ECOM_f0p60_seed49.json,/home/ahmeda/ER_Transformer_Reproducible_RUN/results/analysis18_section7/predictions/fraction_ECOM_f0p60_seed49.csv,0.1,0.52497918747894,False,0.8313725490196079
0.043927648578811374,0.1454965357967667,analysis18_section7_direct,370,ECOM,387,17,0.6,0.10623556581986143,46,/home/ahmeda/ER_Transformer_Reproducible_RUN/models/analysis18_section7/cross_encoder/ECOM/f_0p60/seed_50,25910,433,648,32388,433,6478,/home/ahmeda/ER_Transformer_Reproducible_RUN/results/analysis18_section7_direct/predictions/direct_ECOM_f0p60_seed50.csv,CrossEncoder.predict,50,/home/ahmeda/ER_Transformer_Reproducible_RUN/results/analysis18_section7/cells/fraction_ECOM_f0p60_seed50.json,/home/ahmeda/ER_Transformer_Reproducible_RUN/results/analysis18_section7/predictions/fraction_ECOM_f0p60_seed50.csv,0.1,0.52497918747894,False,0.8625954198473282
0.02910052910052907,0.1524249422632794,analysis18_section7_direct,367,ECOM,378,11,0.6,0.12702078521939955,55,/home/ahmeda/ER_Transformer_Reproducible_RUN/models/analysis18_section7/cross_encoder/ECOM/f_0p60/seed_51,25911,433,648,32389,433,6478,/home/ahmeda/ER_Transformer_Reproducible_RUN/results/analysis18_section7_direct/predictions/direct_ECOM_f0p60_seed51.csv,CrossEncoder.predict,51,/home/ahmeda/ER_Transformer_Reproducible_RUN/results/analysis18_section7/cells/fraction_ECOM_f0p60_seed51.json,/home/ahmeda/ER_Transformer_Reproducible_RUN/results/analysis18_section7/predictions/fraction_ECOM_f0p60_seed51.csv,0.6500000000000001,0.6570104626734988,False,0.8769230769230769
0.03508771929824561,0.15384615384615385,analysis18_section7_direct,275,ECOM,285,10,0.7,0.12307692307692308,40,/home/ahmeda/ER_Transformer_Reproducible_RUN/models/analysis18_section7/cross_encoder/ECOM/f_0p70/seed_42,30232,325,756,37790,325,7558,/home/ahmeda/ER_Transformer_Reproducible_RUN/results/analysis18_section7_direct/predictions/direct_ECOM_f0p70_seed42.csv,CrossEncoder.predict,42,/home/ahmeda/ER_Transformer_Reproducible_RUN/results/analysis18_section7/cells/fraction_ECOM_f0p70_seed42.json,/home/ahmeda/ER_Transformer_Reproducible_RUN/results/analysis18_section7/predictions/fraction_ECOM_f0p70_seed42.csv,0.45000000000000007,0.610639233949222,False,0.8551724137931035
0.03584229390681004,0.17230769230769227,analysis18_section7_direct,269,ECOM,279,10,0.7,0.14153846153846153,46,/home/ahmeda/ER_Transformer_Reproducible_RUN/models/analysis18_section7/cross_encoder/ECOM/f_0p70/seed_43,30233,325,756,37792,325,7559,/home/ahmeda/ER_Transformer_Reproducible_RUN/results/analysis18_section7_direct/predictions/direct_ECOM_f0p70_seed43.csv,CrossEncoder.predict,43,/home/ahmeda/ER_Transformer_Reproducible_RUN/results/analysis18_section7/cells/fraction_ECOM_f0p70_seed43.json,/home/ahmeda/ER_Transformer_Reproducible_RUN/results/analysis18_section7/predictions/fraction_ECOM_f0p70_seed43.csv,0.1,0.52497918747894,False,0.8666666666666667
0.014440433212996373,0.16000000000000003,analysis18_section7_direct,273,ECOM,277,4,0.7,0.1476923076923077,48,/home/ahmeda/ER_Transformer_Reproducible_RUN/models/analysis18_section7/cross_encoder/ECOM/f_0p70/seed_44,30234,325,756,37793,325,7559,/home/ahmeda/ER_Transformer_Reproducible_RUN/results/analysis18_section7_direct/predictions/direct_ECOM_f0p70_seed44.csv,CrossEncoder.predict,44,/home/ahmeda/ER_Transformer_Reproducible_RUN/results/analysis18_section7/cells/fraction_ECOM_f0p70_seed44.json,/home/ahmeda/ER_Transformer_Reproducible_RUN/results/analysis18_section7/predictions/fraction_ECOM_f0p70_seed44.csv,0.1,0.52497918747894,False,0.8794788273615635
0.026119402985074647,0.19692307692307698,analysis18_section7_direct,261,ECOM,268,7,0.7,0.1753846153846154,57,/home/ahmeda/ER_Transformer_Reproducible_RUN/models/analysis18_section7/cross_encoder/ECOM/f_0p70/seed_45,30231,325,756,37789,325,7558,/home/ahmeda/ER_Transformer_Reproducible_RUN/results/analysis18_section7_direct/predictions/direct_ECOM_f0p70_seed45.csv,CrossEncoder.predict,45,/home/ahmeda/ER_Transformer_Reproducible_RUN/results/analysis18_section7/cells/fraction_ECOM_f0p70_seed45.json,/home/ahmeda/ER_Transformer_Reproducible_RUN/results/analysis18_section7/predictions/fraction_ECOM_f0p70_seed45.csv,0.1,0.52497918747894,False,0.8797250859106529
0.017985611510791366,0.16000000000000003,analysis18_section7_direct,273,ECOM,278,5,0.7,0.14461538461538462,47,/home/ahmeda/ER_Transformer_Reproducible_RUN/models/analysis18_section7/cross_encoder/ECOM/f_0p70/seed_46,30233,325,756,37792,325,7559,/home/ahmeda/ER_Transformer_Reproducible_RUN/results/analysis18_section7_direct/predictions/direct_ECOM_f0p70_seed46.csv,CrossEncoder.predict,46,/home/ahmeda/ER_Transformer_Reproducible_RUN/results/analysis18_section7/cells/fraction_ECOM_f0p70_seed46.json,/home/ahmeda/ER_Transformer_Reproducible_RUN/results/analysis18_section7/predictions/fraction_ECOM_f0p70_seed46.csv,0.40000000000000013,0.5986876601124521,False,0.872852233676976
0.017857142857142905,0.15384615384615385,analysis18_section7_direct,275,ECOM,280,5,0.7,0.13846153846153847,45,/home/ahmeda/ER_Transformer_Reproducible_RUN/models/analysis18_section7/cross_encoder/ECOM/f_0p70/seed_47,30231,325,756,37789,325,7558,/home/ahmeda/ER_Transformer_Reproducible_RUN/results/analysis18_section7_direct/predictions/direct_ECOM_f0p70_seed47.csv,CrossEncoder.predict,47,/home/ahmeda/ER_Transformer_Reproducible_RUN/results/analysis18_section7/cells/fraction_ECOM_f0p70_seed47.json,/home/ahmeda/ER_Transformer_Reproducible_RUN/results/analysis18_section7/predictions/fraction_ECOM_f0p70_seed47.csv,0.1,0.52497918747894,False,0.8197879858657244
0.04255319148936165,0.16923076923076918,analysis18_section7_direct,270,ECOM,282,12,0.7,0.13230769230769232,43,/home/ahmeda/ER_Transformer_Reproducible_RUN/models/analysis18_section7/cross_encoder/ECOM/f_0p70/seed_48,30235,325,756,37794,325,7559,/home/ahmeda/ER_Transformer_Reproducible_RUN/results/analysis18_section7_direct/predictions/direct_ECOM_f0p70_seed48.csv,CrossEncoder.predict,48,/home/ahmeda/ER_Transformer_Reproducible_RUN/results/analysis18_section7/cells/fraction_ECOM_f0p70_seed48.json,/home/ahmeda/ER_Transformer_Reproducible_RUN/results/analysis18_section7/predictions/fraction_ECOM_f0p70_seed48.csv,0.1,0.52497918747894,False,0.8695652173913043
0.03900709219858156,0.1661538461538462,analysis18_section7_direct,271,ECOM,282,11,0.7,0.13230769230769232,43,/home/ahmeda/ER_Transformer_Reproducible_RUN/models/analysis18_section7/cross_encoder/ECOM/f_0p70/seed_49,30233,325,756,37792,325,7559,/home/ahmeda/ER_Transformer_Reproducible_RUN/results/analysis18_section7_direct/predictions/direct_ECOM_f0p70_seed49.csv,CrossEncoder.predict,49,/home/ahmeda/ER_Transformer_Reproducible_RUN/results/analysis18_section7/cells/fraction_ECOM_f0p70_seed49.json,/home/ahmeda/ER_Transformer_Reproducible_RUN/results/analysis18_section7/predictions/fraction_ECOM_f0p70_seed49.csv,0.8000000000000002,0.6899744811276125,False,0.862876254180602
0.04529616724738672,0.15692307692307694,analysis18_section7_direct,274,ECOM,287,13,0.7,0.11692307692307692,38,/home/ahmeda/ER_Transformer_Reproducible_RUN/models/analysis18_section7/cross_encoder/ECOM/f_0p70/seed_50,30229,325,756,37787,325,7558,/home/ahmeda/ER_Transformer_Reproducible_RUN/results/analysis18_section7_direct/predictions/direct_ECOM_f0p70_seed50.csv,CrossEncoder.predict,50,/home/ahmeda/ER_Transformer_Reproducible_RUN/results/analysis18_section7/cells/fraction_ECOM_f0p70_seed50.json,/home/ahmeda/ER_Transformer_Reproducible_RUN/results/analysis18_section7/predictions/fraction_ECOM_f0p70_seed50.csv,0.1,0.52497918747894,False,0.8745762711864407
0.014285714285714235,0.15076923076923077,analysis18_section7_direct,276,ECOM,280,4,0.7,0.13846153846153847,45,/home/ahmeda/ER_Transformer_Reproducible_RUN/models/analysis18_section7/cross_encoder/ECOM/f_0p70/seed_51,30229,325,756,37787,325,7558,/home/ahmeda/ER_Transformer_Reproducible_RUN/results/analysis18_section7_direct/predictions/direct_ECOM_f0p70_seed51.csv,CrossEncoder.predict,51,/home/ahmeda/ER_Transformer_Reproducible_RUN/results/analysis18_section7/cells/fraction_ECOM_f0p70_seed51.json,/home/ahmeda/ER_Transformer_Reproducible_RUN/results/analysis18_section7/predictions/fraction_ECOM_f0p70_seed51.csv,0.1,0.52497918747894,False,0.8754448398576512
0.04166666666666663,0.15207373271889402,analysis18_section7_direct,184,ECOM,192,8,0.8,0.1152073732718894,25,/home/ahmeda/ER_Transformer_Reproducible_RUN/models/analysis18_section7/cross_encoder/ECOM/f_0p80/seed_42,34551,217,864,43189,217,8638,/home/ahmeda/ER_Transformer_Reproducible_RUN/results/analysis18_section7_direct/predictions/direct_ECOM_f0p80_seed42.csv,CrossEncoder.predict,42,/home/ahmeda/ER_Transformer_Reproducible_RUN/results/analysis18_section7/cells/fraction_ECOM_f0p80_seed42.json,/home/ahmeda/ER_Transformer_Reproducible_RUN/results/analysis18_section7/predictions/fraction_ECOM_f0p80_seed42.csv,0.20000000000000004,0.549833997312478,False,0.8597560975609756
0.027472527472527486,0.18433179723502302,analysis18_section7_direct,177,ECOM,182,5,0.8,0.16129032258064516,35,/home/ahmeda/ER_Transformer_Reproducible_RUN/models/analysis18_section7/cross_encoder/ECOM/f_0p80/seed_43,34552,217,864,43190,217,8638,/home/ahmeda/ER_Transformer_Reproducible_RUN/results/analysis18_section7_direct/predictions/direct_ECOM_f0p80_seed43.csv,CrossEncoder.predict,43,/home/ahmeda/ER_Transformer_Reproducible_RUN/results/analysis18_section7/cells/fraction_ECOM_f0p80_seed43.json,/home/ahmeda/ER_Transformer_Reproducible_RUN/results/analysis18_section7/predictions/fraction_ECOM_f0p80_seed43.csv,0.6500000000000001,0.6570104626734988,False,0.8666666666666667
0.03977272727272729,0.2211981566820277,analysis18_section7_direct,169,ECOM,176,7,0.8,0.1889400921658986,41,/home/ahmeda/ER_Transformer_Reproducible_RUN/models/analysis18_section7/cross_encoder/ECOM/f_0p80/seed_44,34553,217,864,43192,217,8639,/home/ahmeda/ER_Transformer_Reproducible_RUN/results/analysis18_section7_direct/predictions/direct_ECOM_f0p80_seed44.csv,CrossEncoder.predict,44,/home/ahmeda/ER_Transformer_Reproducible_RUN/results/analysis18_section7/cells/fraction_ECOM_f0p80_seed44.json,/home/ahmeda/ER_Transformer_Reproducible_RUN/results/analysis18_section7/predictions/fraction_ECOM_f0p80_seed44.csv,0.1,0.52497918747894,False,0.8640483383685801
0.03314917127071826,0.19354838709677424,analysis18_section7_direct,175,ECOM,181,6,0.8,0.16589861751152074,36,/home/ahmeda/ER_Transformer_Reproducible_RUN/models/analysis18_section7/cross_encoder/ECOM/f_0p80/seed_45,34551,217,864,43189,217,8638,/home/ahmeda/ER_Transformer_Reproducible_RUN/results/analysis18_section7_direct/predictions/direct_ECOM_f0p80_seed45.csv,CrossEncoder.predict,45,/home/ahmeda/ER_Transformer_Reproducible_RUN/results/analysis18_section7/cells/fraction_ECOM_f0p80_seed45.json,/home/ahmeda/ER_Transformer_Reproducible_RUN/results/analysis18_section7/predictions/fraction_ECOM_f0p80_seed45.csv,0.3500000000000001,0.5866175789173301,False,0.8430769230769231
0.027027027027026973,0.17050691244239635,analysis18_section7_direct,180,ECOM,185,5,0.8,0.14746543778801843,32,/home/ahmeda/ER_Transformer_Reproducible_RUN/models/analysis18_section7/cross_encoder/ECOM/f_0p80/seed_46,34552,217,864,43191,217,8639,/home/ahmeda/ER_Transformer_Reproducible_RUN/results/analysis18_section7_direct/predictions/direct_ECOM_f0p80_seed46.csv,CrossEncoder.predict,46,/home/ahmeda/ER_Transformer_Reproducible_RUN/results/analysis18_section7/cells/fraction_ECOM_f0p80_seed46.json,/home/ahmeda/ER_Transformer_Reproducible_RUN/results/analysis18_section7/predictions/fraction_ECOM_f0p80_seed46.csv,0.6000000000000002,0.6456563062257955,False,0.851963746223565
0.04278074866310155,0.1751152073732719,analysis18_section7_direct,179,ECOM,187,8,0.8,0.1382488479262673,30,/home/ahmeda/ER_Transformer_Reproducible_RUN/models/analysis18_section7/cross_encoder/ECOM/f_0p80/seed_47,34549,217,864,43187,217,8638,/home/ahmeda/ER_Transformer_Reproducible_RUN/results/analysis18_section7_direct/predictions/direct_ECOM_f0p80_seed47.csv,CrossEncoder.predict,47,/home/ahmeda/ER_Transformer_Reproducible_RUN/results/analysis18_section7/cells/fraction_ECOM_f0p80_seed47.json,/home/ahmeda/ER_Transformer_Reproducible_RUN/results/analysis18_section7/predictions/fraction_ECOM_f0p80_seed47.csv,0.7000000000000002,0.6681877721681662,False,0.8318042813455657
0.037837837837837784,0.17972350230414746,analysis18_section7_direct,178,ECOM,185,7,0.8,0.14746543778801843,32,/home/ahmeda/ER_Transformer_Reproducible_RUN/models/analysis18_section7/cross_encoder/ECOM/f_0p80/seed_48,34552,217,864,43190,217,8638,/home/ahmeda/ER_Transformer_Reproducible_RUN/results/analysis18_section7_direct/predictions/direct_ECOM_f0p80_seed48.csv,CrossEncoder.predict,48,/home/ahmeda/ER_Transformer_Reproducible_RUN/results/analysis18_section7/cells/fraction_ECOM_f0p80_seed48.json,/home/ahmeda/ER_Transformer_Reproducible_RUN/results/analysis18_section7/predictions/fraction_ECOM_f0p80_seed48.csv,0.9000000000000002,0.710949502625004,False,0.8389057750759878
0.03157894736842104,0.15207373271889402,analysis18_section7_direct,184,ECOM,190,6,0.8,0.12442396313364056,27,/home/ahmeda/ER_Transformer_Reproducible_RUN/models/analysis18_section7/cross_encoder/ECOM/f_0p80/seed_49,34552,217,864,43191,217,8639,/home/ahmeda/ER_Transformer_Reproducible_RUN/results/analysis18_section7_direct/predictions/direct_ECOM_f0p80_seed49.csv,CrossEncoder.predict,49,/home/ahmeda/ER_Transformer_Reproducible_RUN/results/analysis18_section7/cells/fraction_ECOM_f0p80_seed49.json,/home/ahmeda/ER_Transformer_Reproducible_RUN/results/analysis18_section7/predictions/fraction_ECOM_f0p80_seed49.csv,0.20000000000000004,0.549833997312478,False,0.8666666666666667
0.03157894736842104,0.15207373271889402,analysis18_section7_direct,184,ECOM,190,6,0.8,0.12442396313364056,27,/home/ahmeda/ER_Transformer_Reproducible_RUN/models/analysis18_section7/cross_encoder/ECOM/f_0p80/seed_50,34550,217,864,43188,217,8638,/home/ahmeda/ER_Transformer_Reproducible_RUN/results/analysis18_section7_direct/predictions/direct_ECOM_f0p80_seed50.csv,CrossEncoder.predict,50,/home/ahmeda/ER_Transformer_Reproducible_RUN/results/analysis18_section7/cells/fraction_ECOM_f0p80_seed50.json,/home/ahmeda/ER_Transformer_Reproducible_RUN/results/analysis18_section7/predictions/fraction_ECOM_f0p80_seed50.csv,0.25000000000000006,0.5621765008857981,False,0.8780487804878049
0.021390374331550777,0.15668202764976957,analysis18_section7_direct,183,ECOM,187,4,0.8,0.1382488479262673,30,/home/ahmeda/ER_Transformer_Reproducible_RUN/models/analysis18_section7/cross_encoder/ECOM/f_0p80/seed_51,34549,217,864,43187,217,8638,/home/ahmeda/ER_Transformer_Reproducible_RUN/results/analysis18_section7_direct/predictions/direct_ECOM_f0p80_seed51.csv,CrossEncoder.predict,51,/home/ahmeda/ER_Transformer_Reproducible_RUN/results/analysis18_section7/cells/fraction_ECOM_f0p80_seed51.json,/home/ahmeda/ER_Transformer_Reproducible_RUN/results/analysis18_section7/predictions/fraction_ECOM_f0p80_seed51.csv,0.1,0.52497918747894,False,0.8664688427299704
0.04166666666666663,0.15596330275229353,analysis18_section7_direct,92,ECOM,96,4,0.9,0.11926605504587157,13,/home/ahmeda/ER_Transformer_Reproducible_RUN/models/analysis18_section7/cross_encoder/ECOM/f_0p90/seed_42,38870,109,972,48588,109,9718,/home/ahmeda/ER_Transformer_Reproducible_RUN/results/analysis18_section7_direct/predictions/direct_ECOM_f0p90_seed42.csv,CrossEncoder.predict,42,/home/ahmeda/ER_Transformer_Reproducible_RUN/results/analysis18_section7/cells/fraction_ECOM_f0p90_seed42.json,/home/ahmeda/ER_Transformer_Reproducible_RUN/results/analysis18_section7/predictions/fraction_ECOM_f0p90_seed42.csv,0.8500000000000002,0.700567142473973,False,0.8958333333333334
0.05319148936170215,0.1834862385321101,analysis18_section7_direct,89,ECOM,94,5,0.9,0.13761467889908258,15,/home/ahmeda/ER_Transformer_Reproducible_RUN/models/analysis18_section7/cross_encoder/ECOM/f_0p90/seed_43,38869,109,972,48587,109,9718,/home/ahmeda/ER_Transformer_Reproducible_RUN/results/analysis18_section7_direct/predictions/direct_ECOM_f0p90_seed43.csv,CrossEncoder.predict,43,/home/ahmeda/ER_Transformer_Reproducible_RUN/results/analysis18_section7/cells/fraction_ECOM_f0p90_seed43.json,/home/ahmeda/ER_Transformer_Reproducible_RUN/results/analysis18_section7/predictions/fraction_ECOM_f0p90_seed43.csv,0.1,0.52497918747894,False,0.890625
0.03448275862068961,0.22935779816513757,analysis18_section7_direct,84,ECOM,87,3,0.9,0.2018348623853211,22,/home/ahmeda/ER_Transformer_Reproducible_RUN/models/analysis18_section7/cross_encoder/ECOM/f_0p90/seed_44,38872,109,972,48590,109,9718,/home/ahmeda/ER_Transformer_Reproducible_RUN/results/analysis18_section7_direct/predictions/direct_ECOM_f0p90_seed44.csv,CrossEncoder.predict,44,/home/ahmeda/ER_Transformer_Reproducible_RUN/results/analysis18_section7/cells/fraction_ECOM_f0p90_seed44.json,/home/ahmeda/ER_Transformer_Reproducible_RUN/results/analysis18_section7/predictions/fraction_ECOM_f0p90_seed44.csv,0.1,0.52497918747894,False,0.893048128342246
0.03191489361702127,0.1651376146788991,analysis18_section7_direct,91,ECOM,94,3,0.9,0.13761467889908258,15,/home/ahmeda/ER_Transformer_Reproducible_RUN/models/analysis18_section7/cross_encoder/ECOM/f_0p90/seed_45,38869,109,972,48587,109,9718,/home/ahmeda/ER_Transformer_Reproducible_RUN/results/analysis18_section7_direct/predictions/direct_ECOM_f0p90_seed45.csv,CrossEncoder.predict,45,/home/ahmeda/ER_Transformer_Reproducible_RUN/results/analysis18_section7/cells/fraction_ECOM_f0p90_seed45.json,/home/ahmeda/ER_Transformer_Reproducible_RUN/results/analysis18_section7/predictions/fraction_ECOM_f0p90_seed45.csv,0.6000000000000002,0.6456563062257955,False,0.8883116883116883
0.010204081632653073,0.11009174311926606,analysis18_section7_direct,97,ECOM,98,1,0.9,0.10091743119266056,11,/home/ahmeda/ER_Transformer_Reproducible_RUN/models/analysis18_section7/cross_encoder/ECOM/f_0p90/seed_46,38871,109,972,48589,109,9718,/home/ahmeda/ER_Transformer_Reproducible_RUN/results/analysis18_section7_direct/predictions/direct_ECOM_f0p90_seed46.csv,CrossEncoder.predict,46,/home/ahmeda/ER_Transformer_Reproducible_RUN/results/analysis18_section7/cells/fraction_ECOM_f0p90_seed46.json,/home/ahmeda/ER_Transformer_Reproducible_RUN/results/analysis18_section7/predictions/fraction_ECOM_f0p90_seed46.csv,0.1,0.52497918747894,False,0.8865435356200527
0.03260869565217395,0.1834862385321101,analysis18_section7_direct,89,ECOM,92,3,0.9,0.1559633027522936,17,/home/ahmeda/ER_Transformer_Reproducible_RUN/models/analysis18_section7/cross_encoder/ECOM/f_0p90/seed_47,38868,109,972,48586,109,9718,/home/ahmeda/ER_Transformer_Reproducible_RUN/results/analysis18_section7_direct/predictions/direct_ECOM_f0p90_seed47.csv,CrossEncoder.predict,47,/home/ahmeda/ER_Transformer_Reproducible_RUN/results/analysis18_section7/cells/fraction_ECOM_f0p90_seed47.json,/home/ahmeda/ER_Transformer_Reproducible_RUN/results/analysis18_section7/predictions/fraction_ECOM_f0p90_seed47.csv,0.40000000000000013,0.5986876601124521,False,0.837465564738292
0.021052631578947323,0.14678899082568808,analysis18_section7_direct,93,ECOM,95,2,0.9,0.12844036697247707,14,/home/ahmeda/ER_Transformer_Reproducible_RUN/models/analysis18_section7/cross_encoder/ECOM/f_0p90/seed_48,38872,109,972,48590,109,9718,/home/ahmeda/ER_Transformer_Reproducible_RUN/results/analysis18_section7_direct/predictions/direct_ECOM_f0p90_seed48.csv,CrossEncoder.predict,48,/home/ahmeda/ER_Transformer_Reproducible_RUN/results/analysis18_section7/cells/fraction_ECOM_f0p90_seed48.json,/home/ahmeda/ER_Transformer_Reproducible_RUN/results/analysis18_section7/predictions/fraction_ECOM_f0p90_seed48.csv,0.1,0.52497918747894,False,0.8677248677248677
0.030303030303030276,0.11926605504587151,analysis18_section7_direct,96,ECOM,99,3,0.9,0.09174311926605505,10,/home/ahmeda/ER_Transformer_Reproducible_RUN/models/analysis18_section7/cross_encoder/ECOM/f_0p90/seed_49,38871,109,972,48589,109,9718,/home/ahmeda/ER_Transformer_Reproducible_RUN/results/analysis18_section7_direct/predictions/direct_ECOM_f0p90_seed49.csv,CrossEncoder.predict,49,/home/ahmeda/ER_Transformer_Reproducible_RUN/results/analysis18_section7/cells/fraction_ECOM_f0p90_seed49.json,/home/ahmeda/ER_Transformer_Reproducible_RUN/results/analysis18_section7/predictions/fraction_ECOM_f0p90_seed49.csv,0.1,0.52497918747894,False,0.868632707774799
0.010101010101010055,0.1009174311926605,analysis18_section7_direct,98,ECOM,99,1,0.9,0.09174311926605505,10,/home/ahmeda/ER_Transformer_Reproducible_RUN/models/analysis18_section7/cross_encoder/ECOM/f_0p90/seed_50,38869,109,972,48587,109,9718,/home/ahmeda/ER_Transformer_Reproducible_RUN/results/analysis18_section7_direct/predictions/direct_ECOM_f0p90_seed50.csv,CrossEncoder.predict,50,/home/ahmeda/ER_Transformer_Reproducible_RUN/results/analysis18_section7/cells/fraction_ECOM_f0p90_seed50.json,/home/ahmeda/ER_Transformer_Reproducible_RUN/results/analysis18_section7/predictions/fraction_ECOM_f0p90_seed50.csv,0.1,0.52497918747894,False,0.9071618037135278
0.02197802197802201,0.1834862385321101,analysis18_section7_direct,89,ECOM,91,2,0.9,0.1651376146788991,18,/home/ahmeda/ER_Transformer_Reproducible_RUN/models/analysis18_section7/cross_encoder/ECOM/f_0p90/seed_51,38869,109,972,48587,109,9718,/home/ahmeda/ER_Transformer_Reproducible_RUN/results/analysis18_section7_direct/predictions/direct_ECOM_f0p90_seed51.csv,CrossEncoder.predict,51,/home/ahmeda/ER_Transformer_Reproducible_RUN/results/analysis18_section7/cells/fraction_ECOM_f0p90_seed51.json,/home/ahmeda/ER_Transformer_Reproducible_RUN/results/analysis18_section7/predictions/fraction_ECOM_f0p90_seed51.csv,0.1,0.52497918747894,False,0.8695652173913043
