record_index,ida,has_true_match,n_valid_matches,ft_lr_top1_idb,ft_lr_top1_score,ft_lr_top2_score,ft_lr_gap,ft_lr_threshold,ft_lr_declared,ft_lr_category,dataset,seed,ce_direct_declared,ce_direct_category,quartile
0,33455,True,1,207464920,0.23122407681005783,0.18198438734335987,0.04923968946669796,0.30000000000000004,False,missing_match,ECOM,44,False,missing_match,Q1
1,14715,True,1,203021705,0.7243997347671213,0.02586935572475138,0.6985303790423699,0.30000000000000004,True,correct,ECOM,44,True,correct,Q3
2,29677,True,1,204884519,0.6995842818351282,0.011886897263717867,0.6876973845714104,0.30000000000000004,True,correct,ECOM,44,True,correct,Q3
3,33026,True,1,204230770,0.5267012385276918,0.05373777565996831,0.4729634628677235,0.30000000000000004,True,correct,ECOM,44,True,correct,Q3
4,34092,True,2,207679756,0.9479514456719381,0.8011208639364403,0.1468305817354978,0.30000000000000004,True,correct,ECOM,44,True,correct,Q1
5,29099,True,1,204222472,0.3252292289188448,0.2388009265808714,0.08642830233797341,0.30000000000000004,True,correct,ECOM,44,False,missing_match,Q1
6,39054,True,1,207390496,0.04623763126906001,0.01673591336291951,0.029501717906140503,0.30000000000000004,False,missing_match,ECOM,44,False,missing_match,Q1
7,27964,True,1,203136103,0.8368430799261017,0.07223089883983451,0.7646121810862673,0.30000000000000004,True,correct,ECOM,44,True,correct,Q4
8,36861,True,1,210442348,0.9160759428952853,0.18419729588533307,0.7318786470099522,0.30000000000000004,True,correct,ECOM,44,True,correct,Q4
9,27789,True,1,204318286,0.47045821631602636,0.17946507105784884,0.29099314525817754,0.30000000000000004,True,false_link,ECOM,44,False,missing_match,Q2
10,37110,True,1,209114551,0.9511615663089553,0.7667364584650247,0.18442510784393062,0.30000000000000004,True,correct,ECOM,44,True,correct,Q2
11,27965,True,1,203136103,0.6048065134094845,0.0769127004174805,0.5278938129920041,0.30000000000000004,True,false_link,ECOM,44,True,false_link,Q3
12,29829,True,1,208715736,0.30873853655532846,0.04071697821275598,0.26802155834257246,0.30000000000000004,True,false_link,ECOM,44,True,false_link,Q2
13,35277,True,1,208085253,0.8209919753934589,0.12449042984230983,0.6965015455511491,0.30000000000000004,True,correct,ECOM,44,True,correct,Q3
14,28433,True,1,203142438,0.8052078364761767,0.026546872929467093,0.7786609635467096,0.30000000000000004,True,correct,ECOM,44,True,correct,Q4
15,36118,True,1,203142471,0.6702100568167145,0.031026555078648654,0.6391835017380658,0.30000000000000004,True,correct,ECOM,44,True,correct,Q3
16,21989,True,1,204274645,0.8925754978496718,0.11031129569369111,0.7822642021559807,0.30000000000000004,True,correct,ECOM,44,True,correct,Q4
17,36168,True,1,208171630,0.9276930229294076,0.8567501891856542,0.07094283374375343,0.30000000000000004,True,correct,ECOM,44,True,correct,Q1
18,32322,True,1,203405815,0.6165877065048426,0.01328889641264949,0.6032988100921931,0.30000000000000004,True,correct,ECOM,44,False,missing_match,Q3
19,28256,True,1,204563763,0.899151583902061,0.17465825829203993,0.724493325610021,0.30000000000000004,True,correct,ECOM,44,True,correct,Q4
20,36722,True,1,209656935,0.8580738225015532,0.020274984888490968,0.8377988376130622,0.30000000000000004,True,correct,ECOM,44,True,correct,Q4
21,16669,True,1,90148258,0.9123410163469355,0.3128374156860708,0.5995036006608647,0.30000000000000004,True,false_link,ECOM,44,True,correct,Q3
22,16668,True,1,90148258,0.9596607058336403,0.21173611399697395,0.7479245918366664,0.30000000000000004,True,correct,ECOM,44,True,correct,Q4
23,35810,True,1,10326220,0.8945240893679435,0.0101340103266148,0.8843900790413287,0.30000000000000004,True,correct,ECOM,44,True,correct,Q4
24,22798,True,1,202143942,0.33975535146003877,0.0060937912892333424,0.33366156017080545,0.30000000000000004,True,correct,ECOM,44,True,correct,Q2
25,32882,True,1,204563949,0.47752819605200514,0.03520173561174556,0.4423264604402596,0.30000000000000004,True,correct,ECOM,44,True,correct,Q2
26,22729,True,1,202473822,0.44863594282745684,0.014476514478463093,0.43415942834899374,0.30000000000000004,True,correct,ECOM,44,True,correct,Q2
27,33562,True,1,207542597,0.915229879202262,0.0777417082583806,0.8374881709438814,0.30000000000000004,True,correct,ECOM,44,True,correct,Q4
28,30203,True,1,208156275,0.4165301483134483,0.01154970900618079,0.4049804393072675,0.30000000000000004,True,correct,ECOM,44,False,missing_match,Q2
29,28137,True,1,204254634,0.8721587358075872,0.10170086657293335,0.7704578692346539,0.30000000000000004,True,correct,ECOM,44,True,correct,Q4
30,27091,True,1,203136113,0.041095262452242785,0.002805000832777014,0.03829026161946577,0.30000000000000004,False,missing_match,ECOM,44,True,correct,Q1
31,30585,True,1,204206934,0.30024792353991003,0.11735495204354576,0.18289297149636427,0.30000000000000004,True,correct,ECOM,44,True,correct,Q2
32,32688,True,1,208033808,0.5929439834694211,0.05899410300565568,0.5339498804637655,0.30000000000000004,True,correct,ECOM,44,False,missing_match,Q3
33,27719,True,1,203379237,0.8793032652875946,0.08537936013749077,0.7939239051501038,0.30000000000000004,True,correct,ECOM,44,True,correct,Q4
34,10102,True,1,90106210,0.845375390757461,0.7593333541253332,0.08604203663212784,0.30000000000000004,True,correct,ECOM,44,True,correct,Q1
35,35663,True,1,207536226,0.9351941143458411,0.8115846210434469,0.12360949330239424,0.30000000000000004,True,correct,ECOM,44,True,correct,Q1
36,34125,True,2,203165921,0.844473565859755,0.8017273114724313,0.04274625438732371,0.30000000000000004,True,correct,ECOM,44,True,correct,Q1
37,17906,True,1,204274644,0.9008961197188577,0.11273411197692075,0.788162007741937,0.30000000000000004,True,correct,ECOM,44,True,correct,Q4
38,36906,True,1,208656495,0.1893299479940102,0.012147510353521036,0.17718243764048916,0.30000000000000004,False,missing_match,ECOM,44,True,correct,Q2
39,13954,True,1,90128649,0.8801019154148142,0.7392078653739184,0.14089405004089584,0.30000000000000004,True,correct,ECOM,44,True,correct,Q1
40,32193,True,1,205809367,0.8698881991845733,0.1517689949815462,0.7181192042030271,0.30000000000000004,True,correct,ECOM,44,True,correct,Q3
41,11801,True,1,210239335,0.1772512953353649,0.06665490855499305,0.11059638678037186,0.30000000000000004,False,missing_match,ECOM,44,True,correct,Q1
42,16000,True,1,208226457,0.8380095497574417,0.15221388056659937,0.6857956691908423,0.30000000000000004,True,correct,ECOM,44,True,correct,Q3
43,10101,True,1,90106210,0.810280069706502,0.7973207421218463,0.012959327584655678,0.30000000000000004,True,false_link,ECOM,44,True,false_link,Q1
44,38873,True,1,210399907,0.4777612089427665,0.01582488523729241,0.4619363237054741,0.30000000000000004,True,correct,ECOM,44,False,missing_match,Q2
45,36388,True,1,208226694,0.8142858904075694,0.027002180452140218,0.7872837099554292,0.30000000000000004,True,correct,ECOM,44,True,correct,Q4
46,20450,True,1,209122921,0.0155582023146127,0.009187895992334253,0.006370306322278448,0.30000000000000004,False,missing_match,ECOM,44,False,missing_match,Q1
47,34883,True,1,207929461,0.4946785314966727,0.1236326119029533,0.37104591959371935,0.30000000000000004,True,false_link,ECOM,44,True,correct,Q2
48,33563,True,1,207388760,0.6482235698907688,0.2680194040305606,0.38020416586020817,0.30000000000000004,True,correct,ECOM,44,True,correct,Q2
49,32664,True,1,208409785,0.29196759632265784,0.20496195360557248,0.08700564271708536,0.30000000000000004,False,missing_match,ECOM,44,False,missing_match,Q1
50,38452,True,1,208226470,0.9492319526026826,0.03330562063360988,0.9159263319690727,0.30000000000000004,True,correct,ECOM,44,True,correct,Q4
51,22727,True,1,202619749,0.12580715185930563,0.06714791943054421,0.05865923242876142,0.30000000000000004,False,missing_match,ECOM,44,True,correct,Q1
52,37686,True,1,208893667,0.6666418395490906,0.06311995345929061,0.6035218860898,0.30000000000000004,True,correct,ECOM,44,True,correct,Q3
53,23658,True,1,203065730,0.43015502235966696,0.012364909576969346,0.4177901127826976,0.30000000000000004,True,correct,ECOM,44,True,correct,Q2
54,36149,True,1,207907550,0.3283873895221833,0.18783311650900392,0.1405542730131794,0.30000000000000004,True,correct,ECOM,44,True,correct,Q1
55,34349,True,1,207660498,0.9720450330764862,0.08697572203416537,0.8850693110423208,0.30000000000000004,True,correct,ECOM,44,True,correct,Q4
56,25902,True,1,202479411,0.6944229423242142,0.04723799422051987,0.6471849481036943,0.30000000000000004,True,correct,ECOM,44,True,correct,Q3
57,24493,True,1,202900030,0.4471884209900881,0.32942840971412907,0.11776001127595903,0.30000000000000004,True,correct,ECOM,44,True,correct,Q1
58,19604,True,1,203025446,0.9078755492244558,0.4399904501176939,0.4678850991067619,0.30000000000000004,True,correct,ECOM,44,True,correct,Q3
59,37468,True,1,209310241,0.7855053915995388,0.07506910970550615,0.7104362818940326,0.30000000000000004,True,correct,ECOM,44,True,correct,Q3
60,38507,True,1,206181767,0.9202703777627576,0.025792714769429105,0.8944776629933284,0.30000000000000004,True,correct,ECOM,44,True,correct,Q4
61,37934,True,1,208710844,0.7922694292089856,0.4162679722370679,0.37600145697191767,0.30000000000000004,True,correct,ECOM,44,True,correct,Q2
62,33922,True,1,207925432,0.7573775224753394,0.4100699222307636,0.3473076002445758,0.30000000000000004,True,correct,ECOM,44,True,correct,Q2
63,31020,True,1,205835447,0.8921133908407848,0.19326671071332266,0.6988466801274621,0.30000000000000004,True,correct,ECOM,44,True,correct,Q3
64,29272,True,1,203900792,0.20866405154996476,0.04861532893898912,0.16004872261097564,0.30000000000000004,False,missing_match,ECOM,44,True,correct,Q1
65,37139,True,1,208893658,0.39347411454843606,0.033047840156614335,0.36042627439182173,0.30000000000000004,True,correct,ECOM,44,True,correct,Q2
66,35231,True,1,204792885,0.08139806687477082,0.0718609114860065,0.009537155388764318,0.30000000000000004,False,missing_match,ECOM,44,False,missing_match,Q1
67,37589,True,1,90146847,0.04473346506681516,0.038885608400095015,0.005847856666720143,0.30000000000000004,False,missing_match,ECOM,44,False,missing_match,Q1
68,24346,True,1,208972043,0.6680569272279899,0.01280730153961536,0.6552496256883745,0.30000000000000004,True,correct,ECOM,44,True,correct,Q3
69,9314,True,1,90138520,0.5961258454659384,0.05736848447679627,0.5387573609891421,0.30000000000000004,True,correct,ECOM,44,True,correct,Q3
70,35332,True,1,208504422,0.7033835650347325,0.19666980490153296,0.5067137601331996,0.30000000000000004,True,correct,ECOM,44,True,correct,Q3
71,23686,True,1,10333848,0.8924633740753323,0.23040029983531946,0.6620630742400129,0.30000000000000004,True,correct,ECOM,44,True,correct,Q3
72,38346,True,1,208167531,0.9326973898482349,0.1727943251377426,0.7599030647104923,0.30000000000000004,True,correct,ECOM,44,True,correct,Q4
73,33273,True,1,206808432,0.6143812506299591,0.10573465624576288,0.5086465943841962,0.30000000000000004,True,correct,ECOM,44,True,correct,Q3
74,36635,True,1,208409750,0.08298870285630154,0.07614983759617942,0.006838865260122118,0.30000000000000004,False,missing_match,ECOM,44,False,missing_match,Q1
75,34553,True,1,204793356,0.9264916904639069,0.05319967027013756,0.8732920201937693,0.30000000000000004,True,correct,ECOM,44,True,correct,Q4
76,552,True,1,90132241,0.7748345315074544,0.12393790016500186,0.6508966313424526,0.30000000000000004,True,correct,ECOM,44,True,correct,Q3
77,32488,True,1,206179525,0.4018672963106002,0.16113894746458413,0.24072834884601607,0.30000000000000004,True,correct,ECOM,44,True,correct,Q2
78,23864,True,1,204636071,0.6614432930202198,0.012501461572687111,0.6489418314475326,0.30000000000000004,True,correct,ECOM,44,False,missing_match,Q3
79,36859,True,1,210399849,0.8426652282865545,0.014181789079908618,0.8284834392066459,0.30000000000000004,True,correct,ECOM,44,True,correct,Q4
80,27810,True,1,204563770,0.7600152839337213,0.5853991933579864,0.1746160905757349,0.30000000000000004,True,correct,ECOM,44,True,correct,Q2
81,33931,True,1,207391017,0.9565847676260202,0.47893706042567497,0.4776477072003452,0.30000000000000004,True,correct,ECOM,44,True,correct,Q3
82,34174,True,1,205817784,0.7521299099474245,0.017349159865116842,0.7347807500823076,0.30000000000000004,True,correct,ECOM,44,True,correct,Q4
83,28304,True,1,203405814,0.7676930218985015,0.008040733508394755,0.7596522883901068,0.30000000000000004,True,correct,ECOM,44,True,correct,Q4
84,20447,True,1,90128026,0.7599552606593223,0.043977031357138124,0.7159782293021841,0.30000000000000004,True,correct,ECOM,44,True,correct,Q3
85,34961,True,1,204792885,0.10638742435704236,0.06459742771293557,0.04178999664410679,0.30000000000000004,False,missing_match,ECOM,44,False,missing_match,Q1
86,580,True,1,202812620,0.2676212590207242,0.012330953357004171,0.25529030566372,0.30000000000000004,False,missing_match,ECOM,44,False,missing_match,Q2
87,35680,True,1,208156276,0.8674009640990343,0.019528541743329166,0.8478724223557051,0.30000000000000004,True,correct,ECOM,44,True,correct,Q4
88,26805,True,1,203900180,0.7860333735639454,0.09702115463013634,0.689012218933809,0.30000000000000004,True,correct,ECOM,44,True,correct,Q3
89,32990,True,1,206928604,0.3031990931671404,0.07680008771647688,0.2263990054506635,0.30000000000000004,True,false_link,ECOM,44,True,false_link,Q2
90,5644,True,1,203023505,0.9051337208350758,0.06563492650852586,0.83949879432655,0.30000000000000004,True,correct,ECOM,44,True,correct,Q4
91,36636,True,1,206783256,0.8173708675014558,0.49661991615090256,0.32075095135055326,0.30000000000000004,True,correct,ECOM,44,True,correct,Q2
92,14070,True,1,203915639,0.014695486952827493,0.008362569237737413,0.00633291771509008,0.30000000000000004,False,missing_match,ECOM,44,False,missing_match,Q1
93,33595,True,1,208294724,0.8266344623528101,0.5897112434432173,0.23692321890959278,0.30000000000000004,True,false_link,ECOM,44,True,false_link,Q2
94,32384,True,1,202989028,0.6452440806637852,0.048829305743286956,0.5964147749204983,0.30000000000000004,True,correct,ECOM,44,True,correct,Q3
95,36027,True,1,203396159,0.8546288636673582,0.33666802515846206,0.5179608385088962,0.30000000000000004,True,correct,ECOM,44,True,correct,Q3
96,33948,True,1,207391018,0.8583875010044775,0.05020183036213345,0.808185670642344,0.30000000000000004,True,correct,ECOM,44,True,correct,Q4
97,34905,True,1,207514568,0.8676772195447174,0.06609455878083223,0.8015826607638852,0.30000000000000004,True,correct,ECOM,44,True,correct,Q4
98,18087,True,1,203150909,0.6322692411219211,0.05364073017810005,0.5786285109438211,0.30000000000000004,True,correct,ECOM,44,True,correct,Q3
99,18567,True,1,208456203,0.6218364636212071,0.18949819170903137,0.4323382719121758,0.30000000000000004,True,correct,ECOM,44,True,correct,Q2
100,32906,True,1,203324965,0.3178282286240212,0.2558372425233715,0.061990986100649736,0.30000000000000004,True,correct,ECOM,44,True,correct,Q1
101,33263,True,1,208105573,0.2684698633566853,0.019030500121025945,0.24943936323565938,0.30000000000000004,False,missing_match,ECOM,44,True,correct,Q2
102,14061,True,1,203025423,0.9388499564043404,0.01654806738274911,0.9223018890215913,0.30000000000000004,True,correct,ECOM,44,True,correct,Q4
103,38781,True,1,207920831,0.38589590726318806,0.011127064826980115,0.37476884243620795,0.30000000000000004,True,correct,ECOM,44,True,correct,Q2
104,38468,True,1,210435432,0.7288047033567057,0.004933487381122156,0.7238712159755835,0.30000000000000004,True,correct,ECOM,44,True,correct,Q4
105,31374,True,1,208455792,0.8948967511906628,0.8786823393615416,0.0162144118291212,0.30000000000000004,True,correct,ECOM,44,True,correct,Q1
106,37145,True,1,208941079,0.656252111264874,0.232207914717776,0.424044196547098,0.30000000000000004,True,false_link,ECOM,44,False,missing_match,Q2
107,34130,True,2,207900174,0.9449997550813024,0.13967014574678752,0.8053296093345149,0.30000000000000004,True,correct,ECOM,44,True,correct,Q4
108,27985,True,1,204740191,0.36795956203738933,0.020369981682314606,0.3475895803550747,0.30000000000000004,True,correct,ECOM,44,True,correct,Q2
109,29304,True,1,206901618,0.0754998694684453,0.03896901899770115,0.03653085047074414,0.30000000000000004,False,missing_match,ECOM,44,True,correct,Q1
110,35990,True,1,204049431,0.42711251804310035,0.018082760651649293,0.4090297573914511,0.30000000000000004,True,correct,ECOM,44,False,missing_match,Q2
111,37322,True,1,209307663,0.8922853746314824,0.04126620735335546,0.8510191672781269,0.30000000000000004,True,correct,ECOM,44,True,correct,Q4
112,35981,True,1,207539418,0.9537647456748195,0.0018693746364420781,0.9518953710383774,0.30000000000000004,True,correct,ECOM,44,True,correct,Q4
113,24386,True,1,203340101,0.5302483306443503,0.2116342252063915,0.31861410543795876,0.30000000000000004,True,correct,ECOM,44,True,correct,Q2
114,33966,True,1,205561996,0.015200342139674082,0.009263034179121065,0.005937307960553017,0.30000000000000004,False,missing_match,ECOM,44,True,correct,Q1
115,35014,True,1,208117937,0.23769680668156878,0.23769680668156878,0.0,0.30000000000000004,False,missing_match,ECOM,44,False,missing_match,Q1
116,37211,True,1,209310260,0.575252983938403,0.05997319060914773,0.5152797933292552,0.30000000000000004,True,correct,ECOM,44,True,correct,Q3
117,37606,True,1,10353206,0.974718333060101,0.7130058423474336,0.26171249071266744,0.30000000000000004,True,correct,ECOM,44,True,correct,Q2
118,29823,True,1,204792884,0.90118458053758,0.42951074628427677,0.4716738342533032,0.30000000000000004,True,correct,ECOM,44,False,missing_match,Q3
119,35987,True,1,207464939,0.45207493840875435,0.027716829772247174,0.4243581086365072,0.30000000000000004,True,correct,ECOM,44,False,missing_match,Q2
120,31284,True,1,204049534,0.369031932078834,0.014132343077769028,0.354899589001065,0.30000000000000004,True,correct,ECOM,44,False,missing_match,Q2
121,33532,True,1,204071217,0.6693969240423604,0.07515453569631986,0.5942423883460406,0.30000000000000004,True,correct,ECOM,44,True,correct,Q3
122,34009,True,1,207595882,0.9683058394638175,0.6848088519877292,0.2834969874760883,0.30000000000000004,True,correct,ECOM,44,True,correct,Q2
123,37808,True,1,204740188,0.7770487720762622,0.44374760024818816,0.33330117182807406,0.30000000000000004,True,correct,ECOM,44,True,correct,Q2
124,6742,True,1,202845629,0.8884949283703673,0.03852747395422878,0.8499674544161385,0.30000000000000004,True,correct,ECOM,44,True,correct,Q4
125,35388,True,1,208294724,0.8188936422416169,0.5365552506279595,0.28233839161365737,0.30000000000000004,True,correct,ECOM,44,True,correct,Q2
126,23325,True,2,202456903,0.8658273378765858,0.019698138704667703,0.8461291991719181,0.30000000000000004,True,correct,ECOM,44,True,correct,Q4
127,38767,True,1,204154429,0.9174258614991752,0.029648345400082425,0.8877775160990927,0.30000000000000004,True,correct,ECOM,44,True,correct,Q4
128,34976,True,1,208504300,0.9224021690509917,0.2978196490816793,0.6245825199693125,0.30000000000000004,True,correct,ECOM,44,True,correct,Q3
129,27391,True,1,204791643,0.8856184010108061,0.07620503668670109,0.809413364324105,0.30000000000000004,True,correct,ECOM,44,True,correct,Q4
130,36022,True,1,208226697,0.07013794919646944,0.048521108948778625,0.021616840247690818,0.30000000000000004,False,missing_match,ECOM,44,True,correct,Q1
131,37803,True,1,207875395,0.9214395085034053,0.8617280138810274,0.0597114946223779,0.30000000000000004,True,correct,ECOM,44,True,correct,Q1
132,23651,True,1,202784323,0.7340006190814349,0.007073877714136184,0.7269267413672987,0.30000000000000004,True,correct,ECOM,44,True,correct,Q4
133,35175,True,1,204792876,0.02206233101830677,0.020238971364871627,0.0018233596534351429,0.30000000000000004,False,missing_match,ECOM,44,False,missing_match,Q1
134,34719,True,1,207543188,0.7255298065383996,0.04219656971875705,0.6833332368196425,0.30000000000000004,True,correct,ECOM,44,True,correct,Q3
135,22100,True,1,201953026,0.1524232371473916,0.062191703839154344,0.09023153330823724,0.30000000000000004,False,missing_match,ECOM,44,True,false_link,Q1
136,27857,True,1,204035273,0.955037961714466,0.21607705140471348,0.7389609103097525,0.30000000000000004,True,correct,ECOM,44,True,correct,Q4
137,28340,True,1,208456185,0.1579988546244802,0.09568336516466254,0.06231548945981767,0.30000000000000004,False,missing_match,ECOM,44,False,missing_match,Q1
138,17872,True,1,90145561,0.6766758704278957,0.547398756544941,0.1292771138829547,0.30000000000000004,True,correct,ECOM,44,True,correct,Q1
139,33569,True,1,207388760,0.5576796676988712,0.41919489828192474,0.13848476941694648,0.30000000000000004,True,false_link,ECOM,44,True,correct,Q1
140,37825,True,1,205505156,0.927526386258141,0.17600991919221426,0.7515164670659267,0.30000000000000004,True,correct,ECOM,44,True,correct,Q4
141,31332,True,1,205761272,0.808085574907308,0.004917485230915587,0.8031680896763924,0.30000000000000004,True,correct,ECOM,44,True,correct,Q4
142,28978,True,1,204519849,0.40193040085292214,0.22069948084405894,0.1812309200088632,0.30000000000000004,True,correct,ECOM,44,True,correct,Q2
143,34899,True,1,207959814,0.739050440930535,0.07562269437226307,0.6634277465582719,0.30000000000000004,True,correct,ECOM,44,True,correct,Q3
144,25950,True,1,202870170,0.7534942513680835,0.04352255955386968,0.7099716918142138,0.30000000000000004,True,correct,ECOM,44,True,correct,Q3
145,27793,True,1,204292472,0.3216259267488962,0.28348772289643226,0.038138203852463914,0.30000000000000004,True,false_link,ECOM,44,True,false_link,Q1
146,31392,True,1,205753566,0.6971793028216461,0.009314527605343723,0.6878647752163024,0.30000000000000004,True,correct,ECOM,44,True,correct,Q3
147,23965,True,1,203322272,0.8470181673948608,0.007811942794364995,0.8392062246004958,0.30000000000000004,True,correct,ECOM,44,True,correct,Q4
148,37749,True,1,210399743,0.7263466974441573,0.09877992067907894,0.6275667767650783,0.30000000000000004,True,correct,ECOM,44,True,correct,Q3
149,32405,True,1,203938179,0.9566301136504466,0.6050085414348957,0.3516215722155509,0.30000000000000004,True,correct,ECOM,44,True,correct,Q2
150,29273,True,1,202070807,0.9577169007922964,0.058187487311131283,0.8995294134811651,0.30000000000000004,True,correct,ECOM,44,True,correct,Q4
151,39039,True,1,210490135,0.7670228190701962,0.0985877034496584,0.6684351156205378,0.30000000000000004,True,correct,ECOM,44,True,correct,Q3
152,38492,True,1,206725966,0.7935595009917958,0.01465734794704418,0.7789021530447516,0.30000000000000004,True,correct,ECOM,44,True,correct,Q4
153,27975,True,1,10360978,0.876890628815786,0.6955889273408286,0.1813017014749575,0.30000000000000004,True,correct,ECOM,44,True,correct,Q2
154,29008,True,1,204792886,0.7830397485362474,0.18992422403070924,0.5931155245055382,0.30000000000000004,True,correct,ECOM,44,False,missing_match,Q3
155,38726,True,1,204080936,0.576643395624834,0.09212996295029138,0.4845134326745426,0.30000000000000004,True,correct,ECOM,44,True,correct,Q3
156,37231,True,1,209114390,0.604903453484754,0.003519558864528875,0.6013838946202251,0.30000000000000004,True,correct,ECOM,44,True,correct,Q3
157,35216,True,1,208294701,0.908929425285745,0.012151272684814425,0.8967781526009306,0.30000000000000004,True,correct,ECOM,44,True,correct,Q4
158,37183,True,1,209656949,0.8199787076816024,0.12773887677368265,0.6922398309079197,0.30000000000000004,True,correct,ECOM,44,True,correct,Q3
159,34454,True,1,207390180,0.5221199031931,0.017221236984998337,0.5048986662081016,0.30000000000000004,True,correct,ECOM,44,True,correct,Q3
160,34666,True,1,207388758,0.7687487938623644,0.6146872625775116,0.15406153128485278,0.30000000000000004,True,false_link,ECOM,44,True,false_link,Q1
161,33439,True,1,207464920,0.9367608097803546,0.8891105704710219,0.047650239309332654,0.30000000000000004,True,correct,ECOM,44,True,correct,Q1
162,35305,True,1,207637793,0.6003262167807032,0.029525218954022988,0.5708009978266803,0.30000000000000004,True,correct,ECOM,44,True,correct,Q3
163,36364,True,1,208226700,0.1451786528519384,0.14350142535815166,0.001677227493786737,0.30000000000000004,False,missing_match,ECOM,44,True,correct,Q1
164,35194,True,1,208504297,0.9355271470291365,0.18114654225656115,0.7543806047725754,0.30000000000000004,True,correct,ECOM,44,True,correct,Q4
165,26137,True,1,204272122,0.7813679518029333,0.0050617639322029185,0.7763061878707304,0.30000000000000004,True,correct,ECOM,44,True,correct,Q4
166,33175,True,1,207542598,0.9123022881226133,0.3008039051560663,0.611498382966547,0.30000000000000004,True,correct,ECOM,44,True,correct,Q3
167,19141,True,1,90145586,0.9346490379289423,0.09091386454132286,0.8437351733876194,0.30000000000000004,True,correct,ECOM,44,True,correct,Q4
168,23246,True,2,90146847,0.8404800351235092,0.6396041211241127,0.20087591399939653,0.30000000000000004,True,correct,ECOM,44,True,correct,Q2
169,24153,True,1,208715855,0.729362009866211,0.02173224126713295,0.7076297685990781,0.30000000000000004,True,correct,ECOM,44,True,correct,Q3
170,32628,True,1,207554111,0.7963910730502122,0.01450522024625449,0.7818858528039577,0.30000000000000004,True,correct,ECOM,44,False,missing_match,Q4
171,31176,True,1,205844279,0.22820278769698624,0.14000441851215573,0.08819836918483051,0.30000000000000004,False,missing_match,ECOM,44,True,correct,Q1
172,36450,True,1,209393872,0.8682681385981588,0.1429709804464717,0.725297158151687,0.30000000000000004,True,correct,ECOM,44,True,correct,Q4
173,28149,True,1,204792886,0.1374746176838947,0.11458642151832857,0.022888196165566144,0.30000000000000004,False,missing_match,ECOM,44,False,missing_match,Q1
174,34361,True,1,207642497,0.28124198645164966,0.03363718647593222,0.24760479997571744,0.30000000000000004,False,missing_match,ECOM,44,True,correct,Q2
175,38944,True,1,201965217,0.9122875909764537,0.03904896901867688,0.8732386219577768,0.30000000000000004,True,correct,ECOM,44,True,correct,Q4
176,38777,True,1,206917816,0.10850880178861867,0.103778103709024,0.00473069807959467,0.30000000000000004,False,missing_match,ECOM,44,False,missing_match,Q1
177,19112,True,1,90148541,0.8390553675024748,0.1814251398247729,0.6576302276777019,0.30000000000000004,True,correct,ECOM,44,True,correct,Q3
178,16877,True,1,202434158,0.9701083740823904,0.062247132294435736,0.9078612417879546,0.30000000000000004,True,correct,ECOM,44,True,correct,Q4
179,37767,True,1,204588748,0.9743170720112515,0.018277593320327794,0.9560394786909238,0.30000000000000004,True,correct,ECOM,44,True,correct,Q4
180,35190,True,1,208117918,0.8946038602824186,0.8185438225840407,0.07606003769837788,0.30000000000000004,True,correct,ECOM,44,True,correct,Q1
181,34496,True,1,207978102,0.9539178455573698,0.05821300093139272,0.8957048446259771,0.30000000000000004,True,correct,ECOM,44,True,correct,Q4
182,34895,True,1,208504345,0.8749589126152177,0.6979869986959504,0.17697191391926737,0.30000000000000004,True,correct,ECOM,44,True,correct,Q2
183,18516,True,1,202045862,0.20914459421116186,0.1761367916854602,0.03300780252570165,0.30000000000000004,False,missing_match,ECOM,44,True,correct,Q1
184,37539,True,1,208670548,0.8867693546081743,0.03178456973920504,0.8549847848689692,0.30000000000000004,True,correct,ECOM,44,True,correct,Q4
185,38400,True,1,209208547,0.9607169023225383,0.02723143449995235,0.9334854678225859,0.30000000000000004,True,correct,ECOM,44,True,correct,Q4
186,32005,True,1,202899998,0.871239498629755,0.017380981361294047,0.853858517268461,0.30000000000000004,True,correct,ECOM,44,True,correct,Q4
187,33472,True,1,205777549,0.8817871838107999,0.7343938462772347,0.1473933375335652,0.30000000000000004,True,correct,ECOM,44,True,correct,Q1
188,27194,True,1,204318283,0.4497785479528851,0.2475903347916204,0.20218821316126467,0.30000000000000004,True,correct,ECOM,44,True,correct,Q2
189,35219,True,1,208504334,0.8418217439193002,0.3467015698947189,0.4951201740245813,0.30000000000000004,True,correct,ECOM,44,True,correct,Q3
190,32874,True,1,202870172,0.7278335954653263,0.4559149929451503,0.271918602520176,0.30000000000000004,True,false_link,ECOM,44,True,correct,Q2
191,30957,True,1,202046565,0.9881578264537602,0.36839852886347435,0.6197592975902858,0.30000000000000004,True,correct,ECOM,44,True,correct,Q3
192,36812,True,1,210399819,0.5277630062521376,0.009043437879443674,0.5187195683726938,0.30000000000000004,True,correct,ECOM,44,True,correct,Q3
193,38511,True,1,210460676,0.9479283920037482,0.4037034226567305,0.5442249693470178,0.30000000000000004,True,correct,ECOM,44,True,correct,Q3
194,38796,True,1,209310279,0.9374339466084813,0.00896137961489336,0.9284725669935879,0.30000000000000004,True,correct,ECOM,44,True,correct,Q4
195,34298,True,1,207543193,0.47694703881930584,0.3254868874587551,0.15146015136055074,0.30000000000000004,True,correct,ECOM,44,False,missing_match,Q1
196,36931,True,1,208370418,0.8427983023153744,0.16400853201972898,0.6787897702956455,0.30000000000000004,True,correct,ECOM,44,True,correct,Q3
197,38455,True,1,202104453,0.9491214346453923,0.2794183412900698,0.6697030933553225,0.30000000000000004,True,correct,ECOM,44,True,correct,Q3
198,34947,True,1,208114686,0.29337324164472073,0.2090541944508041,0.08431904719391664,0.30000000000000004,False,missing_match,ECOM,44,False,missing_match,Q1
199,33522,True,2,207654106,0.3286452250682695,0.2964909884579161,0.03215423661035338,0.30000000000000004,True,correct,ECOM,44,True,correct,Q1
200,32546,True,1,202003159,0.9646312474979805,0.022198488763915874,0.9424327587340646,0.30000000000000004,True,correct,ECOM,44,True,correct,Q4
201,35024,True,1,208156878,0.017092395240070085,0.017092395240070085,0.0,0.30000000000000004,False,missing_match,ECOM,44,False,missing_match,Q1
202,34476,True,1,206888012,0.03602136065633525,0.009420232057853313,0.02660112859848194,0.30000000000000004,False,missing_match,ECOM,44,True,correct,Q1
203,16394,True,1,203111424,0.7737865801273095,0.031401044495638755,0.7423855356316708,0.30000000000000004,True,correct,ECOM,44,True,correct,Q4
204,33537,True,1,206898358,0.8175324725630952,0.09775081946349261,0.7197816530996026,0.30000000000000004,True,correct,ECOM,44,True,correct,Q4
205,33998,True,1,208112354,0.8896897651623626,0.8192496747249883,0.07044009043737431,0.30000000000000004,True,correct,ECOM,44,True,correct,Q1
206,30453,True,1,207390309,0.4265808193295571,0.0083607409481578,0.4182200783813993,0.30000000000000004,True,correct,ECOM,44,True,correct,Q2
207,37354,True,1,207390184,0.3352752960809321,0.022549920468452306,0.3127253756124798,0.30000000000000004,True,correct,ECOM,44,False,missing_match,Q2
208,37859,True,1,210399745,0.5961618188895448,0.23831577103169385,0.3578460478578509,0.30000000000000004,True,correct,ECOM,44,True,correct,Q2
209,35111,True,1,201701865,0.01210259495692236,0.009254952709984826,0.002847642246937534,0.30000000000000004,False,missing_match,ECOM,44,True,correct,Q1
210,25797,True,1,204416098,0.05823054155186295,0.05229210350678049,0.005938438045082456,0.30000000000000004,False,missing_match,ECOM,44,False,missing_match,Q1
211,35415,True,1,206827757,0.9078037016551219,0.3781897916999895,0.5296139099551325,0.30000000000000004,True,correct,ECOM,44,True,correct,Q3
212,32228,True,1,203136113,0.12057934424745996,0.043053737699593725,0.07752560654786624,0.30000000000000004,False,missing_match,ECOM,44,False,missing_match,Q1
213,22212,True,1,90131741,0.882829952391831,0.06074173019283448,0.8220882221989966,0.30000000000000004,True,correct,ECOM,44,True,correct,Q4
214,29392,True,1,204295637,0.9341966967572568,0.04217686201267767,0.8920198347445791,0.30000000000000004,True,correct,ECOM,44,True,correct,Q4
215,38278,True,1,206725964,0.8365721562014949,0.10106355004965098,0.735508606151844,0.30000000000000004,True,correct,ECOM,44,True,correct,Q4
216,35851,True,1,206462228,0.9543678057365361,0.010981008391322544,0.9433867973452136,0.30000000000000004,True,correct,ECOM,44,True,correct,Q4
217,33765,True,1,208455897,0.6804038605115545,0.5313159550619242,0.14908790544963035,0.30000000000000004,True,correct,ECOM,44,True,false_link,Q1
218,38173,True,1,210441817,0.5153308495422887,0.05171600745682462,0.46361484208546405,0.30000000000000004,True,correct,ECOM,44,True,correct,Q3
219,34095,True,1,207653548,0.956150037280074,0.08291962341330947,0.8732304138667645,0.30000000000000004,True,correct,ECOM,44,True,correct,Q4
220,33160,True,1,207390655,0.8148980478168392,0.11454726304230647,0.7003507847745327,0.30000000000000004,True,correct,ECOM,44,True,correct,Q3
221,35044,True,1,208504370,0.9788324058623938,0.5289195190923766,0.4499128867700173,0.30000000000000004,True,correct,ECOM,44,True,correct,Q2
222,19631,True,1,202812646,0.04887529069925815,0.008236746168355114,0.04063854453090304,0.30000000000000004,False,missing_match,ECOM,44,False,missing_match,Q1
223,34091,True,1,207686156,0.9489316725401038,0.13620873782995277,0.812722934710151,0.30000000000000004,True,correct,ECOM,44,True,correct,Q4
224,33971,True,1,207391020,0.22884431254049192,0.004464990597776914,0.224379321942715,0.30000000000000004,False,missing_match,ECOM,44,True,correct,Q2
225,34392,True,1,206362747,0.18749321365764177,0.11182036319098206,0.07567285046665971,0.30000000000000004,False,missing_match,ECOM,44,True,correct,Q1
226,38831,True,1,201854347,0.02518659809840374,0.021499129329859614,0.003687468768544127,0.30000000000000004,False,missing_match,ECOM,44,False,missing_match,Q1
227,36029,True,1,202785722,0.9762271480799577,0.0877428459794723,0.8884843021004853,0.30000000000000004,True,correct,ECOM,44,True,correct,Q4
228,27407,True,1,203930685,0.3809922939206522,0.003107939368937351,0.3778843545517149,0.30000000000000004,True,correct,ECOM,44,True,correct,Q2
229,35035,True,1,208156878,0.06279878423957296,0.06279878423957296,0.0,0.30000000000000004,False,missing_match,ECOM,44,True,false_link,Q1
230,34659,True,1,208504191,0.2120082034240285,0.09471728140187438,0.11729092202215413,0.30000000000000004,False,missing_match,ECOM,44,True,correct,Q1
231,34370,True,1,207390706,0.8845868176378878,0.1855038892601377,0.6990829283777501,0.30000000000000004,True,correct,ECOM,44,True,correct,Q3
232,33758,True,1,207910212,0.9583791742050572,0.927504958579041,0.03087421562601622,0.30000000000000004,True,correct,ECOM,44,True,correct,Q1
233,35052,True,1,207897840,0.9711782235861373,0.00638782832626512,0.9647903952598721,0.30000000000000004,True,correct,ECOM,44,True,correct,Q4
234,32560,True,1,207540310,0.5430117881477301,0.35862617870358376,0.18438560944414634,0.30000000000000004,True,correct,ECOM,44,True,correct,Q2
235,28980,True,1,204559211,0.9351382644247407,0.2022691951567382,0.7328690692680024,0.30000000000000004,True,correct,ECOM,44,True,correct,Q4
236,22558,True,1,10412590,0.9013669086811438,0.045152836299748506,0.8562140723813952,0.30000000000000004,True,correct,ECOM,44,True,correct,Q4
237,28982,True,1,204559208,0.9189814859640747,0.5621305391485409,0.35685094681553375,0.30000000000000004,True,correct,ECOM,44,True,correct,Q2
238,27853,True,1,202985798,0.9098166637112524,0.024935976416322905,0.8848806872949294,0.30000000000000004,True,correct,ECOM,44,True,correct,Q4
239,33669,True,1,206917814,0.3647930132750096,0.20903575917982875,0.15575725409518087,0.30000000000000004,True,false_link,ECOM,44,True,false_link,Q1
240,20459,True,1,201953025,0.06025893594253158,0.04641725073749497,0.013841685205036612,0.30000000000000004,False,missing_match,ECOM,44,True,correct,Q1
241,34393,True,1,206362748,0.3935070921915787,0.19490304177543785,0.19860405041614085,0.30000000000000004,True,correct,ECOM,44,True,correct,Q2
242,37198,True,1,209656957,0.9153447229801754,0.05399717775470303,0.8613475452254724,0.30000000000000004,True,correct,ECOM,44,True,correct,Q4
243,38208,True,1,207527632,0.8419631328672628,0.07868745136760946,0.7632756814996533,0.30000000000000004,True,correct,ECOM,44,True,correct,Q4
244,34256,True,1,206888011,0.2390266046466793,0.05075613620568864,0.18827046844099066,0.30000000000000004,False,missing_match,ECOM,44,True,correct,Q2
245,36169,True,2,90145444,0.12375329397455127,0.10015041548876573,0.023602878485785544,0.30000000000000004,False,missing_match,ECOM,44,False,missing_match,Q1
246,29338,True,1,202143947,0.8815983419522488,0.09718375783829145,0.7844145841139574,0.30000000000000004,True,correct,ECOM,44,True,correct,Q4
247,37039,True,1,208504461,0.7351328730467603,0.020633846461820836,0.7144990265849395,0.30000000000000004,True,correct,ECOM,44,True,correct,Q3
248,38231,True,1,201744288,0.9319137296922667,0.05109021045309428,0.8808235192391725,0.30000000000000004,True,correct,ECOM,44,True,correct,Q4
249,33478,True,1,208154550,0.9439541236657597,0.8242032200121696,0.11975090365359009,0.30000000000000004,True,correct,ECOM,44,True,correct,Q1
250,25990,True,1,203915639,0.7401720991440891,0.07054702388126591,0.6696250752628232,0.30000000000000004,True,correct,ECOM,44,True,correct,Q3
251,19204,True,1,207653535,0.583299287468577,0.4826955174038328,0.10060377006474414,0.30000000000000004,True,false_link,ECOM,44,True,correct,Q1
252,25905,True,1,202479418,0.31942209128376337,0.028112525494763993,0.29130956578899936,0.30000000000000004,True,correct,ECOM,44,True,correct,Q2
253,39088,True,1,205074757,0.8617948196242552,0.027328010134325797,0.8344668094899294,0.30000000000000004,True,correct,ECOM,44,True,correct,Q4
254,36123,True,1,208504432,0.7817901069231444,0.14652338680378882,0.6352667201193556,0.30000000000000004,True,correct,ECOM,44,True,correct,Q3
255,36270,True,1,208742932,0.8493514065889608,0.05844904670143747,0.7909023598875233,0.30000000000000004,True,correct,ECOM,44,True,correct,Q4
256,18564,True,1,208456203,0.4573160237453255,0.2818181024012275,0.17549792134409797,0.30000000000000004,True,false_link,ECOM,44,True,false_link,Q2
257,36001,True,1,208504423,0.7061627438522488,0.20137326312213497,0.5047894807301138,0.30000000000000004,True,correct,ECOM,44,True,correct,Q3
258,26563,True,1,202125720,0.30930100870516847,0.04186978228327142,0.26743122642189704,0.30000000000000004,True,correct,ECOM,44,True,correct,Q2
259,25814,True,1,202973396,0.491923728166517,0.46216364517331315,0.029760082993203874,0.30000000000000004,True,correct,ECOM,44,True,correct,Q1
260,38473,True,1,10333846,0.9498968526174884,0.2129301772212294,0.7369666753962589,0.30000000000000004,True,correct,ECOM,44,True,correct,Q4
261,27840,True,1,203379249,0.30889914515616884,0.12038302216831565,0.1885161229878532,0.30000000000000004,True,correct,ECOM,44,False,missing_match,Q2
262,38295,True,1,210258472,0.9423724457335684,0.0925825216970966,0.8497899240364718,0.30000000000000004,True,correct,ECOM,44,True,correct,Q4
263,32744,True,1,204832843,0.9229407479265177,0.3986114109571716,0.524329336969346,0.30000000000000004,True,correct,ECOM,44,True,correct,Q3
264,35525,True,1,207543201,0.673750635537292,0.22870506623033487,0.4450455693069571,0.30000000000000004,True,correct,ECOM,44,True,correct,Q2
265,32033,True,1,204465488,0.9536418996643239,0.27135617815597846,0.6822857215083454,0.30000000000000004,True,correct,ECOM,44,True,correct,Q3
266,33999,True,1,208112358,0.6859464446616373,0.23007757136345947,0.4558688732981779,0.30000000000000004,True,correct,ECOM,44,True,correct,Q2
267,36909,True,1,208656497,0.19287419463156696,0.040932659210471734,0.15194153542109523,0.30000000000000004,False,missing_match,ECOM,44,False,missing_match,Q1
268,36052,True,1,90142591,0.7995067076408781,0.011951104828537394,0.7875556028123407,0.30000000000000004,True,correct,ECOM,44,True,correct,Q4
269,17479,True,1,90145972,0.8654248609998648,0.2933982883496764,0.5720265726501884,0.30000000000000004,True,correct,ECOM,44,True,correct,Q3
270,26929,True,1,203651765,0.7606426408604693,0.05726774074309799,0.7033749001173712,0.30000000000000004,True,correct,ECOM,44,True,correct,Q3
271,34854,True,1,209297157,0.8678138858271133,0.06763496128187306,0.8001789245452402,0.30000000000000004,True,correct,ECOM,44,True,correct,Q4
272,34727,True,1,207666379,0.9357859090253805,0.22275381166482788,0.7130320973605526,0.30000000000000004,True,correct,ECOM,44,True,correct,Q3
273,28148,True,1,204792886,0.1755651468456045,0.1393197848156626,0.03624536202994191,0.30000000000000004,False,missing_match,ECOM,44,False,missing_match,Q1
274,34301,True,1,206615080,0.9687058947871586,0.8870946532998871,0.0816112414872715,0.30000000000000004,True,correct,ECOM,44,True,correct,Q1
275,38735,True,1,203329570,0.8644785962682214,0.4388030185889835,0.4256755776792379,0.30000000000000004,True,correct,ECOM,44,True,correct,Q2
276,34379,True,1,208112355,0.8030040865280194,0.6346564038574755,0.1683476826705439,0.30000000000000004,True,correct,ECOM,44,True,correct,Q2
277,29238,True,1,204206937,0.33661688989315086,0.09674893975933718,0.23986795013381368,0.30000000000000004,True,correct,ECOM,44,True,correct,Q2
278,26059,True,1,203870569,0.674853474906956,0.4513891796482889,0.22346429525866712,0.30000000000000004,True,correct,ECOM,44,True,correct,Q2
279,37045,True,1,208791919,0.6637207272240833,0.3279839311888266,0.33573679603525663,0.30000000000000004,True,correct,ECOM,44,True,correct,Q2
280,38920,True,1,206870284,0.9519149626555519,0.6950007518127483,0.2569142108428035,0.30000000000000004,True,correct,ECOM,44,True,correct,Q2
281,34754,True,1,207543196,0.6982292312173791,0.4062245151846511,0.29200471603272804,0.30000000000000004,True,false_link,ECOM,44,True,correct,Q2
282,38587,True,1,201692677,0.18632706719248188,0.1408300462821036,0.04549702091037827,0.30000000000000004,False,missing_match,ECOM,44,True,correct,Q1
283,38474,True,1,10343605,0.8328517780074115,0.007992684142218761,0.8248590938651927,0.30000000000000004,True,correct,ECOM,44,True,correct,Q4
284,18040,True,1,203151779,0.06650309440246882,0.02286103840190568,0.043642056000563145,0.30000000000000004,False,missing_match,ECOM,44,False,missing_match,Q1
285,32653,True,1,205888207,0.9545584247172226,0.0463292624300802,0.9082291622871425,0.30000000000000004,True,correct,ECOM,44,True,correct,Q4
286,35308,True,1,208270234,0.6328547548496495,0.02940083160969367,0.6034539232399558,0.30000000000000004,True,correct,ECOM,44,True,correct,Q3
287,16741,True,1,201959840,0.9387483006060248,0.18084168936619044,0.7579066112398343,0.30000000000000004,True,correct,ECOM,44,True,correct,Q4
288,37120,True,1,209114551,0.8581358517185855,0.43290610575851973,0.4252297459600658,0.30000000000000004,True,correct,ECOM,44,True,correct,Q2
289,16758,True,1,90137168,0.2549085065858683,0.0023627400057705415,0.25254576658009775,0.30000000000000004,False,missing_match,ECOM,44,False,missing_match,Q2
290,25167,True,1,203324800,0.8561132688033657,0.03660239148574392,0.8195108773176217,0.30000000000000004,True,correct,ECOM,44,True,correct,Q4
291,34031,True,1,207910213,0.8937327966647532,0.056770024795530824,0.8369627718692224,0.30000000000000004,True,correct,ECOM,44,True,correct,Q4
292,33278,True,1,206808441,0.3559085334948237,0.3463072196085615,0.00960131388626223,0.30000000000000004,True,correct,ECOM,44,True,correct,Q1
293,34894,True,1,208504340,0.8294256296097711,0.7338226558139724,0.09560297379579863,0.30000000000000004,True,correct,ECOM,44,True,correct,Q1
294,34266,True,1,207900180,0.826861756494279,0.07231142921130272,0.7545503272829762,0.30000000000000004,True,correct,ECOM,44,True,correct,Q4
295,37650,True,1,209122924,0.7920706350756018,0.20822285116421843,0.5838477839113834,0.30000000000000004,True,correct,ECOM,44,False,missing_match,Q3
296,20453,True,1,201953021,0.2829895615741663,0.04838178625926913,0.23460777531489718,0.30000000000000004,False,missing_match,ECOM,44,True,correct,Q2
297,31373,True,1,208455791,0.8786946577420357,0.8702707181016728,0.00842393964036292,0.30000000000000004,True,correct,ECOM,44,True,correct,Q1
298,33972,True,1,204556588,0.5745388695608945,0.018554331739679596,0.5559845378212149,0.30000000000000004,True,correct,ECOM,44,False,missing_match,Q3
299,14563,True,1,205106045,0.20559508891700568,0.11947594691758627,0.0861191419994194,0.30000000000000004,False,missing_match,ECOM,44,True,correct,Q1
300,36084,True,1,205664938,0.6312663047894074,0.27684065639348876,0.3544256483959186,0.30000000000000004,True,correct,ECOM,44,True,correct,Q2
301,38640,True,1,209890560,0.7616549969590409,0.015133031369956243,0.7465219655890847,0.30000000000000004,True,correct,ECOM,44,True,correct,Q4
302,34153,True,1,207465587,0.943647282401352,0.4887475615012102,0.4548997209001418,0.30000000000000004,True,correct,ECOM,44,True,correct,Q2
303,33601,True,1,204071217,0.36684790583592175,0.11498480254632502,0.2518631032895967,0.30000000000000004,True,false_link,ECOM,44,True,correct,Q2
304,38323,True,1,205664966,0.5334576653409592,0.49853731553533254,0.03492034980562664,0.30000000000000004,True,false_link,ECOM,44,True,correct,Q1
305,38939,True,1,204823067,0.4350428828104615,0.026277226264705814,0.4087656565457557,0.30000000000000004,True,correct,ECOM,44,True,correct,Q2
306,26861,True,1,203388612,0.9121539606230009,0.2994882375473802,0.6126657230756207,0.30000000000000004,True,correct,ECOM,44,True,correct,Q3
307,33496,True,1,206928384,0.8933053405533026,0.856955057731194,0.036350282822108615,0.30000000000000004,True,correct,ECOM,44,True,correct,Q1
308,38522,True,1,210267015,0.7133757640478149,0.03614237633378673,0.6772333877140282,0.30000000000000004,True,correct,ECOM,44,True,correct,Q3
309,34151,True,1,206854516,0.842818912657231,0.26125600940423827,0.5815629032529928,0.30000000000000004,True,correct,ECOM,44,True,correct,Q3
310,38475,True,1,10140760,0.773867150346285,0.020340371983427617,0.7535267783628573,0.30000000000000004,True,correct,ECOM,44,True,correct,Q4
311,37421,True,1,209896693,0.5885827927570981,0.005656845048569183,0.5829259477085289,0.30000000000000004,True,correct,ECOM,44,True,correct,Q3
312,39176,True,1,10380060,0.05111418857877309,0.01849759907973577,0.03261658949903732,0.30000000000000004,False,missing_match,ECOM,44,False,missing_match,Q1
313,37254,True,1,209199789,0.6359497660763831,0.1440258824858413,0.4919238835905418,0.30000000000000004,True,correct,ECOM,44,True,correct,Q3
314,29950,True,1,204559209,0.8459179945266496,0.7358142715938494,0.11010372293280024,0.30000000000000004,True,false_link,ECOM,44,True,correct,Q1
315,34150,True,1,207514563,0.7039684830003119,0.1633594988138,0.5406089841865119,0.30000000000000004,True,correct,ECOM,44,True,correct,Q3
316,29880,True,1,206728281,0.35776737689307253,0.004572429148654242,0.3531949477444183,0.30000000000000004,True,correct,ECOM,44,True,correct,Q2
317,35019,True,1,208156878,0.026021983425741146,0.026021983425741146,0.0,0.30000000000000004,False,missing_match,ECOM,44,False,missing_match,Q1
318,34724,True,1,207666382,0.964050698144545,0.6313633014908315,0.3326873966537135,0.30000000000000004,True,correct,ECOM,44,True,correct,Q2
319,38142,True,1,206928388,0.898996672605321,0.13131595694070505,0.7676807156646159,0.30000000000000004,True,correct,ECOM,44,True,correct,Q4
320,38106,True,1,202026554,0.963785727611258,0.30938524140402446,0.6544004862072336,0.30000000000000004,True,correct,ECOM,44,True,correct,Q3
321,36243,True,1,206678505,0.8852245899104035,0.18739259090719065,0.6978319990032129,0.30000000000000004,True,correct,ECOM,44,True,correct,Q3
322,28175,True,1,204318286,0.7589697253505667,0.2674266641497598,0.49154306120080693,0.30000000000000004,True,correct,ECOM,44,True,correct,Q3
323,30962,True,1,205599985,0.7933662958581221,0.2312772486557548,0.5620890472023673,0.30000000000000004,True,correct,ECOM,44,True,false_link,Q3
324,35186,True,1,208117919,0.895259006915024,0.8828124301086672,0.012446576806356857,0.30000000000000004,True,correct,ECOM,44,True,correct,Q1
325,38345,True,1,208890628,0.9262522472902079,0.21240075802520922,0.7138514892649988,0.30000000000000004,True,correct,ECOM,44,True,correct,Q3
326,36993,True,1,206928378,0.6808961899065124,0.08554436684615112,0.5953518230603613,0.30000000000000004,True,correct,ECOM,44,True,correct,Q3
327,34848,True,1,208117930,0.07098070869426086,0.07098070869426086,0.0,0.30000000000000004,False,missing_match,ECOM,44,False,missing_match,Q1
328,34119,True,1,207514567,0.9122641236284204,0.11879359792079097,0.7934705257076293,0.30000000000000004,True,correct,ECOM,44,True,correct,Q4
329,33271,True,1,206808431,0.9223394489283263,0.8357086493963162,0.08663079953201014,0.30000000000000004,True,correct,ECOM,44,True,correct,Q1
330,34363,True,1,206892902,0.4179218125282223,0.007168101231158545,0.4107537112970638,0.30000000000000004,True,correct,ECOM,44,True,correct,Q2
331,34263,True,1,207897315,0.7736406686143104,0.5444153400418118,0.22922532857249855,0.30000000000000004,True,correct,ECOM,44,True,correct,Q2
332,37856,True,1,210252385,0.5113119437469918,0.0764568977203187,0.43485504602667313,0.30000000000000004,True,correct,ECOM,44,True,correct,Q2
333,37477,True,1,209634135,0.757962567640581,0.5834750083021853,0.17448755933839566,0.30000000000000004,True,correct,ECOM,44,True,correct,Q2
334,15046,True,1,209297200,0.8850663517022622,0.03051841851725851,0.8545479331850037,0.30000000000000004,True,correct,ECOM,44,True,correct,Q4
335,38096,True,1,207391434,0.9690823452306009,0.027747399683486124,0.9413349455471147,0.30000000000000004,True,correct,ECOM,44,True,correct,Q4
336,38619,True,1,202985806,0.9165047820124218,0.16350612541825027,0.7529986565941715,0.30000000000000004,True,correct,ECOM,44,True,correct,Q4
337,37474,True,1,209310245,0.8618128037230796,0.7970889309295247,0.06472387279355485,0.30000000000000004,True,correct,ECOM,44,True,correct,Q1
338,38388,True,1,210399777,0.7993533363294996,0.016642903984915875,0.7827104323445837,0.30000000000000004,True,correct,ECOM,44,True,correct,Q4
339,34860,True,1,208114664,0.05842497931195728,0.05520904050344209,0.003215938808515194,0.30000000000000004,False,missing_match,ECOM,44,False,missing_match,Q1
340,32431,True,1,202827677,0.6232379300783631,0.06856242682655986,0.5546755032518033,0.30000000000000004,True,correct,ECOM,44,False,missing_match,Q3
341,33272,True,1,209273200,0.5416977553643858,0.2026522547163346,0.33904550064805117,0.30000000000000004,True,correct,ECOM,44,True,correct,Q2
342,35623,True,1,207514417,0.7591970777881273,0.026255858800881857,0.7329412189872454,0.30000000000000004,True,correct,ECOM,44,True,correct,Q4
343,33476,True,1,208504178,0.9336876417508964,0.7500770512008237,0.18361059055007267,0.30000000000000004,True,correct,ECOM,44,True,correct,Q2
344,17596,True,1,90139261,0.800093352297488,0.20806959294804142,0.5920237593494466,0.30000000000000004,True,correct,ECOM,44,True,correct,Q3
345,6493,True,1,203017999,0.9248763396611254,0.03054946605043956,0.8943268736106859,0.30000000000000004,True,correct,ECOM,44,True,correct,Q4
346,30159,True,1,208033486,0.9061988775424605,0.7559694879358458,0.1502293896066147,0.30000000000000004,True,correct,ECOM,44,True,correct,Q1
347,37405,True,1,208973561,0.10362516877719638,0.03109894765336162,0.07252622112383476,0.30000000000000004,False,missing_match,ECOM,44,False,missing_match,Q1
348,34609,True,1,207543190,0.6516874048942185,0.3381208573797654,0.3135665475144531,0.30000000000000004,True,correct,ECOM,44,True,correct,Q2
349,35022,True,1,208156878,0.028607626865338114,0.028607626865338114,0.0,0.30000000000000004,False,missing_match,ECOM,44,False,missing_match,Q1
350,36458,True,1,208237795,0.24892830742767333,0.13241615282862837,0.11651215459904496,0.30000000000000004,False,missing_match,ECOM,44,True,correct,Q1
351,22306,True,1,202291459,0.9219899932913906,0.13320313529012423,0.7887868580012665,0.30000000000000004,True,correct,ECOM,44,True,correct,Q4
352,24921,True,1,203340806,0.2635693967607345,0.05033432733670305,0.21323506942403142,0.30000000000000004,False,missing_match,ECOM,44,True,correct,Q2
353,17417,True,1,90120953,0.15338214871794698,0.02843255206105156,0.12494959665689542,0.30000000000000004,False,missing_match,ECOM,44,True,correct,Q1
354,38399,True,1,210479062,0.4308148022698492,0.03228305415726061,0.39853174811258857,0.30000000000000004,True,correct,ECOM,44,True,correct,Q2
355,20534,True,1,203022202,0.39167474685165216,0.006556218304638136,0.385118528547014,0.30000000000000004,True,correct,ECOM,44,True,correct,Q2
356,38003,True,1,210404123,0.9201990020197204,0.15731270818114454,0.7628862938385759,0.30000000000000004,True,correct,ECOM,44,True,correct,Q4
357,38483,True,1,204407682,0.9052513975174762,0.7179820979997281,0.18726929951774807,0.30000000000000004,True,false_link,ECOM,44,True,correct,Q2
358,33643,True,1,206928605,0.3473130972875339,0.049114321863122576,0.2981987754244113,0.30000000000000004,True,correct,ECOM,44,True,correct,Q2
359,36789,True,1,208154853,0.00395771295966492,0.003036843230440268,0.000920869729224652,0.30000000000000004,False,missing_match,ECOM,44,False,missing_match,Q1
360,34928,True,1,208117930,0.15281660180364354,0.15281660180364354,0.0,0.30000000000000004,False,missing_match,ECOM,44,False,missing_match,Q1
361,33464,True,1,210245837,0.8157576750034452,0.011610296533476679,0.8041473784699685,0.30000000000000004,True,correct,ECOM,44,True,correct,Q4
362,35282,True,1,207937987,0.6912994441946146,0.027093718286480977,0.6642057259081336,0.30000000000000004,True,correct,ECOM,44,True,correct,Q3
363,32986,True,1,206179521,0.8654052350764513,0.1855876358234058,0.6798175992530455,0.30000000000000004,True,correct,ECOM,44,True,correct,Q3
364,34156,True,1,203952966,0.9387540287632233,0.9064365488665563,0.032317479896667,0.30000000000000004,True,false_link,ECOM,44,True,correct,Q1
365,21175,True,1,10412788,0.9149000996003123,0.44036998508374947,0.4745301145165628,0.30000000000000004,True,correct,ECOM,44,True,correct,Q3
366,23097,True,2,202635701,0.8823140946834209,0.4548861951059526,0.42742789957746835,0.30000000000000004,True,correct,ECOM,44,True,correct,Q2
367,37308,True,1,209901965,0.6166502546349629,0.32661081853465346,0.29003943610030947,0.30000000000000004,True,correct,ECOM,44,True,correct,Q2
368,35903,True,1,205769439,0.8801789088767867,0.4167582920142475,0.4634206168625392,0.30000000000000004,True,correct,ECOM,44,True,correct,Q3
369,33044,True,1,203514305,0.5291832736909557,0.03919226072356889,0.48999101296738684,0.30000000000000004,True,correct,ECOM,44,True,correct,Q3
370,35034,True,1,208504369,0.9785496670044239,0.5755367992923768,0.40301286771204714,0.30000000000000004,True,correct,ECOM,44,True,correct,Q2
371,32889,True,1,208085178,0.5513494868234005,0.17680163677937322,0.37454785004402724,0.30000000000000004,True,correct,ECOM,44,True,correct,Q2
372,38108,True,1,208893661,0.11686165314665709,0.02078732231737099,0.0960743308292861,0.30000000000000004,False,missing_match,ECOM,44,True,correct,Q1
373,38693,True,1,208710842,0.7236856948353468,0.3321178833087993,0.3915678115265475,0.30000000000000004,True,correct,ECOM,44,True,correct,Q2
374,36127,True,1,210402579,0.9351497002043294,0.019133210803746303,0.9160164894005831,0.30000000000000004,True,correct,ECOM,44,True,correct,Q4
375,26350,True,1,202537952,0.9656049143297389,0.7851689886450928,0.18043592568464617,0.30000000000000004,True,correct,ECOM,44,True,correct,Q2
376,34286,True,1,207945552,0.6828886878748927,0.01987844555027357,0.6630102423246191,0.30000000000000004,True,correct,ECOM,44,True,correct,Q3
377,36796,True,1,208154853,0.009240273093331648,0.004093674399266247,0.005146598694065401,0.30000000000000004,False,missing_match,ECOM,44,False,missing_match,Q1
378,34624,True,1,207934191,0.8182313343726587,0.3281226129223622,0.4901087214502965,0.30000000000000004,True,correct,ECOM,44,True,correct,Q3
379,32315,True,1,205083968,0.9125150218192375,0.6967565525360585,0.215758469283179,0.30000000000000004,True,correct,ECOM,44,True,correct,Q2
380,33645,True,1,206928607,0.6655649377074474,0.07064879804870856,0.5949161396587388,0.30000000000000004,True,correct,ECOM,44,True,correct,Q3
381,32059,True,1,205131849,0.0835219552390299,0.010130754795907552,0.07339120044312235,0.30000000000000004,False,missing_match,ECOM,44,True,correct,Q1
382,35237,True,1,207686035,0.18476006613588944,0.05987089729860018,0.12488916883728926,0.30000000000000004,False,missing_match,ECOM,44,True,correct,Q1
383,36451,True,1,208237792,0.08985240529332295,0.06509103276046838,0.02476137253285457,0.30000000000000004,False,missing_match,ECOM,44,True,correct,Q1
384,35183,True,1,208117918,0.8590818167284109,0.8344838700237298,0.024597946704681073,0.30000000000000004,True,false_link,ECOM,44,True,false_link,Q1
385,29007,True,1,204792885,0.8954558926337711,0.5810846056909044,0.31437128694286676,0.30000000000000004,True,correct,ECOM,44,True,correct,Q2
386,38644,True,1,208344063,0.13193177606268236,0.001779337447556605,0.13015243861512577,0.30000000000000004,False,missing_match,ECOM,44,True,correct,Q1
387,36746,True,1,208930717,0.45935760141216603,0.18812044895814575,0.27123715245402025,0.30000000000000004,True,correct,ECOM,44,True,correct,Q2
388,36061,True,1,208791922,0.8635950448062705,0.08188931294960275,0.7817057318566677,0.30000000000000004,True,correct,ECOM,44,True,correct,Q4
389,26615,True,1,206780877,0.08034155521555113,0.04262210771623,0.03771944749932113,0.30000000000000004,False,missing_match,ECOM,44,False,missing_match,Q1
390,28225,True,1,205592439,0.328607873730697,0.15714763498493925,0.17146023874575775,0.30000000000000004,True,correct,ECOM,44,True,correct,Q2
391,28350,True,1,204206935,0.09743242878787034,0.05828917848120425,0.03914325030666609,0.30000000000000004,False,missing_match,ECOM,44,True,correct,Q1
392,38098,True,1,209026630,0.8075370357030157,0.009585911843742887,0.7979511238592728,0.30000000000000004,True,correct,ECOM,44,True,correct,Q4
393,37360,True,1,202784323,0.6870253022924677,0.006485676797495846,0.6805396254949718,0.30000000000000004,True,correct,ECOM,44,True,correct,Q3
394,33591,True,1,207388754,0.6559315519617399,0.11101913932752835,0.5449124126342115,0.30000000000000004,True,correct,ECOM,44,True,correct,Q3
395,37196,True,1,209656956,0.9258203192171987,0.07715097949827213,0.8486693397189266,0.30000000000000004,True,correct,ECOM,44,True,correct,Q4
396,38826,True,1,208294970,0.6321245835462911,0.13880582362435775,0.4933187599219333,0.30000000000000004,True,correct,ECOM,44,False,missing_match,Q3
397,29825,True,1,205985716,0.31535077031978087,0.26886829571574433,0.04648247460403654,0.30000000000000004,True,false_link,ECOM,44,False,missing_match,Q1
398,38466,True,1,206576716,0.9456503659780069,0.18693297609456402,0.7587173898834428,0.30000000000000004,True,correct,ECOM,44,True,correct,Q4
399,39179,True,1,10365096,0.9237190785959289,0.27739248364545477,0.6463265949504742,0.30000000000000004,True,correct,ECOM,44,True,correct,Q3
400,13580,True,1,90125772,0.9072641801032129,0.39511636572089137,0.5121478143823215,0.30000000000000004,True,correct,ECOM,44,True,correct,Q3
401,37623,True,1,208809705,0.8055655966658943,0.7854920886909504,0.020073507974943894,0.30000000000000004,True,correct,ECOM,44,True,correct,Q1
402,32563,True,1,206615085,0.9731358742741388,0.9109979656848095,0.06213790858932933,0.30000000000000004,True,correct,ECOM,44,True,correct,Q1
403,34904,True,1,208294927,0.8108881618091361,0.7536857955160348,0.05720236629310138,0.30000000000000004,True,correct,ECOM,44,True,correct,Q1
404,35800,True,1,208504190,0.5975566773614082,0.002490421000081638,0.5950662563613265,0.30000000000000004,True,correct,ECOM,44,True,correct,Q3
405,35872,True,1,207937885,0.21381304110019203,0.05450908456517881,0.15930395653501322,0.30000000000000004,False,missing_match,ECOM,44,False,missing_match,Q1
406,37078,True,1,210399915,0.9153867300047428,0.08458603935557361,0.8308006906491692,0.30000000000000004,True,correct,ECOM,44,True,correct,Q4
407,27137,True,1,204049780,0.6205578374358823,0.12749010581180603,0.4930677316240763,0.30000000000000004,True,correct,ECOM,44,True,correct,Q3
408,16309,True,1,203022472,0.9234151559935146,0.01012942575646045,0.9132857302370542,0.30000000000000004,True,correct,ECOM,44,True,correct,Q4
409,34963,True,1,204792885,0.1047410782133502,0.08120964967966876,0.02353142853368144,0.30000000000000004,False,missing_match,ECOM,44,False,missing_match,Q1
410,36197,True,1,207925440,0.6580561995963701,0.018986477741714296,0.6390697218546558,0.30000000000000004,True,correct,ECOM,44,True,correct,Q3
411,25788,True,1,203396327,0.9550818557642087,0.1335669574210694,0.8215148983431393,0.30000000000000004,True,correct,ECOM,44,True,correct,Q4
412,19358,True,1,90144996,0.4653922290919858,0.09377239648541727,0.3716198326065685,0.30000000000000004,True,correct,ECOM,44,True,false_link,Q2
413,33936,True,1,207391019,0.8000233425250585,0.08214567794960362,0.7178776645754549,0.30000000000000004,True,correct,ECOM,44,True,correct,Q3
414,38001,True,1,209871973,0.940549572980058,0.042776939421598104,0.8977726335584599,0.30000000000000004,True,correct,ECOM,44,True,correct,Q4
415,26082,True,1,204274660,0.8116722041290745,0.11786309891775297,0.6938091052113216,0.30000000000000004,True,correct,ECOM,44,True,correct,Q3
416,25113,True,1,207910387,0.6505025875648363,0.271561387186717,0.37894120037811924,0.30000000000000004,True,correct,ECOM,44,True,correct,Q2
417,36264,True,1,209000383,0.5081681150307509,0.08550855406987216,0.4226595609608787,0.30000000000000004,True,correct,ECOM,44,True,correct,Q2
418,34135,True,1,207900170,0.9103745496875095,0.16507409091429165,0.7453004587732179,0.30000000000000004,True,correct,ECOM,44,True,correct,Q4
419,38813,True,1,209301534,0.6009039691137353,0.08053401557052155,0.5203699535432138,0.30000000000000004,True,correct,ECOM,44,True,correct,Q3
420,29816,True,1,208455891,0.6576378685665264,0.07450226985156805,0.5831355987149583,0.30000000000000004,True,correct,ECOM,44,True,correct,Q3
421,23837,True,1,202635467,0.7150701049037425,0.01708069666444614,0.6979894082392963,0.30000000000000004,True,correct,ECOM,44,True,correct,Q3
422,34831,True,1,207682339,0.11896171820537513,0.015919088658209065,0.10304262954716606,0.30000000000000004,False,missing_match,ECOM,44,True,correct,Q1
423,35018,True,1,207900343,0.7490163135916692,0.5163857903975061,0.2326305231941631,0.30000000000000004,True,correct,ECOM,44,True,correct,Q2
424,6726,True,1,203111433,0.9591642666016165,0.008393638839561861,0.9507706277620546,0.30000000000000004,True,correct,ECOM,44,True,correct,Q4
425,33723,True,1,206356234,0.8969845397213717,0.04219970350553266,0.854784836215839,0.30000000000000004,True,correct,ECOM,44,True,correct,Q4
426,37558,True,1,205690063,0.7473788386262149,0.18323856125477536,0.5641402773714396,0.30000000000000004,True,correct,ECOM,44,True,correct,Q3
427,34960,True,1,208455896,0.7537064931910843,0.10684733915276126,0.6468591540383231,0.30000000000000004,True,correct,ECOM,44,True,correct,Q3
428,31830,True,1,205557539,0.8911167475817166,0.05703965599131804,0.8340770915903986,0.30000000000000004,True,correct,ECOM,44,True,correct,Q4
429,22242,True,1,203198950,0.4850501462616078,0.024870869613800636,0.46017927664780717,0.30000000000000004,True,correct,ECOM,44,True,correct,Q2
430,33670,True,1,206917814,0.6898292594194911,0.06861399479327147,0.6212152646262197,0.30000000000000004,True,correct,ECOM,44,True,correct,Q3
431,33536,True,1,206898357,0.7718726594553907,0.033213710697155806,0.7386589487582349,0.30000000000000004,True,correct,ECOM,44,True,correct,Q4
432,28205,True,1,204419878,0.8407168749455,0.4612188890879777,0.37949798585752226,0.30000000000000004,True,correct,ECOM,44,True,correct,Q2
433,23635,True,1,202900002,0.06104648125470493,0.008586494587029626,0.052459986667675304,0.30000000000000004,False,missing_match,ECOM,44,False,missing_match,Q1
434,35031,True,1,208156878,0.0725375488296552,0.0725375488296552,0.0,0.30000000000000004,False,missing_match,ECOM,44,False,missing_match,Q1
435,35045,True,1,207986331,0.7612709468418235,0.1911409182724588,0.5701300285693647,0.30000000000000004,True,correct,ECOM,44,True,correct,Q3
436,30951,True,1,205599985,0.3916783345812491,0.2566859354046529,0.13499239917659622,0.30000000000000004,True,false_link,ECOM,44,True,correct,Q1
437,37796,True,1,210239335,0.9197851751451854,0.4797673481992083,0.44001782694597713,0.30000000000000004,True,correct,ECOM,44,True,correct,Q2
438,26346,True,1,202537952,0.8990366694381122,0.8806129420125548,0.018423727425557423,0.30000000000000004,True,false_link,ECOM,44,True,correct,Q1
439,37807,True,1,207682397,0.9569957203013628,0.5548305618392197,0.40216515846214307,0.30000000000000004,True,correct,ECOM,44,True,correct,Q2
440,37052,True,1,208941075,0.6119392298589753,0.4354305796432395,0.1765086502157358,0.30000000000000004,True,false_link,ECOM,44,True,correct,Q2
441,36142,True,1,207907548,0.43366333556792247,0.0542496333336688,0.3794137022342537,0.30000000000000004,True,correct,ECOM,44,False,missing_match,Q2
442,37192,True,1,209656955,0.9126615267529692,0.07459732879867549,0.8380641979542937,0.30000000000000004,True,correct,ECOM,44,True,correct,Q4
443,34937,True,1,208114682,0.20316485922237537,0.0505765339115337,0.15258832531084165,0.30000000000000004,False,missing_match,ECOM,44,False,missing_match,Q1
444,16774,True,1,90139860,0.1516815585433916,0.0177370157390105,0.13394454280438112,0.30000000000000004,False,missing_match,ECOM,44,False,missing_match,Q1
445,34708,True,1,208186248,0.26333216457553366,0.035173724808022756,0.2281584397675109,0.30000000000000004,False,missing_match,ECOM,44,False,missing_match,Q2
446,34723,True,1,207666380,0.949111756820502,0.5001736156119021,0.4489381412085999,0.30000000000000004,True,correct,ECOM,44,True,correct,Q2
447,29231,True,1,204206936,0.1819554123928592,0.02562987936514627,0.15632553302771293,0.30000000000000004,False,missing_match,ECOM,44,True,correct,Q1
448,32893,True,1,208085182,0.8367940800115333,0.25820340803802355,0.5785906719735098,0.30000000000000004,True,correct,ECOM,44,True,correct,Q3
449,33924,True,1,208111904,0.7970982578021538,0.28898740434845527,0.5081108534536986,0.30000000000000004,True,correct,ECOM,44,True,correct,Q3
450,21875,True,1,201700823,0.4478543695011343,0.05866171149986456,0.38919265800126973,0.30000000000000004,True,correct,ECOM,44,True,correct,Q2
451,36295,True,1,90128026,0.7387208548142329,0.0633841620579298,0.6753366927563031,0.30000000000000004,True,correct,ECOM,44,True,correct,Q3
452,32877,True,1,204297424,0.24027320509304978,0.03898689851896631,0.20128630657408347,0.30000000000000004,False,missing_match,ECOM,44,True,correct,Q2
453,36988,True,1,209253739,0.6230188016769252,0.0747102535121285,0.5483085481647968,0.30000000000000004,True,correct,ECOM,44,True,correct,Q3
454,38451,True,1,205817166,0.6878123369618188,0.35054355515241065,0.3372687818094081,0.30000000000000004,True,correct,ECOM,44,True,correct,Q2
455,36021,True,1,208226693,0.16821740184980996,0.09429856898717721,0.07391883286263275,0.30000000000000004,False,missing_match,ECOM,44,True,correct,Q1
456,36515,True,1,209687172,0.9511602285018347,0.005561830684656409,0.9455983978171782,0.30000000000000004,True,correct,ECOM,44,True,correct,Q4
457,35201,True,1,208504318,0.9394751527710914,0.17191672846739417,0.7675584243036973,0.30000000000000004,True,correct,ECOM,44,True,correct,Q4
458,37287,True,1,208937533,0.689766683075201,0.02491812963028876,0.6648485534449122,0.30000000000000004,True,correct,ECOM,44,True,correct,Q3
459,35552,True,1,206928359,0.48070605979574477,0.24916455871237578,0.231541501083369,0.30000000000000004,True,correct,ECOM,44,True,correct,Q2
460,19676,True,1,90145560,0.6080304881847338,0.11363482415489772,0.4943956640298361,0.30000000000000004,True,correct,ECOM,44,True,correct,Q3
461,34824,True,1,207390710,0.861129634864301,0.7123269199227487,0.1488027149415524,0.30000000000000004,True,correct,ECOM,44,True,correct,Q1
462,35054,True,1,202784218,0.8678533740966896,0.0031886804732407506,0.8646646936234489,0.30000000000000004,True,correct,ECOM,44,True,correct,Q4
463,33955,True,1,207391023,0.7336932395167588,0.026980694523853165,0.7067125449929056,0.30000000000000004,True,correct,ECOM,44,True,correct,Q3
464,34638,True,1,209934621,0.6510569464073673,0.5776252104648584,0.07343173594250896,0.30000000000000004,True,correct,ECOM,44,True,correct,Q1
465,33510,True,1,205516750,0.0918860049362631,0.00502158440081773,0.08686442053544537,0.30000000000000004,False,missing_match,ECOM,44,False,missing_match,Q1
466,28971,True,1,204679144,0.876919916019671,0.03818570755247779,0.8387342084671933,0.30000000000000004,True,correct,ECOM,44,True,correct,Q4
467,27501,True,1,203928709,0.9368526412012861,0.23662760793852564,0.7002250332627604,0.30000000000000004,True,correct,ECOM,44,True,correct,Q3
468,30206,True,1,204222662,0.2565185851715954,0.01780649157845335,0.23871209359314208,0.30000000000000004,False,missing_match,ECOM,44,False,missing_match,Q2
469,20458,True,1,201953021,0.588334101961931,0.023888157704965864,0.5644459442569651,0.30000000000000004,True,correct,ECOM,44,True,correct,Q3
470,33581,True,1,207388759,0.7149167010187588,0.369570934916536,0.34534576610222284,0.30000000000000004,True,correct,ECOM,44,True,correct,Q2
471,33326,True,1,207390641,0.7720816164969956,0.011975573384856383,0.7601060431121393,0.30000000000000004,True,correct,ECOM,44,True,correct,Q4
472,37142,True,1,209194241,0.522409368094389,0.23401574040678966,0.28839362768759935,0.30000000000000004,True,correct,ECOM,44,True,correct,Q2
473,25291,True,1,203308084,0.8881009346912068,0.2382757519940383,0.6498251826971685,0.30000000000000004,True,correct,ECOM,44,True,correct,Q3
474,21554,True,1,206460121,0.8879513620194669,0.04481187204282494,0.843139489976642,0.30000000000000004,True,correct,ECOM,44,True,correct,Q4
475,26241,True,1,208456199,0.8338612633736826,0.1379183887443401,0.6959428746293426,0.30000000000000004,True,correct,ECOM,44,True,correct,Q3
476,34751,True,1,207543189,0.6125081133276847,0.1924680769160462,0.42004003641163856,0.30000000000000004,True,correct,ECOM,44,True,correct,Q2
477,31273,True,1,203086857,0.929949317645881,0.1198945912145467,0.8100547264313342,0.30000000000000004,True,correct,ECOM,44,True,correct,Q4
478,32112,True,1,206356230,0.922871080998859,0.4881938067846529,0.43467727421420604,0.30000000000000004,True,correct,ECOM,44,True,correct,Q2
479,36446,True,1,208226698,0.6939726450495882,0.10959199731539308,0.5843806477341952,0.30000000000000004,True,correct,ECOM,44,True,correct,Q3
480,34897,True,1,208504421,0.8912857255506595,0.7157109232531369,0.17557480229752265,0.30000000000000004,True,correct,ECOM,44,True,correct,Q2
481,34076,True,1,207959750,0.793633814309125,0.2468020140250221,0.5468318002841029,0.30000000000000004,True,correct,ECOM,44,True,correct,Q3
482,32358,True,1,208295050,0.8691040828827494,0.679929274264075,0.18917480861867442,0.30000000000000004,True,correct,ECOM,44,True,correct,Q2
483,16112,True,1,202900041,0.8548354804259346,0.08322514964543862,0.771610330780496,0.30000000000000004,True,correct,ECOM,44,True,correct,Q4
484,34165,True,1,206928452,0.4425100106369851,0.003415339644002795,0.43909467099298227,0.30000000000000004,True,correct,ECOM,44,True,correct,Q2
485,18960,True,1,202067544,0.5177900037588665,0.04010691486609681,0.4776830888927697,0.30000000000000004,True,correct,ECOM,44,True,correct,Q3
486,33150,True,1,208105630,0.7927509532102477,0.28080628311206923,0.5119446700981785,0.30000000000000004,True,correct,ECOM,44,True,correct,Q3
487,34158,True,1,206895864,0.6155160314289235,0.044762584928875235,0.5707534465000483,0.30000000000000004,True,correct,ECOM,44,True,correct,Q3
488,33662,True,1,205521002,0.9111508410813532,0.02247824724187805,0.8886725938394752,0.30000000000000004,True,correct,ECOM,44,True,correct,Q4
489,37648,True,1,209122921,0.5909904247077561,0.08103823538510244,0.5099521893226536,0.30000000000000004,True,correct,ECOM,44,False,missing_match,Q3
490,30808,True,1,204345240,0.44204870966171683,0.02831752213778595,0.4137311875239309,0.30000000000000004,True,correct,ECOM,44,True,correct,Q2
491,25413,True,1,90049795,0.8954065382225326,0.13869333278563753,0.756713205436895,0.30000000000000004,True,correct,ECOM,44,True,correct,Q4
492,37469,True,1,209310248,0.5372958804703586,0.2523126364277717,0.2849832440425869,0.30000000000000004,True,correct,ECOM,44,True,correct,Q2
493,29032,True,1,205145879,0.8533881032982737,0.014178226340094273,0.8392098769581795,0.30000000000000004,True,correct,ECOM,44,True,correct,Q4
494,37646,True,1,209122918,0.5777002600565664,0.1498975283089267,0.4278027317476397,0.30000000000000004,True,correct,ECOM,44,False,missing_match,Q2
495,34126,True,1,203166120,0.7955659702420219,0.7093132598482222,0.08625271039379967,0.30000000000000004,True,correct,ECOM,44,True,correct,Q1
496,36172,True,1,207907535,0.17366693922939203,0.01152480847219584,0.1621421307571962,0.30000000000000004,False,missing_match,ECOM,44,False,missing_match,Q1
497,25111,True,1,203017912,0.8388344272855761,0.5234324431215939,0.31540198416398224,0.30000000000000004,True,correct,ECOM,44,True,correct,Q2
498,31881,True,1,203514371,0.9334967206250594,0.4511690490418772,0.4823276715831822,0.30000000000000004,True,correct,ECOM,44,True,correct,Q3
499,33566,True,1,207388752,0.7606678326888392,0.6433806158787356,0.11728721681010357,0.30000000000000004,True,correct,ECOM,44,True,correct,Q1
500,38704,True,1,209114575,0.9265767796827459,0.004712182626996158,0.9218645970557497,0.30000000000000004,True,correct,ECOM,44,True,correct,Q4
501,36456,True,1,208226692,0.08821526635693881,0.026956424124850744,0.061258842232088065,0.30000000000000004,False,missing_match,ECOM,44,True,correct,Q1
502,31970,True,1,206419131,0.8080018648465179,0.4142226270459266,0.3937792378005913,0.30000000000000004,True,correct,ECOM,44,True,correct,Q2
503,36471,True,1,209208661,0.901216240933355,0.09100184576653426,0.8102143951668207,0.30000000000000004,True,correct,ECOM,44,True,correct,Q4
504,32876,True,1,203870569,0.29212216373068534,0.28632572006592244,0.005796443664762896,0.30000000000000004,False,missing_match,ECOM,44,True,false_link,Q1
505,38486,True,1,205865187,0.9769900019174659,0.26078662767416205,0.7162033742433038,0.30000000000000004,True,correct,ECOM,44,True,correct,Q3
506,36969,True,1,203474227,0.06516049402560413,0.008170788582606836,0.05698970544299729,0.30000000000000004,False,missing_match,ECOM,44,False,missing_match,Q1
507,21267,True,1,203087865,0.0725121163578127,0.013462072886509488,0.05905004347130321,0.30000000000000004,False,missing_match,ECOM,44,False,missing_match,Q1
508,34056,True,1,209634135,0.31732859790214263,0.20696789589469822,0.11036070200744441,0.30000000000000004,True,false_link,ECOM,44,True,correct,Q1
509,33690,True,1,207391431,0.9641349664260739,0.10037492151099067,0.8637600449150832,0.30000000000000004,True,correct,ECOM,44,True,correct,Q4
510,25829,True,1,202827684,0.7857970893819607,0.1755099862329436,0.6102871031490171,0.30000000000000004,True,correct,ECOM,44,True,correct,Q3
511,33467,True,1,207542599,0.7951620151216205,0.34071120314064635,0.4544508119809742,0.30000000000000004,True,correct,ECOM,44,True,correct,Q2
512,32875,True,1,202870172,0.49543461958362267,0.19552976316801435,0.2999048564156083,0.30000000000000004,True,false_link,ECOM,44,True,false_link,Q2
513,33443,True,1,207390652,0.7895729931896592,0.055782372497061444,0.7337906206925978,0.30000000000000004,True,correct,ECOM,44,True,correct,Q4
514,32579,True,1,10388980,0.9005428066893038,0.022519356436941404,0.8780234502523624,0.30000000000000004,True,correct,ECOM,44,True,correct,Q4
515,36077,True,1,207900176,0.9625277170968177,0.11889974361632985,0.8436279734804879,0.30000000000000004,True,correct,ECOM,44,True,correct,Q4
516,35662,True,1,207535170,0.9329393722219022,0.727527749576185,0.2054116226457171,0.30000000000000004,True,correct,ECOM,44,True,correct,Q2
517,33630,True,1,207659194,0.952795467366494,0.2570300829309726,0.6957653844355214,0.30000000000000004,True,correct,ECOM,44,True,correct,Q3
518,27103,True,1,202985803,0.7050732220864394,0.27287812911463,0.4321950929718094,0.30000000000000004,True,correct,ECOM,44,True,correct,Q2
519,22101,True,1,201692665,0.2122843717165072,0.02410766242415128,0.18817670929235591,0.30000000000000004,False,missing_match,ECOM,44,True,correct,Q2
520,34004,True,1,207652055,0.8351047682700742,0.5430863824917287,0.2920183857783455,0.30000000000000004,True,correct,ECOM,44,True,correct,Q2
521,32027,True,1,210461432,0.7357233944068337,0.009739050300186427,0.7259843441066473,0.30000000000000004,True,correct,ECOM,44,True,correct,Q4
522,34559,True,1,207907555,0.02733967857489097,0.021557286601679024,0.005782391973211946,0.30000000000000004,False,missing_match,ECOM,44,True,correct,Q1
523,34969,True,1,208294720,0.8158174890428065,0.4298989007574221,0.3859185882853844,0.30000000000000004,True,correct,ECOM,44,True,correct,Q2
524,27771,True,1,202592070,0.43714621007771987,0.022183379947078054,0.41496283013064184,0.30000000000000004,True,correct,ECOM,44,True,correct,Q2
525,32512,True,1,205466519,0.7420049848920525,0.33864284255563276,0.4033621423364197,0.30000000000000004,True,correct,ECOM,44,True,correct,Q2
526,36957,True,1,207390709,0.9232268724718082,0.9028789739182033,0.02034789855360497,0.30000000000000004,True,correct,ECOM,44,True,correct,Q1
527,34309,True,1,208455893,0.7618894047765654,0.014129140163084372,0.747760264613481,0.30000000000000004,True,correct,ECOM,44,True,correct,Q4
528,17187,True,1,202041204,0.619143306622229,0.12353071497893581,0.49561259164329324,0.30000000000000004,True,correct,ECOM,44,True,correct,Q3
529,31924,True,1,206356232,0.9427416988244436,0.3990129832494693,0.5437287155749743,0.30000000000000004,True,correct,ECOM,44,True,correct,Q3
530,36361,True,1,208226695,0.3033115651348402,0.28836333278234516,0.014948232352495039,0.30000000000000004,True,false_link,ECOM,44,True,correct,Q1
531,37202,True,1,209656959,0.8770517516153106,0.051404599502473704,0.8256471521128369,0.30000000000000004,True,correct,ECOM,44,True,correct,Q4
532,34127,True,1,203165922,0.8046755901764506,0.784699442398373,0.019976147778077658,0.30000000000000004,True,correct,ECOM,44,True,correct,Q1
533,36811,True,1,208930714,0.6384043292372652,0.13190649361391843,0.5064978356233467,0.30000000000000004,True,correct,ECOM,44,True,correct,Q3
534,23537,True,1,203069939,0.9228148428504959,0.013103449222867049,0.9097113936276288,0.30000000000000004,True,correct,ECOM,44,True,correct,Q4
535,17653,True,1,206928607,0.009783901739438536,0.006042608093516143,0.0037412936459223925,0.30000000000000004,False,missing_match,ECOM,44,False,missing_match,Q1
536,38500,True,1,208787116,0.17515655572242414,0.008751438212866398,0.16640511750955775,0.30000000000000004,False,missing_match,ECOM,44,False,missing_match,Q1
537,37907,True,1,210227260,0.8265886110421581,0.05249256729559709,0.7740960437465609,0.30000000000000004,True,correct,ECOM,44,True,correct,Q4
538,29866,True,1,209297205,0.17469078239879868,0.10384429971992219,0.07084648267887649,0.30000000000000004,False,missing_match,ECOM,44,False,missing_match,Q1
539,38751,True,1,204389692,0.5973891238975487,0.011155148729252117,0.5862339751682966,0.30000000000000004,True,correct,ECOM,44,True,correct,Q3
540,36308,True,1,209000385,0.6216878901513903,0.004993103294916638,0.6166947868564736,0.30000000000000004,True,correct,ECOM,44,True,correct,Q3
