record_index,ida,has_true_match,n_valid_matches,ft_lr_top1_idb,ft_lr_top1_score,ft_lr_top2_score,ft_lr_gap,ft_lr_threshold,ft_lr_declared,ft_lr_category,dataset,seed
0,35680,True,1,208156276,0.8940704818215646,0.01766746304513382,0.8764030187764308,0.3500000000000001,True,correct,ECOM,43
1,33601,True,1,204071217,0.31363976268611704,0.17431610510646406,0.13932365757965298,0.3500000000000001,False,missing_match,ECOM,43
2,25990,True,1,203915639,0.7700530963084133,0.0669306279898973,0.703122468318516,0.3500000000000001,True,correct,ECOM,43
3,33150,True,1,208105630,0.8306511245005621,0.2692846558821959,0.5613664686183661,0.3500000000000001,True,correct,ECOM,43
4,33476,True,1,208504178,0.9062210945396172,0.7619539326975744,0.1442671618420428,0.3500000000000001,True,correct,ECOM,43
5,38876,True,1,210634625,0.6307275445535768,0.28348336125016627,0.34724418330341056,0.3500000000000001,True,correct,ECOM,43
6,33586,True,1,207338890,0.9356523722023473,0.5114600427243133,0.424192329478034,0.3500000000000001,True,correct,ECOM,43
7,36207,True,1,10363070,0.22536242300413023,0.006291917097413919,0.2190705059067163,0.3500000000000001,False,missing_match,ECOM,43
8,38475,True,1,10140760,0.7999057554548372,0.01677667937645371,0.7831290760783836,0.3500000000000001,True,correct,ECOM,43
9,24386,True,1,203340101,0.6873062346450217,0.058759687356375954,0.6285465472886458,0.3500000000000001,True,correct,ECOM,43
10,13580,True,1,90125772,0.9113305817943136,0.5392237352403776,0.372106846553936,0.3500000000000001,True,correct,ECOM,43
11,35019,True,1,208117925,0.05308957461544661,0.03342990248032698,0.019659672135119634,0.3500000000000001,False,missing_match,ECOM,43
12,31830,True,1,205557539,0.9505251815363464,0.06335880019385136,0.887166381342495,0.3500000000000001,True,correct,ECOM,43
13,32876,True,1,203870569,0.21962692510001106,0.1313126497636734,0.08831427533633765,0.3500000000000001,False,missing_match,ECOM,43
14,26241,True,1,208456199,0.7883986987652978,0.1489526460431293,0.6394460527221685,0.3500000000000001,True,correct,ECOM,43
15,36812,True,1,210399819,0.6239930040047847,0.025542359262079924,0.5984506447427048,0.3500000000000001,True,correct,ECOM,43
16,14070,True,1,207542599,0.024326074690980578,0.018346121019853768,0.00597995367112681,0.3500000000000001,False,missing_match,ECOM,43
17,19358,True,1,90144996,0.5080001591435878,0.2594012748800449,0.24859888426354287,0.3500000000000001,True,correct,ECOM,43
18,29493,True,1,204549804,0.9202946761626485,0.13995458146755646,0.780340094695092,0.3500000000000001,True,correct,ECOM,43
19,37811,True,1,209245960,0.9651979587985269,0.3189796297488686,0.6462183290496583,0.3500000000000001,True,correct,ECOM,43
20,27719,True,1,203379237,0.8745271206360602,0.060931527651803104,0.8135955929842571,0.3500000000000001,True,correct,ECOM,43
21,33209,True,1,208653765,0.9418369452454181,0.2474983958126583,0.6943385494327597,0.3500000000000001,True,correct,ECOM,43
22,32493,True,1,203324970,0.8813416762214276,0.20494208151471563,0.676399594706712,0.3500000000000001,True,correct,ECOM,43
23,27589,True,1,204264643,0.6930717353595253,0.08561520992515433,0.6074565254343709,0.3500000000000001,True,correct,ECOM,43
24,38451,True,1,205817166,0.8341114732110491,0.3712329084630299,0.46287856474801914,0.3500000000000001,True,correct,ECOM,43
25,29099,True,1,204222472,0.2746374520121842,0.11998244734919902,0.15465500466298518,0.3500000000000001,False,missing_match,ECOM,43
26,38511,True,1,210460676,0.9440092231531676,0.4742257301571338,0.4697834929960338,0.3500000000000001,True,correct,ECOM,43
27,36620,True,1,208453646,0.7985176328307195,0.1135165529275955,0.6850010799031241,0.3500000000000001,True,correct,ECOM,43
28,35186,True,1,208117919,0.903499192313668,0.8852998184728469,0.018199373840821154,0.3500000000000001,True,correct,ECOM,43
29,33591,True,1,207388754,0.6196537083145381,0.17767732237671818,0.44197638593781996,0.3500000000000001,True,correct,ECOM,43
30,33510,True,1,205516750,0.047195431166885585,0.004651561165712506,0.04254387000117308,0.3500000000000001,False,missing_match,ECOM,43
31,38399,True,1,210479062,0.431887390994373,0.024418501025587142,0.4074688899687859,0.3500000000000001,True,correct,ECOM,43
32,34981,True,1,208504339,0.8409987683073934,0.705709239772806,0.13528952853458742,0.3500000000000001,True,correct,ECOM,43
33,36705,True,1,208930722,0.4615675078946353,0.268500135409204,0.19306737248543132,0.3500000000000001,True,correct,ECOM,43
34,36451,True,1,208237792,0.07258700639050461,0.044911329052207426,0.027675677338297185,0.3500000000000001,False,missing_match,ECOM,43
35,34666,True,1,207388758,0.7385188656491701,0.5594724455129195,0.1790464201362506,0.3500000000000001,True,false_link,ECOM,43
36,34728,True,1,207534895,0.9742144232816302,0.07789682641663548,0.8963175968649948,0.3500000000000001,True,correct,ECOM,43
37,33175,True,1,207542598,0.8681737818168699,0.23624638221444325,0.6319273996024266,0.3500000000000001,True,correct,ECOM,43
38,23864,True,1,204636071,0.6017330389423309,0.002738695470238998,0.5989943434720919,0.3500000000000001,True,correct,ECOM,43
39,33726,True,1,207993409,0.5901481280208347,0.14619953318426346,0.44394859483657123,0.3500000000000001,True,correct,ECOM,43
40,29029,True,1,204679142,0.8509075169587088,0.0059331692075367546,0.8449743477511721,0.3500000000000001,True,correct,ECOM,43
41,37646,True,1,209122918,0.3477690072032258,0.11999665095233722,0.22777235625088857,0.3500000000000001,False,missing_match,ECOM,43
42,38640,True,1,209890560,0.6306981723276012,0.017675766607648514,0.6130224057199527,0.3500000000000001,True,correct,ECOM,43
43,23350,True,1,50012447,0.22687778732607955,0.013513066858716338,0.2133647204673632,0.3500000000000001,False,missing_match,ECOM,43
44,25902,True,1,202479411,0.6517018795861352,0.021212259015961167,0.6304896205701741,0.3500000000000001,True,correct,ECOM,43
45,30533,True,1,205729817,0.17775610663440064,0.02597178183555573,0.1517843247988449,0.3500000000000001,False,missing_match,ECOM,43
46,36305,True,1,202899626,0.8471771797199297,0.24420120705207404,0.6029759726678556,0.3500000000000001,True,correct,ECOM,43
47,27964,True,1,203136103,0.8207551970264978,0.029824261958685552,0.7909309350678122,0.3500000000000001,True,correct,ECOM,43
48,36789,True,1,208742932,0.02712892161077077,0.006357780792674996,0.020771140818095776,0.3500000000000001,False,missing_match,ECOM,43
49,35843,True,1,207645242,0.9856274859788542,0.03143522080154993,0.9541922651773043,0.3500000000000001,True,correct,ECOM,43
50,22100,True,1,201953026,0.1083795667446772,0.02222930898913633,0.08615025775554087,0.3500000000000001,False,missing_match,ECOM,43
51,33021,True,1,203154818,0.829401488063096,0.07240898837747078,0.7569924996856252,0.3500000000000001,True,correct,ECOM,43
52,32280,True,1,205664972,0.06238073745551247,0.04687776149208483,0.015502975963427638,0.3500000000000001,False,missing_match,ECOM,43
53,34065,True,1,207643194,0.5197475846305581,0.4681827455748334,0.05156483905572473,0.3500000000000001,True,correct,ECOM,43
54,35305,True,1,207637793,0.6153176761512045,0.03867720808715665,0.5766404680640478,0.3500000000000001,True,correct,ECOM,43
55,33717,True,1,206928604,0.8807560669073673,0.03721616567064262,0.8435399012367246,0.3500000000000001,True,correct,ECOM,43
56,26117,True,1,204587909,0.30207555187614427,0.03226436564859024,0.269811186227554,0.3500000000000001,False,missing_match,ECOM,43
57,35054,True,1,202784218,0.9024469388797204,0.003962589836061935,0.8984843490436585,0.3500000000000001,True,correct,ECOM,43
58,30957,True,1,202046565,0.9886100236634902,0.20204685200861736,0.7865631716548728,0.3500000000000001,True,correct,ECOM,43
59,33026,True,1,204230770,0.5328879167976085,0.04836490644452813,0.4845230103530804,0.3500000000000001,True,correct,ECOM,43
60,29612,True,1,202870448,0.27418499500400784,0.25267887618647344,0.021506118817534392,0.3500000000000001,False,missing_match,ECOM,43
61,32431,True,1,202827677,0.8000324750887962,0.08842841235633957,0.7116040627324566,0.3500000000000001,True,correct,ECOM,43
62,36143,True,1,207907552,0.8615239011269615,0.10483773186110802,0.7566861692658535,0.3500000000000001,True,correct,ECOM,43
63,38329,True,1,210227282,0.27913029138898815,0.009558285448084266,0.26957200594090386,0.3500000000000001,False,missing_match,ECOM,43
64,32986,True,1,206179521,0.8314011437621318,0.2733092952241889,0.5580918485379429,0.3500000000000001,True,correct,ECOM,43
65,34926,True,1,208117930,0.1245610605786836,0.1245610605786836,0.0,0.3500000000000001,False,missing_match,ECOM,43
66,34552,True,1,208504187,0.8179865669382386,0.3775277396350484,0.4404588273031902,0.3500000000000001,True,correct,ECOM,43
67,38323,True,1,203379234,0.49927758839168074,0.36643482671308897,0.13284276167859177,0.3500000000000001,True,correct,ECOM,43
68,34363,True,1,206892902,0.49109622759574534,0.0029966268656600225,0.4880996007300853,0.3500000000000001,True,correct,ECOM,43
69,35415,True,1,206827757,0.8829158619168058,0.2029102445920339,0.6800056173247719,0.3500000000000001,True,correct,ECOM,43
70,34282,True,1,207514566,0.7606375374997252,0.06062709153087105,0.7000104459688541,0.3500000000000001,True,correct,ECOM,43
71,35591,True,1,208171946,0.9097854510631709,0.04886485456799451,0.8609205964951764,0.3500000000000001,True,correct,ECOM,43
72,24034,True,1,50012447,0.07271457393648703,0.052180731781727274,0.020533842154759757,0.3500000000000001,False,missing_match,ECOM,43
73,38939,True,1,204823067,0.2772102859391756,0.005914235640948273,0.27129605029822734,0.3500000000000001,False,missing_match,ECOM,43
74,30436,True,1,204505951,0.3010654803664323,0.22066867248477293,0.0803968078816594,0.3500000000000001,False,missing_match,ECOM,43
75,28981,True,1,204559214,0.8517029572487962,0.407700989287926,0.4440019679608702,0.3500000000000001,True,correct,ECOM,43
76,33786,True,1,206854515,0.6954574338830682,0.08482614539826158,0.6106312884848066,0.3500000000000001,True,correct,ECOM,43
77,33438,True,1,207390650,0.727794317640945,0.030602920540846415,0.6971913971000986,0.3500000000000001,True,correct,ECOM,43
78,24571,True,1,202537967,0.2952461067282304,0.22992296606736617,0.0653231406608642,0.3500000000000001,False,missing_match,ECOM,43
79,30196,True,1,205593367,0.28996363915043816,0.08244089739154593,0.20752274175889224,0.3500000000000001,False,missing_match,ECOM,43
80,38003,True,1,210404123,0.9207441059357059,0.08756551323285094,0.833178592702855,0.3500000000000001,True,correct,ECOM,43
81,24402,True,1,203897877,0.9519392556038732,0.019247182148863506,0.9326920734550097,0.3500000000000001,True,correct,ECOM,43
82,9314,True,1,90138520,0.5505930572131583,0.10244771883091508,0.44814533838224324,0.3500000000000001,True,correct,ECOM,43
83,32395,True,1,208456185,0.07078846782704255,0.06839594012254643,0.0023925277044961196,0.3500000000000001,False,missing_match,ECOM,43
84,34095,True,1,207653548,0.9583893450269751,0.1283721757719342,0.830017169255041,0.3500000000000001,True,correct,ECOM,43
85,36286,True,1,208791921,0.5141155032502118,0.015451774506308191,0.49866372874390363,0.3500000000000001,True,correct,ECOM,43
86,36023,True,1,202451162,0.675605276160292,0.0966314603928803,0.5789738157674117,0.3500000000000001,True,correct,ECOM,43
87,26346,True,1,202537952,0.8276896577827694,0.8129066332853364,0.014783024497432962,0.3500000000000001,True,false_link,ECOM,43
88,20459,True,1,206928744,0.04360619018956344,0.036845668089404725,0.006760522100158713,0.3500000000000001,False,missing_match,ECOM,43
89,37091,True,1,207390618,0.018828147128292953,0.016725411193665312,0.0021027359346276406,0.3500000000000001,False,missing_match,ECOM,43
90,33159,True,1,206725196,0.7215823666072141,0.032531318571857266,0.6890510480353568,0.3500000000000001,True,correct,ECOM,43
91,30593,True,1,204860316,0.8636317749506515,0.2444500285522799,0.6191817463983715,0.3500000000000001,True,correct,ECOM,43
92,38343,True,1,207935920,0.2639256541137702,0.010362483274507584,0.25356317083926266,0.3500000000000001,False,missing_match,ECOM,43
93,32874,True,1,202870172,0.7206690551638482,0.2462816408494284,0.4743874143144198,0.3500000000000001,True,false_link,ECOM,43
94,16668,True,1,90148258,0.9568602766125253,0.17991344168804244,0.7769468349244828,0.3500000000000001,True,correct,ECOM,43
95,14033,True,1,90105156,0.07856229912113596,0.025150573729689943,0.05341172539144602,0.3500000000000001,False,missing_match,ECOM,43
96,38773,True,1,210441166,0.7507190159463972,0.06092880832611553,0.6897902076202816,0.3500000000000001,True,correct,ECOM,43
97,34824,True,1,207390710,0.8126269118438172,0.6661103089629109,0.1465166028809063,0.3500000000000001,True,correct,ECOM,43
98,34263,True,1,207897315,0.7827334243446726,0.4817551109649362,0.30097831337973646,0.3500000000000001,True,correct,ECOM,43
99,38098,True,1,209026630,0.7431313119634653,0.04190917237723319,0.701222139586232,0.3500000000000001,True,correct,ECOM,43
100,33537,True,1,206898358,0.8810110370110311,0.08630844816712928,0.7947025888439019,0.3500000000000001,True,correct,ECOM,43
101,34154,True,1,207390673,0.8957787791745492,0.8234758179437631,0.07230296123078606,0.3500000000000001,True,correct,ECOM,43
102,35153,True,1,206887905,0.2575279070558951,0.0958672350179802,0.16166067203791493,0.3500000000000001,False,missing_match,ECOM,43
103,38457,True,1,206671732,0.9668797709650491,0.17020137729143855,0.7966783936736105,0.3500000000000001,True,correct,ECOM,43
104,21047,True,1,10373002,0.8882146824421071,0.030747739939056978,0.8574669425030501,0.3500000000000001,True,correct,ECOM,43
105,38400,True,1,209208547,0.962554573283574,0.06867307671284575,0.8938814965707282,0.3500000000000001,True,correct,ECOM,43
106,22187,True,1,204587803,0.022035655320308777,0.00977035267426628,0.012265302646042498,0.3500000000000001,False,missing_match,ECOM,43
107,36243,True,1,206678505,0.8442263766958896,0.07647606386316046,0.7677503128327292,0.3500000000000001,True,correct,ECOM,43
108,33377,True,1,10346525,0.9454317025523362,0.17039259389974615,0.7750391086525901,0.3500000000000001,True,correct,ECOM,43
109,36446,True,1,208226698,0.6903827221436045,0.12872725742338928,0.5616554647202152,0.3500000000000001,True,correct,ECOM,43
110,36722,True,1,209656935,0.8456216397910996,0.02992339897336786,0.8156982408177318,0.3500000000000001,True,correct,ECOM,43
111,23097,True,2,202635701,0.9337917989415854,0.6030621055210029,0.33072969342058245,0.3500000000000001,True,correct,ECOM,43
112,34946,True,1,208504407,0.1118081798005075,0.06126096009425485,0.05054721970625265,0.3500000000000001,False,missing_match,ECOM,43
113,33045,True,1,203514304,0.38291924537200406,0.014956234356860481,0.36796301101514356,0.3500000000000001,True,correct,ECOM,43
114,37183,True,1,209656949,0.8551729812499185,0.16136610182956904,0.6938068794203495,0.3500000000000001,True,correct,ECOM,43
115,23686,True,1,10333848,0.8628787045597321,0.1707643280507546,0.6921143765089776,0.3500000000000001,True,correct,ECOM,43
116,21875,True,1,201700823,0.42328121455439666,0.016090713645641696,0.40719050090875497,0.3500000000000001,True,correct,ECOM,43
117,32990,True,1,206928604,0.36119196288069355,0.059775264031707,0.30141669884898653,0.3500000000000001,True,false_link,ECOM,43
118,37474,True,1,209310245,0.8549507786898347,0.8315805900608738,0.023370188628960897,0.3500000000000001,True,correct,ECOM,43
119,22798,True,1,202143942,0.44025582059675633,0.00622038555962398,0.4340354350371324,0.3500000000000001,True,correct,ECOM,43
120,36169,True,2,90145444,0.15540444070359924,0.0749923945193899,0.08041204618420934,0.3500000000000001,False,missing_match,ECOM,43
121,27789,True,1,204318286,0.5345983140775705,0.251279809788461,0.28331850428910954,0.3500000000000001,True,false_link,ECOM,43
122,29806,True,1,202755491,0.5377133514377938,0.04987097309613967,0.48784237834165406,0.3500000000000001,True,correct,ECOM,43
123,34156,True,1,203952966,0.9568654478778258,0.9188850134065082,0.0379804344713176,0.3500000000000001,True,false_link,ECOM,43
124,38324,True,1,209393521,0.6585969533396586,0.1805094805774927,0.4780874727621659,0.3500000000000001,True,correct,ECOM,43
125,39176,True,1,208042911,0.08417632673467049,0.06595147812597661,0.018224848608693875,0.3500000000000001,False,missing_match,ECOM,43
126,35738,True,1,208688474,0.6794370793398999,0.015969322810004252,0.6634677565298956,0.3500000000000001,True,correct,ECOM,43
127,37187,True,1,209656951,0.8991142892264575,0.12822085233366148,0.770893436892796,0.3500000000000001,True,correct,ECOM,43
128,37123,True,1,209114552,0.9440578157181955,0.005137556324718634,0.9389202593934768,0.3500000000000001,True,correct,ECOM,43
129,36824,True,1,209306028,0.9038429087011104,0.1525842300178466,0.7512586786832638,0.3500000000000001,True,correct,ECOM,43
130,19132,True,1,202778315,0.9685539500450289,0.13952054974981382,0.8290334002952151,0.3500000000000001,True,correct,ECOM,43
131,32984,True,1,203934122,0.7802721647731137,0.00926906756512901,0.7710030972079847,0.3500000000000001,True,correct,ECOM,43
132,34860,True,1,208114670,0.055987472954080374,0.05458609854727881,0.0014013744068015616,0.3500000000000001,False,missing_match,ECOM,43
133,33464,True,1,210245837,0.8880809247335609,0.016832072236764122,0.8712488524967968,0.3500000000000001,True,correct,ECOM,43
134,33763,True,1,208112356,0.7210742845720823,0.6052462227880839,0.1158280617839984,0.3500000000000001,True,correct,ECOM,43
135,38831,True,1,208791918,0.04320633703560124,0.024365085176098512,0.01884125185950273,0.3500000000000001,False,missing_match,ECOM,43
136,23325,True,2,202456903,0.8782123861603254,0.041661198020384815,0.8365511881399406,0.3500000000000001,True,correct,ECOM,43
137,24346,True,1,208972043,0.6593301464346424,0.0057028627251347235,0.6536272837095076,0.3500000000000001,True,correct,ECOM,43
138,35810,True,1,10326220,0.8819738666818563,0.0030241296676693356,0.878949737014187,0.3500000000000001,True,correct,ECOM,43
139,25813,True,1,202973389,0.07803362542722786,0.016551284593352193,0.061482340833875666,0.3500000000000001,False,missing_match,ECOM,43
140,34878,True,1,207895085,0.6406295299052361,0.1297835850021199,0.5108459449031162,0.3500000000000001,True,correct,ECOM,43
141,10102,True,1,90106210,0.8558113417497506,0.8220105497923896,0.033800791957360965,0.3500000000000001,True,correct,ECOM,43
142,34218,True,1,208504370,0.7859741316206909,0.7800521744209604,0.005921957199730432,0.3500000000000001,True,false_link,ECOM,43
143,33275,True,1,206808430,0.8704207560381179,0.08287320999691125,0.7875475460412066,0.3500000000000001,True,correct,ECOM,43
144,35035,True,1,208156878,0.30472759625779455,0.30472759625779455,0.0,0.3500000000000001,False,missing_match,ECOM,43
145,38346,True,1,208167531,0.9256324379581399,0.08033681476302725,0.8452956231951126,0.3500000000000001,True,correct,ECOM,43
146,38296,True,1,210647824,0.9138890742350135,0.37159139251570483,0.5422976817193087,0.3500000000000001,True,correct,ECOM,43
147,38957,True,1,207535265,0.5090689080608642,0.010323813579039921,0.4987450944818243,0.3500000000000001,True,correct,ECOM,43
148,8060,True,1,90105056,0.5270352102905803,0.3088536893390345,0.2181815209515458,0.3500000000000001,True,correct,ECOM,43
149,37558,True,1,205690063,0.7664713627159035,0.16629074468787455,0.600180618028029,0.3500000000000001,True,correct,ECOM,43
150,24316,True,1,204569292,0.9149562372839972,0.3030748997052677,0.6118813375787295,0.3500000000000001,True,correct,ECOM,43
151,31596,True,1,207502093,0.12227602553906941,0.0904280886649274,0.031847936874142016,0.3500000000000001,False,missing_match,ECOM,43
152,36365,True,1,208226696,0.0775558278868707,0.03772926997686795,0.039826557910002745,0.3500000000000001,False,missing_match,ECOM,43
153,26350,True,1,202537952,0.9594717513490738,0.657547875943317,0.3019238754057568,0.3500000000000001,True,correct,ECOM,43
154,33883,True,1,208177785,0.7885709553925163,0.14187188204306012,0.6466990733494562,0.3500000000000001,True,correct,ECOM,43
155,18202,True,1,207654105,0.0006600441245354897,0.0006378801947237336,2.2163929811756084e-05,0.3500000000000001,False,missing_match,ECOM,43
156,25858,True,1,204053338,0.02857581760401451,0.0163713140444074,0.01220450355960711,0.3500000000000001,False,missing_match,ECOM,43
157,34076,True,1,207959750,0.8327285404809852,0.17874452213844194,0.6539840183425433,0.3500000000000001,True,correct,ECOM,43
158,29825,True,1,205985716,0.07749949376229728,0.06622357844607243,0.01127591531622485,0.3500000000000001,False,missing_match,ECOM,43
159,34286,True,1,207945552,0.759443531281361,0.01091659066721338,0.7485269406141476,0.3500000000000001,True,correct,ECOM,43
160,31332,True,1,205761272,0.7544883283759453,0.009550067646624022,0.7449382607293212,0.3500000000000001,True,correct,ECOM,43
161,38001,True,1,209871973,0.9380686590506562,0.07286420413116229,0.8652044549194939,0.3500000000000001,True,correct,ECOM,43
162,14061,True,1,203025423,0.9432550328792281,0.011817008994261675,0.9314380238849664,0.3500000000000001,True,correct,ECOM,43
163,27779,True,1,205844283,0.7853521044513292,0.11697072256143529,0.6683813818898939,0.3500000000000001,True,correct,ECOM,43
164,34553,True,1,204793356,0.9170328791879587,0.07443844641378485,0.8425944327741739,0.3500000000000001,True,correct,ECOM,43
165,34096,True,1,207642358,0.8536772501707468,0.09103855548026914,0.7626386946904776,0.3500000000000001,True,correct,ECOM,43
166,37807,True,1,207682397,0.9527084543184114,0.346822120476378,0.6058863338420335,0.3500000000000001,True,correct,ECOM,43
167,34349,True,1,207660498,0.9717846875601932,0.10073095539365186,0.8710537321665414,0.3500000000000001,True,correct,ECOM,43
168,31032,True,1,210251970,0.718946836088728,0.020418420345530576,0.6985284157431975,0.3500000000000001,True,correct,ECOM,43
169,24153,True,1,208715855,0.7387085380612259,0.022047630681816116,0.7166609073794098,0.3500000000000001,True,correct,ECOM,43
170,34000,True,1,208112358,0.6792160189131954,0.5470097100639685,0.1322063088492269,0.3500000000000001,True,false_link,ECOM,43
171,32384,True,1,202989028,0.6369402313935204,0.023686159867544302,0.6132540715259761,0.3500000000000001,True,correct,ECOM,43
172,34158,True,1,206895864,0.6835413638435691,0.06231770272792076,0.6212236611156483,0.3500000000000001,True,correct,ECOM,43
173,29339,True,1,203888987,0.6764389859564354,0.027029768689705955,0.6494092172667294,0.3500000000000001,True,correct,ECOM,43
174,34934,True,1,208117930,0.12455693576754508,0.12455693576754508,0.0,0.3500000000000001,False,missing_match,ECOM,43
175,27985,True,1,204740191,0.5239758910617648,0.025770562509109744,0.49820532855265504,0.3500000000000001,True,correct,ECOM,43
176,36052,True,1,90142591,0.5183415496106785,0.005687104724317364,0.5126544448863611,0.3500000000000001,True,correct,ECOM,43
177,28554,True,1,204443417,0.6751527076452781,0.0075448694641497985,0.6676078381811283,0.3500000000000001,True,correct,ECOM,43
178,32488,True,1,206179525,0.4777616366444706,0.0994841121237813,0.3782775245206893,0.3500000000000001,True,correct,ECOM,43
179,580,True,1,202812620,0.12230374482543765,0.01463431205460122,0.10766943277083643,0.3500000000000001,False,missing_match,ECOM,43
180,37052,True,1,208941076,0.23684879528812394,0.20589738750999406,0.03095140777812988,0.3500000000000001,False,missing_match,ECOM,43
181,34864,True,1,208294717,0.820114575207873,0.5292857794347892,0.29082879577308385,0.3500000000000001,True,correct,ECOM,43
182,9546,True,1,208294904,0.9312622579939684,0.0057454303124950794,0.9255168276814734,0.3500000000000001,True,correct,ECOM,43
183,36260,True,1,10316920,0.8924858432738579,0.01346591811036802,0.8790199251634899,0.3500000000000001,True,correct,ECOM,43
184,33493,True,1,206928744,0.9653182554415701,0.15359449757734356,0.8117237578642266,0.3500000000000001,True,correct,ECOM,43
185,34126,True,1,203166120,0.8292357721758873,0.7948747214313172,0.034361050744570076,0.3500000000000001,True,correct,ECOM,43
186,36515,True,1,209687172,0.9532144008329371,0.11991502452540768,0.8332993763075294,0.3500000000000001,True,correct,ECOM,43
187,37309,True,1,209901964,0.9512746766301663,0.8896783991258543,0.06159627750431196,0.3500000000000001,True,correct,ECOM,43
188,34966,True,1,207965387,0.703997518577223,0.007602303551321741,0.6963952150259013,0.3500000000000001,True,correct,ECOM,43
189,35277,True,1,208085253,0.8802617213067085,0.24129667925555356,0.638965042051155,0.3500000000000001,True,correct,ECOM,43
190,36635,True,1,206460113,0.10659463708613441,0.08315799800018588,0.023436639085948535,0.3500000000000001,False,missing_match,ECOM,43
191,32560,True,1,207540310,0.4569627749286006,0.28863029048828853,0.16833248444031207,0.3500000000000001,True,correct,ECOM,43
192,16669,True,1,90148258,0.8955314763034979,0.28439066677202707,0.6111408095314709,0.3500000000000001,True,false_link,ECOM,43
193,28982,True,1,204559208,0.8808845415236694,0.4540617085169975,0.42682283300667184,0.3500000000000001,True,correct,ECOM,43
194,29392,True,1,204295637,0.9295787596196956,0.08107247170042582,0.8485062879192697,0.3500000000000001,True,correct,ECOM,43
195,27248,True,1,10360978,0.8035119660917839,0.7640753384751882,0.03943662761659572,0.3500000000000001,True,false_link,ECOM,43
196,25364,True,1,203201060,0.760556207806855,0.006662068422035462,0.7538941393848195,0.3500000000000001,True,correct,ECOM,43
197,27857,True,1,204035273,0.950580730189787,0.144336385568248,0.8062443446215389,0.3500000000000001,True,correct,ECOM,43
198,35309,True,1,208504378,0.9652259043823429,0.06503018082239094,0.9001957235599519,0.3500000000000001,True,correct,ECOM,43
199,21554,True,1,206460121,0.9351615138321873,0.13796082866122533,0.7972006851709619,0.3500000000000001,True,correct,ECOM,43
200,37254,True,1,209199789,0.41193229620190003,0.09395254064893534,0.3179797555529647,0.3500000000000001,True,correct,ECOM,43
201,36454,True,1,208237793,0.2290148777349905,0.11074083068798554,0.11827404704700495,0.3500000000000001,False,missing_match,ECOM,43
202,37231,True,1,209114390,0.6753337142011174,0.023482236017310046,0.6518514781838074,0.3500000000000001,True,correct,ECOM,43
203,37767,True,1,204588748,0.9737128023836881,0.01248003538787203,0.9612327669958161,0.3500000000000001,True,correct,ECOM,43
204,38944,True,1,201965217,0.9194476595286136,0.11829087093165813,0.8011567885969555,0.3500000000000001,True,correct,ECOM,43
205,33564,True,1,208504179,0.9512491908348416,0.24214298214262991,0.7091062086922117,0.3500000000000001,True,correct,ECOM,43
206,34657,True,1,207938488,0.7953581955879954,0.4326368731713699,0.36272132241662547,0.3500000000000001,True,correct,ECOM,43
207,35877,True,1,204020411,0.690560762682553,0.011680074538979346,0.6788806881435736,0.3500000000000001,True,correct,ECOM,43
208,33581,True,1,207388759,0.7035138975028821,0.3077858959485829,0.39572800155429916,0.3500000000000001,True,correct,ECOM,43
209,38142,True,1,206928388,0.8375506050718123,0.06577515293741794,0.7717754521343944,0.3500000000000001,True,correct,ECOM,43
210,33765,True,1,208455897,0.6065040787151629,0.39936817863676094,0.20713590007840194,0.3500000000000001,True,correct,ECOM,43
211,30962,True,1,205599985,0.7957987525918089,0.14981181294269,0.6459869396491189,0.3500000000000001,True,correct,ECOM,43
212,33326,True,1,207390641,0.7398246172394078,0.03832987359178279,0.7014947436476251,0.3500000000000001,True,correct,ECOM,43
213,31392,True,1,205753566,0.7416218359509075,0.0072124063383172616,0.7344094296125903,0.3500000000000001,True,correct,ECOM,43
214,37805,True,1,209085175,0.06877123509809326,0.03664334372817443,0.03212789136991882,0.3500000000000001,False,missing_match,ECOM,43
215,37650,True,1,209122924,0.7023702485494894,0.0949805645903162,0.6073896839591731,0.3500000000000001,True,correct,ECOM,43
216,18040,True,1,203151779,0.07203405399806735,0.018197122530706704,0.05383693146736065,0.3500000000000001,False,missing_match,ECOM,43
217,29902,True,2,205144562,0.9420175401193923,0.5428712648571336,0.39914627526225877,0.3500000000000001,True,correct,ECOM,43
218,37934,True,1,208710844,0.7727694084865294,0.3242078939275258,0.4485615145590036,0.3500000000000001,True,correct,ECOM,43
219,30158,True,1,204937142,0.18669935145240094,0.03522841538002238,0.15147093607237855,0.3500000000000001,False,missing_match,ECOM,43
220,32877,True,1,204297424,0.1919567325163626,0.07444323349038619,0.11751349902597642,0.3500000000000001,False,missing_match,ECOM,43
221,33612,True,1,207506250,0.560708538749115,0.012467695798314578,0.5482408429508004,0.3500000000000001,True,correct,ECOM,43
222,20453,True,1,201953021,0.2838567343784287,0.027714804050500152,0.25614193032792854,0.3500000000000001,False,missing_match,ECOM,43
223,33713,True,1,206812380,0.9749555787967191,0.26253818737344015,0.712417391423279,0.3500000000000001,True,correct,ECOM,43
224,34393,True,1,206362748,0.36954109549256353,0.21070641605011398,0.15883467944244956,0.3500000000000001,True,correct,ECOM,43
225,35477,True,1,206359209,0.9431522056463624,0.07271971126407523,0.8704324943822872,0.3500000000000001,True,correct,ECOM,43
226,35872,True,1,207937885,0.1172306520149521,0.007723873975339664,0.10950677803961244,0.3500000000000001,False,missing_match,ECOM,43
227,36864,True,1,210442350,0.9098464713180866,0.5142172305022911,0.39562924081579554,0.3500000000000001,True,correct,ECOM,43
228,34927,True,1,208117930,0.09537578820655862,0.09537578820655862,0.0,0.3500000000000001,False,missing_match,ECOM,43
229,34091,True,1,207686156,0.9625118387053394,0.44898420315414955,0.5135276355511899,0.3500000000000001,True,correct,ECOM,43
230,30134,True,1,206362873,0.4560388769880591,0.008174213638964173,0.4478646633490949,0.3500000000000001,True,correct,ECOM,43
231,34401,True,1,208456262,0.8678880740027304,0.7223930909766344,0.14549498302609598,0.3500000000000001,True,correct,ECOM,43
232,32228,True,1,203136113,0.11198984466713575,0.0300990349463446,0.08189080972079116,0.3500000000000001,False,missing_match,ECOM,43
233,33382,True,1,207910214,0.919945709014567,0.20691471988446306,0.7130309891301039,0.3500000000000001,True,correct,ECOM,43
234,29338,True,1,202143947,0.898943843682267,0.03720282007522655,0.8617410236070404,0.3500000000000001,True,correct,ECOM,43
235,34378,True,1,210402319,0.38847571646145124,0.004539086256387241,0.383936630205064,0.3500000000000001,True,correct,ECOM,43
236,32059,True,1,205131849,0.05019699006353771,0.0034854666879760134,0.04671152337556169,0.3500000000000001,False,missing_match,ECOM,43
237,36308,True,1,209000385,0.6162793217789292,0.006217135277546999,0.6100621865013822,0.3500000000000001,True,correct,ECOM,43
238,34004,True,1,207652055,0.634501787541001,0.4348887617002825,0.19961302584071844,0.3500000000000001,True,correct,ECOM,43
239,35044,True,1,208504370,0.9734949905088106,0.6088535980042764,0.3646413925045342,0.3500000000000001,True,correct,ECOM,43
240,24493,True,1,202900030,0.5507546477425094,0.465119433919173,0.08563521382333639,0.3500000000000001,True,correct,ECOM,43
241,34092,True,2,207679756,0.9627642743090321,0.6548226328206803,0.3079416414883518,0.3500000000000001,True,correct,ECOM,43
242,30159,True,1,208033486,0.905077933296268,0.8270041441899142,0.07807378910635376,0.3500000000000001,True,correct,ECOM,43
243,34638,True,1,209934621,0.5164392581377404,0.4279661610267,0.0884730971110404,0.3500000000000001,True,correct,ECOM,43
244,27739,True,1,204644752,0.8100598236214613,0.007998630516124065,0.8020611931053373,0.3500000000000001,True,correct,ECOM,43
245,33948,True,1,207391018,0.9038923546182369,0.07279128098513911,0.8311010736330978,0.3500000000000001,True,correct,ECOM,43
246,35519,True,1,208289950,0.8927169298053351,0.013777747429780537,0.8789391823755546,0.3500000000000001,True,correct,ECOM,43
247,33277,True,1,206808445,0.30107438526301017,0.18669999018075445,0.11437439508225572,0.3500000000000001,False,missing_match,ECOM,43
248,26310,True,1,203459314,0.48137456773447174,0.06863678058281088,0.4127377871516609,0.3500000000000001,True,correct,ECOM,43
249,34002,True,1,208105467,0.2135007471159132,0.15403061043423905,0.05947013668167414,0.3500000000000001,False,missing_match,ECOM,43
250,28138,True,1,204327516,0.7531472953274395,0.20542830136107443,0.5477189939663651,0.3500000000000001,True,correct,ECOM,43
251,35190,True,1,208117918,0.9077736019567313,0.8521819759283845,0.055591626028346774,0.3500000000000001,True,correct,ECOM,43
252,37010,True,1,210399855,0.04808627394418816,0.021056300373482134,0.027029973570706023,0.3500000000000001,False,missing_match,ECOM,43
253,35663,True,1,207536226,0.9066372183251897,0.5167497131105487,0.389887505214641,0.3500000000000001,True,correct,ECOM,43
254,36607,True,1,209891039,0.7185188919202914,0.11036730561080632,0.6081515863094851,0.3500000000000001,True,correct,ECOM,43
255,17191,True,1,202041195,0.9602371347129688,0.2973824131521262,0.6628547215608426,0.3500000000000001,True,correct,ECOM,43
256,36345,True,1,204407682,0.8773299719367016,0.6914002113672655,0.1859297605694361,0.3500000000000001,True,correct,ECOM,43
257,28205,True,1,204419878,0.8950215996398863,0.5487627331908318,0.34625886644905446,0.3500000000000001,True,correct,ECOM,43
258,26929,True,1,203651765,0.5891177956178197,0.018360761834979693,0.57075703378284,0.3500000000000001,True,correct,ECOM,43
259,33600,True,1,208504045,0.8441623131039847,0.8404798494216663,0.003682463682318393,0.3500000000000001,True,false_link,ECOM,43
260,36142,True,1,207907548,0.52415413436939,0.09429520005739211,0.42985893431199784,0.3500000000000001,True,correct,ECOM,43
261,18516,True,1,202045875,0.2672418565247481,0.22211432420116042,0.045127532323587655,0.3500000000000001,False,missing_match,ECOM,43
262,37808,True,1,204740188,0.7268633337801649,0.26049269424594595,0.4663706395342189,0.3500000000000001,True,correct,ECOM,43
263,36456,True,1,208226692,0.10926707398767956,0.034118769798490926,0.07514830418918864,0.3500000000000001,False,missing_match,ECOM,43
264,36430,True,1,208226690,0.2535235581479244,0.19055828922521634,0.06296526892270804,0.3500000000000001,False,missing_match,ECOM,43
265,38550,True,1,207978102,0.19905774311395938,0.1506351115081531,0.04842263160580629,0.3500000000000001,False,missing_match,ECOM,43
266,37796,True,1,210239335,0.9250761090344247,0.5423868306187896,0.38268927841563516,0.3500000000000001,True,correct,ECOM,43
267,13155,True,1,90109367,0.8026684754404312,0.005603619504078769,0.7970648559363525,0.3500000000000001,True,correct,ECOM,43
268,28225,True,1,205592439,0.7125371470697852,0.17617290513021347,0.5363642419395718,0.3500000000000001,True,correct,ECOM,43
269,37964,True,1,209310243,0.9334470135667268,0.29647148610868895,0.6369755274580378,0.3500000000000001,True,correct,ECOM,43
270,37162,True,1,209208718,0.5445245481792906,0.09654496317750912,0.44797958500178153,0.3500000000000001,True,correct,ECOM,43
271,33690,True,1,207391431,0.960355050926521,0.1445483000010912,0.8158067509254298,0.3500000000000001,True,correct,ECOM,43
272,35498,True,1,90144998,0.8051845622849205,0.28200039652707837,0.5231841657578422,0.3500000000000001,True,correct,ECOM,43
273,33922,True,1,207925432,0.779801483329211,0.4780872195211002,0.3017142638081107,0.3500000000000001,True,correct,ECOM,43
274,33758,True,1,207910212,0.9559834481136368,0.9228048816422317,0.03317856647140505,0.3500000000000001,True,correct,ECOM,43
275,34119,True,1,207514567,0.9253144079906821,0.1105612490281181,0.814753158962564,0.3500000000000001,True,correct,ECOM,43
276,30338,True,1,206460113,0.6956974322026629,0.10828259214139775,0.5874148400612651,0.3500000000000001,True,correct,ECOM,43
277,14715,True,1,203021705,0.8095621233355528,0.04850021485690193,0.7610619084786509,0.3500000000000001,True,correct,ECOM,43
278,37457,True,1,209026634,0.708913227390853,0.15585012286394095,0.5530631045269121,0.3500000000000001,True,correct,ECOM,43
279,29304,True,1,206901618,0.18035674287538156,0.058813562739834284,0.12154318013554727,0.3500000000000001,False,missing_match,ECOM,43
280,25829,True,1,202827684,0.8570153850201073,0.11041076502738008,0.7466046199927272,0.3500000000000001,True,correct,ECOM,43
281,28190,True,1,208464837,0.4241601506448913,0.019703014246677628,0.4044571363982137,0.3500000000000001,True,correct,ECOM,43
282,24572,True,1,202537969,0.47085571776021284,0.42787680221754276,0.04297891554267008,0.3500000000000001,True,correct,ECOM,43
283,20447,True,1,90128026,0.8244414647911265,0.034208226550843386,0.790233238240283,0.3500000000000001,True,correct,ECOM,43
284,33668,True,1,206917817,0.678852106782321,0.1680551964278169,0.510796910354504,0.3500000000000001,True,correct,ECOM,43
285,30808,True,1,204345240,0.310809470952669,0.013554431987359249,0.29725503896530975,0.3500000000000001,False,missing_match,ECOM,43
286,34001,True,1,209297154,0.3537567883727751,0.18272430969786804,0.17103247867490703,0.3500000000000001,True,correct,ECOM,43
287,39039,True,1,210490135,0.6776240345892601,0.03914291549808337,0.6384811190911768,0.3500000000000001,True,correct,ECOM,43
288,36861,True,1,210442348,0.917053745941396,0.46659156388880474,0.45046218205259125,0.3500000000000001,True,correct,ECOM,43
289,33177,True,1,207390617,0.9073088247967348,0.2681937592920679,0.6391150655046669,0.3500000000000001,True,correct,ECOM,43
290,38507,True,1,206181767,0.9179004357743475,0.01291206077897118,0.9049883749953763,0.3500000000000001,True,correct,ECOM,43
291,38231,True,1,201744288,0.9399083018042168,0.02135369572451738,0.9185546060796994,0.3500000000000001,True,correct,ECOM,43
292,33562,True,1,207542597,0.8740076511387912,0.05636908485239763,0.8176385662863935,0.3500000000000001,True,correct,ECOM,43
293,34661,True,1,208294716,0.7298007845016372,0.07899159950882283,0.6508091849928144,0.3500000000000001,True,correct,ECOM,43
294,34928,True,1,208117930,0.13727635669013313,0.13727635669013313,0.0,0.3500000000000001,False,missing_match,ECOM,43
295,35485,True,1,206901613,0.7995865095185728,0.06789328765218391,0.7316932218663889,0.3500000000000001,True,correct,ECOM,43
296,35231,True,1,208114682,0.06065224736202409,0.017194919673580156,0.04345732768844393,0.3500000000000001,False,missing_match,ECOM,43
297,27840,True,1,203379249,0.3296026779264195,0.13671120055413533,0.19289147737228418,0.3500000000000001,False,missing_match,ECOM,43
298,36803,True,1,207469300,0.9372666101928662,0.029679920737926344,0.9075866894549398,0.3500000000000001,True,correct,ECOM,43
299,37907,True,1,210227260,0.864333318253131,0.048610110681900354,0.8157232075712306,0.3500000000000001,True,correct,ECOM,43
300,37354,True,1,207390184,0.2981235106577268,0.01692575662213639,0.2811977540355904,0.3500000000000001,False,missing_match,ECOM,43
301,34392,True,1,206362747,0.22192849566460643,0.1576306083555479,0.06429788730905853,0.3500000000000001,False,missing_match,ECOM,43
302,13700,True,1,90108521,0.7789040106780768,0.7506665188974476,0.028237491780629176,0.3500000000000001,True,false_link,ECOM,43
303,36617,True,1,208453643,0.9133672625388678,0.05129465002204518,0.8620726125168227,0.3500000000000001,True,correct,ECOM,43
304,38492,True,1,206725966,0.7243078778548804,0.007069281215580708,0.7172385966392997,0.3500000000000001,True,correct,ECOM,43
305,27137,True,1,204049780,0.5215228941917674,0.09355244041962803,0.42797045377213944,0.3500000000000001,True,correct,ECOM,43
306,32416,True,1,205664913,0.8597556139217353,0.03501237909656165,0.8247432348251736,0.3500000000000001,True,correct,ECOM,43
307,34659,True,1,208504191,0.2732770354514003,0.21971651699995082,0.05356051845144949,0.3500000000000001,False,missing_match,ECOM,43
308,35052,True,1,207897840,0.9749540356687059,0.015163425817714203,0.9597906098509916,0.3500000000000001,True,correct,ECOM,43
309,30708,True,1,205083947,0.8610534538744798,0.017368947600146935,0.8436845062743329,0.3500000000000001,True,correct,ECOM,43
310,33640,True,1,206928606,0.9351561252562448,0.04029371146250088,0.894862413793744,0.3500000000000001,True,correct,ECOM,43
311,29950,True,1,204559210,0.7550280090858901,0.3511610080272849,0.4038670010586052,0.3500000000000001,True,correct,ECOM,43
312,38345,True,1,208890628,0.9129937505961269,0.0626971700102919,0.8502965805858349,0.3500000000000001,True,correct,ECOM,43
313,37893,True,1,208937534,0.7293259955028916,0.2115643571025888,0.5177616384003028,0.3500000000000001,True,correct,ECOM,43
314,28980,True,1,204559211,0.777648145662783,0.3292329439017813,0.44841520176100164,0.3500000000000001,True,correct,ECOM,43
315,28067,True,1,203922244,0.957139283054251,0.07202873224355362,0.8851105508106973,0.3500000000000001,True,correct,ECOM,43
316,38767,True,1,204154429,0.902071158185508,0.03557583395168385,0.8664953242338241,0.3500000000000001,True,correct,ECOM,43
317,34258,True,1,206888001,0.07055356133523338,0.06404274899484678,0.006510812340386599,0.3500000000000001,False,missing_match,ECOM,43
318,21268,True,1,207653535,0.022584325025306443,0.01176204813147353,0.010822276893832913,0.3500000000000001,False,missing_match,ECOM,43
319,34298,True,1,207543193,0.5406085370609806,0.24348026967521808,0.2971282673857625,0.3500000000000001,True,correct,ECOM,43
320,33630,True,1,207659194,0.952682501432519,0.18838291016891434,0.7642995912636046,0.3500000000000001,True,correct,ECOM,43
321,33220,True,1,208653767,0.9441879953754285,0.06674902680887879,0.8774389685665498,0.3500000000000001,True,correct,ECOM,43
322,34300,True,1,207543192,0.5548346480573689,0.18480174227030574,0.37003290578706316,0.3500000000000001,True,correct,ECOM,43
323,38735,True,1,203329570,0.8622974980334487,0.16018199367337263,0.7021155043600761,0.3500000000000001,True,correct,ECOM,43
324,31635,True,1,206460118,0.8307037745248225,0.1938500441473994,0.6368537303774231,0.3500000000000001,True,correct,ECOM,43
325,33669,True,1,206917814,0.5045064407487004,0.24069508322996364,0.2638113575187368,0.3500000000000001,True,false_link,ECOM,43
326,36962,True,1,208504190,0.006320984638859412,0.005020702236608977,0.001300282402250435,0.3500000000000001,False,missing_match,ECOM,43
327,33638,True,1,207659192,0.9527468490498959,0.12573410359799767,0.8270127454518983,0.3500000000000001,True,correct,ECOM,43
328,32193,True,1,205809367,0.9009219178801702,0.16792946970131212,0.7329924481788581,0.3500000000000001,True,correct,ECOM,43
329,24615,True,1,204587971,0.01944904790638874,0.01660403507934339,0.00284501282704535,0.3500000000000001,False,missing_match,ECOM,43
330,33790,True,1,210252356,0.6481767800562157,0.024598991450542586,0.6235777886056731,0.3500000000000001,True,correct,ECOM,43
331,23349,True,1,50012447,0.44344732813270166,0.04108598935214764,0.402361338780554,0.3500000000000001,True,false_link,ECOM,43
332,37531,True,1,204226641,0.8503284878072437,0.00900073374511367,0.84132775406213,0.3500000000000001,True,correct,ECOM,43
333,38781,True,1,207920831,0.39006909271565393,0.01463924551833775,0.3754298471973162,0.3500000000000001,True,correct,ECOM,43
334,28433,True,1,203142438,0.6771172526833662,0.013591777441517438,0.6635254752418488,0.3500000000000001,True,correct,ECOM,43
335,36117,True,1,206901652,0.6403766530894215,0.023617553413222265,0.6167590996761992,0.3500000000000001,True,correct,ECOM,43
336,35218,True,1,207536225,0.9493948787924079,0.38879399298775724,0.5606008858046507,0.3500000000000001,True,correct,ECOM,43
337,38619,True,1,202985806,0.9182012228496429,0.10626699181015263,0.8119342310394903,0.3500000000000001,True,correct,ECOM,43
338,30955,True,1,205852387,0.3671808899676567,0.04928225136034337,0.3178986386073133,0.3500000000000001,True,correct,ECOM,43
339,34007,True,1,207660497,0.9645622181464535,0.5926836984391322,0.37187851970732133,0.3500000000000001,True,correct,ECOM,43
340,28059,True,1,205592435,0.16907884482361288,0.09266344277519677,0.07641540204841611,0.3500000000000001,False,missing_match,ECOM,43
341,18087,True,1,203150909,0.7929318344513457,0.04289262390118515,0.7500392105501605,0.3500000000000001,True,correct,ECOM,43
342,36367,True,1,208464207,0.2565817046912956,0.10076972312083152,0.15581198157046408,0.3500000000000001,False,missing_match,ECOM,43
343,36274,True,1,206870289,0.9024801527899203,0.3085878665848302,0.5938922862050902,0.3500000000000001,True,correct,ECOM,43
344,39088,True,1,205074757,0.8241469935505058,0.014325748408608091,0.8098212451418977,0.3500000000000001,True,correct,ECOM,43
345,29816,True,1,208455891,0.6272272870499681,0.07158338561627944,0.5556439014336887,0.3500000000000001,True,correct,ECOM,43
346,35693,True,1,208184892,0.6440791947069778,0.3993569076618437,0.24472228704513416,0.3500000000000001,True,correct,ECOM,43
347,29072,True,1,208456130,0.5226932269526855,0.00829572495441511,0.5143975019982704,0.3500000000000001,True,correct,ECOM,43
348,29866,True,1,209297205,0.06293227263189416,0.06206675525567054,0.0008655173762236179,0.3500000000000001,False,missing_match,ECOM,43
349,17479,True,1,90145972,0.8432754748079982,0.21301217557420496,0.6302632992337933,0.3500000000000001,True,correct,ECOM,43
350,38522,True,1,210267015,0.7161658810682604,0.022451883793733703,0.6937139972745267,0.3500000000000001,True,correct,ECOM,43
351,33643,True,1,206928605,0.4648571327327249,0.10487077207025541,0.3599863606624695,0.3500000000000001,True,correct,ECOM,43
352,31970,True,1,206419131,0.8589351410637257,0.31041666066402235,0.5485184803997034,0.3500000000000001,True,correct,ECOM,43
353,31030,True,1,205557530,0.9466374709484852,0.13316524141521757,0.8134722295332676,0.3500000000000001,True,correct,ECOM,43
354,34442,True,1,208455894,0.34531241404977636,0.030425008586879583,0.3148874054628968,0.3500000000000001,False,missing_match,ECOM,43
355,36172,True,1,207907535,0.3139648671231452,0.03458383816444737,0.2793810289586978,0.3500000000000001,False,missing_match,ECOM,43
356,35623,True,1,207514417,0.8540384026458491,0.008135680707696392,0.8459027219381526,0.3500000000000001,True,correct,ECOM,43
357,32187,True,1,209896109,0.4092935598710469,0.2883033996318263,0.1209901602392206,0.3500000000000001,True,correct,ECOM,43
358,33508,True,1,206928380,0.2143941297886828,0.008885646119592895,0.20550848366908991,0.3500000000000001,False,missing_match,ECOM,43
359,32688,True,1,208033808,0.6161171283158037,0.07116301404547576,0.5449541142703279,0.3500000000000001,True,correct,ECOM,43
360,37589,True,1,204238996,0.011064200765188022,0.0077486325489091465,0.0033155682162788755,0.3500000000000001,False,missing_match,ECOM,43
361,10101,True,1,90106172,0.8275203532821286,0.7759530042225897,0.05156734905953886,0.3500000000000001,True,correct,ECOM,43
362,34697,True,1,206783262,0.938710799267948,0.02418569618767215,0.9145251030802758,0.3500000000000001,True,correct,ECOM,43
363,25167,True,1,203324800,0.8269603871277845,0.028940577689622937,0.7980198094381616,0.3500000000000001,True,correct,ECOM,43
364,31337,True,1,203884610,0.9864205714062947,0.2775372414028244,0.7088833300034703,0.3500000000000001,True,correct,ECOM,43
365,34854,True,1,209297157,0.8698212249378714,0.13045202695720498,0.7393691979806665,0.3500000000000001,True,correct,ECOM,43
366,36127,True,1,210402579,0.9313397239587884,0.00836527675997432,0.922974447198814,0.3500000000000001,True,correct,ECOM,43
367,33219,True,1,205562000,0.23877959911221286,0.1470508661761245,0.09172873293608835,0.3500000000000001,False,missing_match,ECOM,43
368,26082,True,1,204274660,0.7911251243585231,0.14398086799090887,0.6471442563676142,0.3500000000000001,True,correct,ECOM,43
369,26930,True,2,203920144,0.6450850370625933,0.16177290669095462,0.4833121303716387,0.3500000000000001,True,correct,ECOM,43
370,33566,True,1,207388752,0.7518810948426751,0.6572993457463926,0.09458174909628247,0.3500000000000001,True,correct,ECOM,43
371,7783,True,1,202900227,0.703839568501523,0.3390361478628194,0.3648034206387036,0.3500000000000001,True,correct,ECOM,43
372,32322,True,1,203405815,0.6349945814093148,0.008207322072974766,0.6267872593363399,0.3500000000000001,True,correct,ECOM,43
373,34831,True,1,207682339,0.09410471095334501,0.019132661569082568,0.07497204938426244,0.3500000000000001,False,missing_match,ECOM,43
374,32315,True,1,205083968,0.9189871460261744,0.62011988586572,0.2988672601604544,0.3500000000000001,True,correct,ECOM,43
375,34998,True,1,207660499,0.8439946225996503,0.6581252337738278,0.1858693888258225,0.3500000000000001,True,false_link,ECOM,43
376,34220,True,1,209869342,0.6557371204479843,0.03370893575138394,0.6220281846966004,0.3500000000000001,True,correct,ECOM,43
377,34151,True,1,206854516,0.7366172715768067,0.0718053676465827,0.6648119039302239,0.3500000000000001,True,correct,ECOM,43
378,34454,True,1,207390180,0.5993353275154046,0.04892756494453223,0.5504077625708724,0.3500000000000001,True,correct,ECOM,43
379,37812,True,1,209245958,0.9676453961831569,0.5753487177196338,0.3922966784635231,0.3500000000000001,True,correct,ECOM,43
380,10640,True,1,203024425,0.7128660435646595,0.11137264494033983,0.6014933986243197,0.3500000000000001,True,correct,ECOM,43
381,36746,True,1,208930717,0.6437402981095613,0.2784233817020017,0.36531691640755964,0.3500000000000001,True,correct,ECOM,43
382,34465,True,1,209890796,0.2948970973735927,0.010747251069200511,0.2841498463043922,0.3500000000000001,False,missing_match,ECOM,43
383,30093,True,1,205467942,0.7032378656815566,0.03342172613226619,0.6698161395492903,0.3500000000000001,True,correct,ECOM,43
384,35475,True,1,208670546,0.3931251789505731,0.008496318431520147,0.38462886051905293,0.3500000000000001,True,correct,ECOM,43
385,26563,True,1,202125720,0.191765978736764,0.03758858898289204,0.15417738975387196,0.3500000000000001,False,missing_match,ECOM,43
386,33645,True,1,206928607,0.6911819547781526,0.08877607016009384,0.6024058846180588,0.3500000000000001,True,correct,ECOM,43
387,36452,True,1,209208655,0.8279085964096364,0.12161631340525733,0.7062922830043791,0.3500000000000001,True,correct,ECOM,43
388,37192,True,1,209656955,0.9079740979522855,0.01699581611945446,0.890978281832831,0.3500000000000001,True,correct,ECOM,43
389,35237,True,1,207686035,0.19337179735987325,0.07192700959106374,0.12144478776880951,0.3500000000000001,False,missing_match,ECOM,43
390,35185,True,1,208504304,0.9484510195667665,0.02490735268450047,0.923543666882266,0.3500000000000001,True,correct,ECOM,43
391,36931,True,1,208370418,0.8624737508084493,0.26507059647106235,0.597403154337387,0.3500000000000001,True,correct,ECOM,43
392,38327,True,1,207390671,0.9349443235597474,0.11031293739423123,0.8246313861655162,0.3500000000000001,True,correct,ECOM,43
393,20466,True,1,203185276,0.5019078894156981,0.12169020820623967,0.3802176812094584,0.3500000000000001,True,false_link,ECOM,43
394,22940,True,1,203472622,0.8986662333755808,0.0206106116572329,0.878055621718348,0.3500000000000001,True,correct,ECOM,43
395,20450,True,1,201953026,0.008727720495919506,0.006060153068968999,0.002667567426950507,0.3500000000000001,False,missing_match,ECOM,43
396,33788,True,1,207543197,0.6685670789744502,0.44672947942810876,0.22183759954634147,0.3500000000000001,True,correct,ECOM,43
397,37403,True,1,209705778,0.2566604939890198,0.195108058552493,0.0615524354365268,0.3500000000000001,False,missing_match,ECOM,43
398,35033,True,1,208156878,0.2765946548812913,0.2765946548812913,0.0,0.3500000000000001,False,missing_match,ECOM,43
399,16329,True,1,210521578,0.8103752128256497,0.024463588819414968,0.7859116240062347,0.3500000000000001,True,correct,ECOM,43
400,38693,True,1,208710842,0.6962491052668612,0.2932685848545073,0.40298052041235394,0.3500000000000001,True,correct,ECOM,43
401,34253,True,1,206887992,0.132183077614707,0.01402540629062439,0.1181576713240826,0.3500000000000001,False,missing_match,ECOM,43
402,32563,True,1,206615085,0.9729383350803482,0.8957104362378177,0.07722789884253056,0.3500000000000001,True,correct,ECOM,43
403,33931,True,1,207391017,0.9455658455756566,0.3248912895024947,0.6206745560731619,0.3500000000000001,True,correct,ECOM,43
404,33431,True,1,207390644,0.10087510853982608,0.0038062408101276358,0.09706886772969844,0.3500000000000001,False,missing_match,ECOM,43
405,33985,True,1,208504045,0.8867733169798028,0.8733727565380917,0.013400560441711118,0.3500000000000001,True,correct,ECOM,43
406,34961,True,1,208114682,0.052516310952548814,0.03710382309358604,0.015412487858962771,0.3500000000000001,False,missing_match,ECOM,43
407,37360,True,1,202784323,0.8594805163037129,0.01702251115882385,0.8424580051448891,0.3500000000000001,True,correct,ECOM,43
408,36796,True,1,208154853,0.006323009302818285,0.00488912779277768,0.001433881510040605,0.3500000000000001,False,missing_match,ECOM,43
409,32323,True,1,202785722,0.10680848204046803,0.06396926589625,0.042839216144218026,0.3500000000000001,False,missing_match,ECOM,43
410,34662,True,1,208294722,0.8548144255388824,0.07917707257016322,0.7756373529687192,0.3500000000000001,True,correct,ECOM,43
411,38449,True,1,206576717,0.8821918260819503,0.3921050034606137,0.4900868226213366,0.3500000000000001,True,correct,ECOM,43
412,27186,True,1,204292477,0.07261053798294156,0.07084258417760925,0.0017679538053323174,0.3500000000000001,False,missing_match,ECOM,43
413,33671,True,1,206917816,0.8667194877305664,0.026828193933699025,0.8398912937968673,0.3500000000000001,True,correct,ECOM,43
414,31273,True,1,203086857,0.9274390098720765,0.05445790253154943,0.872981107340527,0.3500000000000001,True,correct,ECOM,43
415,27965,True,1,203136103,0.5560801882623961,0.04341772630745196,0.5126624619549441,0.3500000000000001,True,false_link,ECOM,43
416,25857,True,1,202870172,0.6333729872305534,0.0537722436492576,0.5796007435812958,0.3500000000000001,True,false_link,ECOM,43
417,30206,True,1,204222662,0.28317647570672977,0.013412577276899294,0.26976389842983045,0.3500000000000001,False,missing_match,ECOM,43
418,38784,True,1,204222897,0.8088736908391445,0.15579451894069715,0.6530791718984473,0.3500000000000001,True,correct,ECOM,43
419,34278,True,1,207934190,0.659644336766265,0.009679218738191987,0.649965118028073,0.3500000000000001,True,correct,ECOM,43
420,24825,True,1,202900025,0.7281698229729575,0.01864496849366177,0.7095248544792957,0.3500000000000001,True,correct,ECOM,43
421,552,True,1,90132241,0.7374526611501167,0.07212616134319574,0.6653264998069209,0.3500000000000001,True,correct,ECOM,43
422,37142,True,1,209194240,0.7071180801511701,0.6096486777581522,0.09746940239301782,0.3500000000000001,True,false_link,ECOM,43
423,37308,True,1,209901965,0.6053633552967257,0.3003299422351721,0.30503341306155357,0.3500000000000001,True,correct,ECOM,43
424,33276,True,1,205865183,0.9600332723163432,0.12408991661521297,0.8359433557011302,0.3500000000000001,True,correct,ECOM,43
425,32625,True,2,201935116,0.8830856172850519,0.1517006964740622,0.7313849208109897,0.3500000000000001,True,correct,ECOM,43
426,37150,True,1,208791918,0.7773137117973853,0.6344904354673606,0.14282327633002467,0.3500000000000001,True,correct,ECOM,43
427,21267,True,1,203087865,0.052447946835452376,0.00877033971319321,0.04367760712225917,0.3500000000000001,False,missing_match,ECOM,43
428,33444,True,1,207667995,0.7559213754820737,0.4369351317625548,0.31898624371951895,0.3500000000000001,True,correct,ECOM,43
429,37201,True,1,209656959,0.30141858573892955,0.22368396762325787,0.07773461811567167,0.3500000000000001,False,missing_match,ECOM,43
430,27810,True,1,204563770,0.844322377103724,0.7257032359825751,0.11861914112114891,0.3500000000000001,True,correct,ECOM,43
431,38644,True,1,208344063,0.07962363241371248,0.0026653666322246643,0.07695826578148782,0.3500000000000001,False,missing_match,ECOM,43
432,38096,True,1,207391434,0.9734888225866823,0.09242735499983089,0.8810614675868514,0.3500000000000001,True,correct,ECOM,43
433,35018,True,1,207900343,0.7521840495984846,0.4096801104656997,0.34250393913278493,0.3500000000000001,True,correct,ECOM,43
434,36295,True,1,90128026,0.7711995133854855,0.03888520416407937,0.7323143092214062,0.3500000000000001,True,correct,ECOM,43
435,33160,True,1,207390655,0.6602633596714436,0.05950080228352742,0.6007625573879162,0.3500000000000001,True,correct,ECOM,43
436,36124,True,1,208504429,0.9158022799685799,0.5602143237272089,0.35558795624137096,0.3500000000000001,True,correct,ECOM,43
437,33440,True,1,207464921,0.9218014413601086,0.1625363909419133,0.7592650504181953,0.3500000000000001,True,correct,ECOM,43
438,33595,True,1,208294724,0.8517673650480426,0.7063425184326957,0.14542484661534694,0.3500000000000001,True,false_link,ECOM,43
439,33477,True,1,208154551,0.9408077152924434,0.44594044165050845,0.494867273641935,0.3500000000000001,True,correct,ECOM,43
440,38466,True,1,206576716,0.9371864935345653,0.07464624316302516,0.8625402503715401,0.3500000000000001,True,correct,ECOM,43
441,34848,True,1,208117930,0.04821712057241429,0.04821712057241429,0.0,0.3500000000000001,False,missing_match,ECOM,43
442,35552,True,1,206928359,0.25344943142008164,0.1578694092717405,0.09558002214834113,0.3500000000000001,False,missing_match,ECOM,43
443,31414,True,1,204222915,0.45274692639063185,0.04362278359423729,0.4091241427963946,0.3500000000000001,True,correct,ECOM,43
444,36808,True,1,210399818,0.8287807013406705,0.08503235392696687,0.7437483474137037,0.3500000000000001,True,correct,ECOM,43
445,37287,True,1,208937533,0.6477481928755137,0.21303382052662231,0.4347143723488913,0.3500000000000001,True,correct,ECOM,43
446,34127,True,1,203165922,0.8347967946572288,0.8250228318253092,0.009773962831919558,0.3500000000000001,True,correct,ECOM,43
447,31992,True,1,203952966,0.9870723969235496,0.9334407157626948,0.053631681160854816,0.3500000000000001,True,correct,ECOM,43
448,24693,True,1,203087681,0.9040810277846185,0.14166282303155425,0.7624182047530643,0.3500000000000001,True,correct,ECOM,43
449,26137,True,1,204272122,0.7990907727215582,0.011799530145058737,0.7872912425764994,0.3500000000000001,True,correct,ECOM,43
450,33467,True,1,207542599,0.8376648198025175,0.0986150311202497,0.7390497886822678,0.3500000000000001,True,correct,ECOM,43
451,32889,True,1,208085178,0.498843084733902,0.1189326389766896,0.3799104457572124,0.3500000000000001,True,correct,ECOM,43
452,30457,True,1,207390171,0.914011205650153,0.07314604348827443,0.8408651621618786,0.3500000000000001,True,correct,ECOM,43
453,37174,True,1,209208663,0.9418033826417956,0.4651445658761632,0.47665881676563243,0.3500000000000001,True,correct,ECOM,43
454,29007,True,1,204792885,0.8682968346474614,0.4430689611047944,0.42522787354266706,0.3500000000000001,True,correct,ECOM,43
455,23537,True,1,203069939,0.9211679354011664,0.007543356223738246,0.9136245791774281,0.3500000000000001,True,correct,ECOM,43
456,35194,True,1,208504297,0.931726470062949,0.24362374730199626,0.6881027227609526,0.3500000000000001,True,correct,ECOM,43
457,35431,True,1,207506251,0.8885831746338266,0.032414763418562656,0.856168411215264,0.3500000000000001,True,correct,ECOM,43
458,37055,True,1,208941075,0.09775740452097095,0.0776325537437775,0.020124850777193448,0.3500000000000001,False,missing_match,ECOM,43
459,30680,True,1,207390502,0.5106241059269658,0.0544717382159986,0.45615236771096723,0.3500000000000001,True,correct,ECOM,43
460,34303,True,1,207900179,0.9543930848647194,0.2689838691535981,0.6854092157111213,0.3500000000000001,True,correct,ECOM,43
461,32880,True,1,205106048,0.7753405130300063,0.2855704410384518,0.4897700719915545,0.3500000000000001,True,correct,ECOM,43
462,23246,True,2,90146847,0.7533161743781935,0.5249981823543991,0.22831799202379444,0.3500000000000001,True,correct,ECOM,43
463,34941,True,1,208504307,0.7606063272443021,0.16897479843481128,0.5916315288094909,0.3500000000000001,True,correct,ECOM,43
464,33157,True,1,207390654,0.7242347018340488,0.1599228650290292,0.5643118368050196,0.3500000000000001,True,correct,ECOM,43
465,33471,True,1,208294727,0.9369328955223097,0.8431114542636673,0.09382144125864245,0.3500000000000001,True,correct,ECOM,43
466,27975,True,1,10360978,0.8873417508185781,0.8067802982111396,0.08056145260743852,0.3500000000000001,True,correct,ECOM,43
467,36029,True,1,202785722,0.9786833511322695,0.0628200597855352,0.9158632913467343,0.3500000000000001,True,correct,ECOM,43
468,24368,True,1,202899996,0.6231350044310996,0.005136116010412762,0.6179988884206868,0.3500000000000001,True,correct,ECOM,43
469,16003,True,1,208226457,0.07935407649613459,0.040092576442111796,0.03926150005402279,0.3500000000000001,False,missing_match,ECOM,43
470,37404,True,1,209705778,0.520329142049518,0.30770167284943,0.21262746920008796,0.3500000000000001,True,correct,ECOM,43
471,33263,True,1,208105573,0.240191234018596,0.016745550617642286,0.2234456834009537,0.3500000000000001,False,missing_match,ECOM,43
472,34009,True,1,207595882,0.9631221596153071,0.62623525517728,0.33688690443802716,0.3500000000000001,True,correct,ECOM,43
473,33801,True,1,207544265,0.5342046832086733,0.005097695918440267,0.5291069872902331,0.3500000000000001,True,correct,ECOM,43
474,36084,True,1,205664938,0.7586206466812331,0.20382628032205222,0.5547943663591809,0.3500000000000001,True,correct,ECOM,43
475,35276,True,1,208084021,0.9265251164044263,0.5504710941973803,0.376054022207046,0.3500000000000001,True,correct,ECOM,43
476,17653,True,1,207667994,0.02943062546442251,0.011166989116297035,0.018263636348125473,0.3500000000000001,False,missing_match,ECOM,43
477,33488,True,1,208154765,0.9446961257338834,0.2929383919086211,0.6517577338252623,0.3500000000000001,True,correct,ECOM,43
478,36507,True,1,208939028,0.2689959699556519,0.1398526117250235,0.1291433582306284,0.3500000000000001,False,missing_match,ECOM,43
479,36811,True,1,208930714,0.7566641615430421,0.08698525899608073,0.6696789025469614,0.3500000000000001,True,correct,ECOM,43
480,32358,True,1,208295050,0.8787578681993488,0.7264063510766542,0.15235151712269457,0.3500000000000001,True,correct,ECOM,43
481,35306,True,1,207543196,0.6217029939652494,0.2762727978682306,0.3454301960970188,0.3500000000000001,True,correct,ECOM,43
482,38806,True,1,210536123,0.05789899714193717,0.00949977730308043,0.04839921983885674,0.3500000000000001,False,missing_match,ECOM,43
483,34165,True,1,206928452,0.2509390084868101,0.0053554050401628155,0.2455836034466473,0.3500000000000001,False,missing_match,ECOM,43
484,34944,True,1,208042977,0.8687735364986808,0.07979283784021493,0.7889806986584659,0.3500000000000001,True,correct,ECOM,43
485,17872,True,1,90145561,0.8647959641712815,0.7544129418049024,0.11038302236637909,0.3500000000000001,True,correct,ECOM,43
486,8552,True,1,90138609,0.8769196144136303,0.3615526353950438,0.5153669790185865,0.3500000000000001,True,correct,ECOM,43
487,32150,True,1,207390506,0.047114038604264094,0.018420691983766425,0.02869334662049767,0.3500000000000001,False,missing_match,ECOM,43
488,34280,True,1,207900177,0.8171844629878157,0.7966446117819962,0.02053985120581947,0.3500000000000001,True,correct,ECOM,43
489,28350,True,1,204206935,0.17373767231389492,0.039819390411108005,0.13391828190278693,0.3500000000000001,False,missing_match,ECOM,43
490,32022,True,1,204363358,0.7809318893267597,0.06809162456483034,0.7128402647619294,0.3500000000000001,True,correct,ECOM,43
491,37340,True,1,208890876,0.042204159257324916,0.025872985630922055,0.01633117362640286,0.3500000000000001,False,missing_match,ECOM,43
492,16741,True,1,201959840,0.9273391767705397,0.07085287937988188,0.8564862973906577,0.3500000000000001,True,correct,ECOM,43
493,34125,True,2,203165921,0.8657430731417655,0.8330451951678965,0.032697877973868916,0.3500000000000001,True,correct,ECOM,43
494,36299,True,1,208342524,0.9063137528725125,0.4064378721466764,0.49987588072583605,0.3500000000000001,True,correct,ECOM,43
495,23006,True,2,202456880,0.87165992097611,0.0031720584701628125,0.8684878625059472,0.3500000000000001,True,correct,ECOM,43
496,33271,True,1,206808431,0.8155441008330271,0.8059768964339393,0.009567204399087759,0.3500000000000001,True,correct,ECOM,43
497,38483,True,1,204407682,0.9330647172232038,0.7354871184619918,0.19757759876121206,0.3500000000000001,True,false_link,ECOM,43
498,37652,True,1,210254965,0.16782459446277048,0.010197219679880598,0.15762737478288988,0.3500000000000001,False,missing_match,ECOM,43
499,32314,True,1,207509842,0.9495283246001515,0.033720202018446714,0.9158081225817047,0.3500000000000001,True,correct,ECOM,43
500,34595,True,1,203199121,0.8673167270373258,0.019405966009162424,0.8479107610281633,0.3500000000000001,True,correct,ECOM,43
501,36197,True,1,207925440,0.773636349354507,0.04271866349401707,0.7309176858604899,0.3500000000000001,True,correct,ECOM,43
502,30951,True,1,205599985,0.7002238338735688,0.3318549049091462,0.3683689289644226,0.3500000000000001,True,false_link,ECOM,43
503,34559,True,1,207907559,0.03033167576522509,0.02635189507160615,0.003979780693618942,0.3500000000000001,False,missing_match,ECOM,43
504,26861,True,1,203388612,0.9200417754445411,0.21446202867539466,0.7055797467691465,0.3500000000000001,True,correct,ECOM,43
505,33158,True,1,207338961,0.6751533856120675,0.104216803974477,0.5709365816375905,0.3500000000000001,True,correct,ECOM,43
506,30594,True,1,202139765,0.08210952181014611,0.03565888350924706,0.04645063830089905,0.3500000000000001,False,missing_match,ECOM,43
507,35905,True,1,204238996,0.1132516098405529,0.006912859619113548,0.10633875022143935,0.3500000000000001,False,missing_match,ECOM,43
508,37120,True,1,209114551,0.8727354640032781,0.1574630002427098,0.7152724637605683,0.3500000000000001,True,correct,ECOM,43
509,29677,True,1,204884519,0.6511776738393688,0.006315301029759626,0.6448623728096091,0.3500000000000001,True,correct,ECOM,43
510,20458,True,1,201953021,0.6023072999291659,0.019153311231514748,0.5831539886976511,0.3500000000000001,True,correct,ECOM,43
511,36097,True,2,208131008,0.09717988957687479,0.014166906756707577,0.08301298282016721,0.3500000000000001,False,missing_match,ECOM,43
512,37468,True,1,209310241,0.5678338968371036,0.054983408938708005,0.5128504878983956,0.3500000000000001,True,correct,ECOM,43
513,34089,True,1,207900175,0.8135786898498113,0.33463350482321846,0.47894518502659283,0.3500000000000001,True,correct,ECOM,43
514,29273,True,1,202070807,0.9605457674623834,0.038963166957873586,0.9215826005045098,0.3500000000000001,True,correct,ECOM,43
515,38477,True,1,10011646,0.9626832288061908,0.04306957652179313,0.9196136522843977,0.3500000000000001,True,correct,ECOM,43
516,35800,True,1,208504190,0.6963834648736951,0.02299870703429633,0.6733847578393988,0.3500000000000001,True,correct,ECOM,43
517,36151,True,1,207907558,0.27361350512070537,0.14053702577520963,0.13307647934549574,0.3500000000000001,False,missing_match,ECOM,43
518,37322,True,1,209307663,0.9003812523363517,0.0589970017828335,0.8413842505535182,0.3500000000000001,True,correct,ECOM,43
519,27920,True,1,206725724,0.9472564922858053,0.03892196867995979,0.9083345236058455,0.3500000000000001,True,correct,ECOM,43
520,28148,True,1,204792886,0.08673968180824135,0.019775721000595728,0.06696396080764562,0.3500000000000001,False,missing_match,ECOM,43
521,35903,True,1,205769439,0.826030494034791,0.2595857412793382,0.5664447527554528,0.3500000000000001,True,correct,ECOM,43
522,38474,True,1,10343605,0.9136893037474456,0.011164086146444449,0.9025252176010011,0.3500000000000001,True,correct,ECOM,43
523,36990,True,1,209253738,0.2982306789491589,0.07579770993733674,0.22243296901182213,0.3500000000000001,False,missing_match,ECOM,43
524,33938,True,1,208464825,0.7553732874620742,0.01202062091689922,0.743352666545175,0.3500000000000001,True,correct,ECOM,43
525,38164,True,1,209700735,0.8972919826147395,0.008484300698253285,0.8888076819164863,0.3500000000000001,True,correct,ECOM,43
526,35165,True,1,208117924,0.05522749500023821,0.0371721465962273,0.018055348404010907,0.3500000000000001,False,missing_match,ECOM,43
527,27479,True,1,10351869,0.9591171330817239,0.0484575479613874,0.9106595851203365,0.3500000000000001,True,correct,ECOM,43
528,38127,True,1,209720586,0.6018330816495838,0.1017828821688964,0.5000501994806874,0.3500000000000001,True,correct,ECOM,43
529,36309,True,1,208409785,0.5696350349352594,0.3633448813550574,0.20629015358020197,0.3500000000000001,True,correct,ECOM,43
530,37716,True,1,207899810,0.5182202471725211,0.4095621059056822,0.10865814126683893,0.3500000000000001,True,correct,ECOM,43
531,36556,True,1,209891040,0.7678768971155446,0.30929786263944914,0.4585790344760955,0.3500000000000001,True,correct,ECOM,43
532,30603,True,1,202755491,0.06945260555490758,0.012856130267542556,0.05659647528736502,0.3500000000000001,False,missing_match,ECOM,43
533,25413,True,1,90049795,0.8890706312615437,0.131157632995034,0.7579129982665097,0.3500000000000001,True,correct,ECOM,43
534,37803,True,1,207875395,0.8969100895126055,0.6726543966739973,0.22425569283860824,0.3500000000000001,True,correct,ECOM,43
535,32226,True,1,208154765,0.015381860504792358,0.011053194726762377,0.004328665778029981,0.3500000000000001,False,missing_match,ECOM,43
536,38587,True,1,201692677,0.17765750761545912,0.05570847116780518,0.12194903644765394,0.3500000000000001,False,missing_match,ECOM,43
537,38008,True,1,210227271,0.23882359215872775,0.22827286548136197,0.010550726677365785,0.3500000000000001,False,missing_match,ECOM,43
538,35031,True,1,208156878,0.31037323022835467,0.31037323022835467,0.0,0.3500000000000001,False,missing_match,ECOM,43
539,28149,True,1,204792886,0.05315651641800243,0.0244762488206755,0.028680267597326933,0.3500000000000001,False,missing_match,ECOM,43
540,34031,True,1,207910213,0.8976889955373779,0.06572666697115678,0.8319623285662211,0.3500000000000001,True,correct,ECOM,43
