dataset,column,k,seed,record_index,ida,has_true_match,n_valid_matches,retained_idb,n_candidates,top_idb,top_is_retained,top_is_any_valid,top_score,threshold,declared,category
ECOM,k=5,5,42,0,32889,True,1,208085178,5,208085178,True,True,7.473202705383301,0.15000000000000002,True,correct
ECOM,k=5,5,42,1,33936,True,1,207391019,5,207391019,True,True,5.643579483032227,0.15000000000000002,True,correct
ECOM,k=5,5,42,2,35175,True,1,208117922,5,208117920,False,False,-0.17214800417423248,0.15000000000000002,False,missing_match
ECOM,k=5,5,42,3,34126,True,1,203166120,5,203166120,True,True,5.827439785003662,0.15000000000000002,True,correct
ECOM,k=5,5,42,4,38773,True,1,210441166,5,210441166,True,True,6.723694801330566,0.15000000000000002,True,correct
ECOM,k=5,5,42,5,34301,True,1,206615080,5,206615080,True,True,7.377162456512451,0.15000000000000002,True,correct
ECOM,k=5,5,42,6,38096,True,1,207391434,5,207391434,True,True,6.901169776916504,0.15000000000000002,True,correct
ECOM,k=5,5,42,7,38106,True,1,202026554,5,202026554,True,True,9.02761173248291,0.15000000000000002,True,correct
ECOM,k=5,5,42,8,38957,True,1,207535265,5,207535265,True,True,-3.0038559436798096,0.15000000000000002,False,missing_match
ECOM,k=5,5,42,9,37211,True,1,209310260,5,209310260,True,True,5.545311450958252,0.15000000000000002,True,correct
ECOM,k=5,5,42,10,38735,True,1,203329570,5,203329570,True,True,7.556083679199219,0.15000000000000002,True,correct
ECOM,k=5,5,42,11,34092,True,2,207679756,5,207679756,True,True,7.427242279052734,0.15000000000000002,True,correct
ECOM,k=5,5,42,12,34476,True,1,206888012,5,206888012,True,True,2.079044818878174,0.15000000000000002,True,correct
ECOM,k=5,5,42,13,25136,True,1,203087638,5,203087638,True,True,3.8649373054504395,0.15000000000000002,True,correct
ECOM,k=5,5,42,14,31881,True,1,203514371,5,203514371,True,True,6.4271016120910645,0.15000000000000002,True,correct
ECOM,k=5,5,42,15,33220,True,1,208653767,5,208653767,True,True,7.843636512756348,0.15000000000000002,True,correct
ECOM,k=5,5,42,16,30602,True,1,208111280,5,90138537,False,False,-5.746861934661865,0.15000000000000002,False,missing_match
ECOM,k=5,5,42,17,33562,True,1,207542597,5,207542597,True,True,5.060527324676514,0.15000000000000002,True,correct
ECOM,k=5,5,42,18,37182,True,1,209705774,5,209705774,True,True,1.0415546894073486,0.15000000000000002,True,correct
ECOM,k=5,5,42,19,37039,True,1,208504461,5,208504461,True,True,7.252965927124023,0.15000000000000002,True,correct
ECOM,k=5,5,42,20,17187,True,1,202041204,5,202041204,True,True,4.132356643676758,0.15000000000000002,True,correct
ECOM,k=5,5,42,21,18441,True,1,209002546,5,209002546,True,True,1.6123006343841553,0.15000000000000002,True,correct
ECOM,k=5,5,42,22,33493,True,1,206928744,5,206928744,True,True,4.670605659484863,0.15000000000000002,True,correct
ECOM,k=5,5,42,23,32280,True,1,205985719,5,205664966,False,False,1.2285076379776,0.15000000000000002,True,false_link
ECOM,k=5,5,42,24,33758,True,1,207910212,5,207910212,True,True,9.465645790100098,0.15000000000000002,True,correct
ECOM,k=5,5,42,25,37964,True,1,209310243,5,209310243,True,True,7.355086326599121,0.15000000000000002,True,correct
ECOM,k=5,5,42,26,36345,True,1,204407682,5,204407682,True,True,4.4228196144104,0.15000000000000002,True,correct
ECOM,k=5,5,42,27,31992,True,1,203952966,5,203952966,True,True,9.398276329040527,0.15000000000000002,True,correct
ECOM,k=5,5,42,28,38483,True,1,210259873,5,210259873,True,True,8.003857612609863,0.15000000000000002,True,correct
ECOM,k=5,5,42,29,35477,True,1,206359209,5,206359209,True,True,8.056396484375,0.15000000000000002,True,correct
ECOM,k=5,5,42,30,34708,True,1,208186248,5,208186248,True,True,-5.167286396026611,0.15000000000000002,False,missing_match
ECOM,k=5,5,42,31,34880,True,1,207929461,5,207929461,True,True,4.31487512588501,0.15000000000000002,True,correct
ECOM,k=5,5,42,32,16765,True,1,204569335,5,204569335,True,True,9.332559585571289,0.15000000000000002,True,correct
ECOM,k=5,5,42,33,29133,True,1,206887553,5,206887553,True,True,5.7437663078308105,0.15000000000000002,True,correct
ECOM,k=5,5,42,34,25813,True,1,202973389,5,202973389,True,True,3.940974235534668,0.15000000000000002,True,correct
ECOM,k=5,5,42,35,34303,True,1,207900179,5,207900179,True,True,6.923487186431885,0.15000000000000002,True,correct
ECOM,k=5,5,42,36,35485,True,1,206901613,5,206901613,True,True,5.3705854415893555,0.15000000000000002,True,correct
ECOM,k=5,5,42,37,19672,True,1,203088013,5,203088013,True,True,8.096342086791992,0.15000000000000002,True,correct
ECOM,k=5,5,42,38,30058,True,1,209028436,5,209028436,True,True,0.8458512425422668,0.15000000000000002,True,correct
ECOM,k=5,5,42,39,39090,True,1,208504394,5,208504394,True,True,4.846895217895508,0.15000000000000002,True,correct
ECOM,k=5,5,42,40,32314,True,1,207509842,5,207509842,True,True,9.12654972076416,0.15000000000000002,True,correct
ECOM,k=5,5,42,41,34968,True,1,209297152,5,209297152,True,True,8.177093505859375,0.15000000000000002,True,correct
ECOM,k=5,5,42,42,34864,True,1,208294717,5,208294717,True,True,7.5321431159973145,0.15000000000000002,True,correct
ECOM,k=5,5,42,43,37531,True,1,204226641,5,204226641,True,True,8.105168342590332,0.15000000000000002,True,correct
ECOM,k=5,5,42,44,38098,True,1,209026630,5,209026630,True,True,7.1039137840271,0.15000000000000002,True,correct
ECOM,k=5,5,42,45,22100,True,1,201953026,5,201953026,True,True,3.334766387939453,0.15000000000000002,True,correct
ECOM,k=5,5,42,46,20447,True,1,90128026,5,90128026,True,True,8.345507621765137,0.15000000000000002,True,correct
ECOM,k=5,5,42,47,13945,True,1,207544306,5,207544306,True,True,5.337497234344482,0.15000000000000002,True,correct
ECOM,k=5,5,42,48,35925,True,2,202592699,5,202592699,True,True,8.244253158569336,0.15000000000000002,True,correct
ECOM,k=5,5,42,49,33908,True,1,208111903,5,208111903,True,True,1.3755156993865967,0.15000000000000002,True,correct
ECOM,k=5,5,42,50,26444,True,1,203407045,5,203407045,True,True,-0.6454444527626038,0.15000000000000002,False,missing_match
ECOM,k=5,5,42,51,33536,True,1,206898357,5,206898357,True,True,6.541649341583252,0.15000000000000002,True,correct
ECOM,k=5,5,42,52,32112,True,1,206356230,5,206356230,True,True,7.783389568328857,0.15000000000000002,True,correct
ECOM,k=5,5,42,53,26622,True,1,203201062,5,203201062,True,True,8.318096160888672,0.15000000000000002,True,correct
ECOM,k=5,5,42,54,34361,True,1,207642497,5,207390171,False,False,-2.756357192993164,0.15000000000000002,False,missing_match
ECOM,k=5,5,42,55,36388,True,1,208226694,5,208226694,True,True,3.893171787261963,0.15000000000000002,True,correct
ECOM,k=5,5,42,56,37310,True,1,209901966,5,209901965,False,False,4.141293048858643,0.15000000000000002,True,false_link
ECOM,k=5,5,42,57,34725,True,1,207666381,5,207666381,True,True,6.616183280944824,0.15000000000000002,True,correct
ECOM,k=5,5,42,58,33275,True,1,206808430,5,206808430,True,True,6.251763343811035,0.15000000000000002,True,correct
ECOM,k=5,5,42,59,36906,True,1,208656495,5,208656495,True,True,0.857427179813385,0.15000000000000002,True,correct
ECOM,k=5,5,42,60,33158,True,1,207338961,5,207338961,True,True,0.5284169912338257,0.15000000000000002,True,correct
ECOM,k=5,5,42,61,38826,True,1,208294970,5,206725198,False,False,-0.7266685366630554,0.15000000000000002,False,missing_match
ECOM,k=5,5,42,62,34934,True,1,208117929,5,208117929,True,True,-0.8757719397544861,0.15000000000000002,False,missing_match
ECOM,k=5,5,42,63,29574,True,1,204559209,5,204559209,True,True,9.037938117980957,0.15000000000000002,True,correct
ECOM,k=5,5,42,64,36494,True,1,204740975,5,204740975,True,True,8.042684555053711,0.15000000000000002,True,correct
ECOM,k=5,5,42,65,36168,True,1,208171630,5,208171630,True,True,7.2403340339660645,0.15000000000000002,True,correct
ECOM,k=5,5,42,66,36816,True,1,208893656,5,208893656,True,True,-1.472574234008789,0.15000000000000002,False,missing_match
ECOM,k=5,5,42,67,33471,True,1,208294727,5,208294727,True,True,9.1013822555542,0.15000000000000002,True,correct
ECOM,k=5,5,42,68,33767,True,1,208112357,5,207910212,False,False,9.4149751663208,0.15000000000000002,True,false_link
ECOM,k=5,5,42,69,36249,True,1,208504437,5,208504437,True,True,-0.21926496922969818,0.15000000000000002,False,missing_match
ECOM,k=5,5,42,70,33997,True,1,207390717,5,207390717,True,True,7.160699367523193,0.15000000000000002,True,correct
ECOM,k=5,5,42,71,38388,True,1,210399777,5,210399777,True,True,3.5761284828186035,0.15000000000000002,True,correct
ECOM,k=5,5,42,72,34154,True,1,207390673,5,207390673,True,True,7.547814846038818,0.15000000000000002,True,correct
ECOM,k=5,5,42,73,32034,True,1,10333368,5,10333368,True,True,7.356953144073486,0.15000000000000002,True,correct
ECOM,k=5,5,42,74,22242,True,1,203198950,5,203198950,True,True,3.528188705444336,0.15000000000000002,True,correct
ECOM,k=5,5,42,75,34076,True,1,207959750,5,207959750,True,True,5.059713840484619,0.15000000000000002,True,correct
ECOM,k=5,5,42,76,39054,True,1,207390496,5,207390496,True,True,-6.215357303619385,0.15000000000000002,False,missing_match
ECOM,k=5,5,42,77,37477,True,1,209634135,5,209634135,True,True,8.250988006591797,0.15000000000000002,True,correct
ECOM,k=5,5,42,78,36864,True,1,210442350,5,210442350,True,True,8.299612045288086,0.15000000000000002,True,correct
ECOM,k=5,5,42,79,37462,True,1,209026638,5,209026638,True,True,6.828352928161621,0.15000000000000002,True,correct
ECOM,k=5,5,42,80,28350,True,1,204206935,5,204206936,False,False,-0.9669213891029358,0.15000000000000002,False,missing_match
ECOM,k=5,5,42,81,34280,True,1,207900177,5,207900177,True,True,5.799675941467285,0.15000000000000002,True,correct
ECOM,k=5,5,42,82,21989,True,1,204274645,5,204274645,True,True,8.39297866821289,0.15000000000000002,True,correct
ECOM,k=5,5,42,83,17372,True,1,10363243,5,10363243,True,True,5.972541332244873,0.15000000000000002,True,correct
ECOM,k=5,5,42,84,35277,True,1,208085253,5,208085253,True,True,7.894552230834961,0.15000000000000002,True,correct
ECOM,k=5,5,42,85,31273,True,1,203086857,5,203086857,True,True,6.526787281036377,0.15000000000000002,True,correct
ECOM,k=5,5,42,86,35024,True,1,208156876,5,208117925,False,False,-0.8472935557365417,0.15000000000000002,False,missing_match
ECOM,k=5,5,42,87,32560,True,1,207540310,5,207540310,True,True,5.303586483001709,0.15000000000000002,True,correct
ECOM,k=5,5,42,88,38939,True,1,204823067,5,204823067,True,True,5.468603610992432,0.15000000000000002,True,correct
ECOM,k=5,5,42,89,11801,True,1,206722262,5,206722262,True,True,5.072868824005127,0.15000000000000002,True,correct
ECOM,k=5,5,42,90,37139,True,1,208893658,5,208893658,True,True,3.5754761695861816,0.15000000000000002,True,correct
ECOM,k=5,5,42,91,24346,True,1,208972043,5,208972043,True,True,3.6283798217773438,0.15000000000000002,True,correct
ECOM,k=5,5,42,92,33582,True,1,207388758,5,207388758,True,True,3.3164987564086914,0.15000000000000002,True,correct
ECOM,k=5,5,42,93,33157,True,1,207390654,5,207667995,False,False,1.5375075340270996,0.15000000000000002,True,false_link
ECOM,k=5,5,42,94,31373,True,1,208455791,5,208455791,True,True,7.578164577484131,0.15000000000000002,True,correct
ECOM,k=5,5,42,95,38619,True,1,202985806,5,202985806,True,True,8.797630310058594,0.15000000000000002,True,correct
ECOM,k=5,5,42,96,36969,True,1,203474227,5,203474227,True,True,-3.768519878387451,0.15000000000000002,False,missing_match
ECOM,k=5,5,42,97,33431,True,1,207390644,5,207390644,True,True,4.355450630187988,0.15000000000000002,True,correct
ECOM,k=5,5,42,98,21182,True,1,202486964,5,202486964,True,True,2.154222249984741,0.15000000000000002,True,correct
ECOM,k=5,5,42,99,25857,True,1,202870177,5,202870172,False,False,4.271265506744385,0.15000000000000002,True,false_link
ECOM,k=5,5,42,100,33998,True,1,208112354,5,208112354,True,True,8.93532943725586,0.15000000000000002,True,correct
ECOM,k=5,5,42,101,35981,True,1,207539418,5,207539418,True,True,7.98617696762085,0.15000000000000002,True,correct
ECOM,k=5,5,42,102,37646,True,1,209122918,5,209122918,True,True,-1.8685262203216553,0.15000000000000002,False,missing_match
ECOM,k=5,5,42,103,38173,True,1,210441817,5,210441817,True,True,8.761212348937988,0.15000000000000002,True,correct
ECOM,k=5,5,42,104,30708,True,1,205083947,5,205083947,True,True,4.964986801147461,0.15000000000000002,True,correct
ECOM,k=5,5,42,105,34096,True,1,207642358,5,207642358,True,True,5.053194522857666,0.15000000000000002,True,correct
ECOM,k=5,5,42,106,33726,True,1,207993409,5,207993409,True,True,2.758892059326172,0.15000000000000002,True,correct
ECOM,k=5,5,42,107,16741,True,1,201959840,5,201959840,True,True,8.157502174377441,0.15000000000000002,True,correct
ECOM,k=5,5,42,108,36123,True,1,208504432,5,208504432,True,True,8.000590324401855,0.15000000000000002,True,correct
ECOM,k=5,5,42,109,34944,True,1,208042977,5,208042977,True,True,7.465273380279541,0.15000000000000002,True,correct
ECOM,k=5,5,42,110,34465,True,1,209890796,5,209890796,True,True,3.106527805328369,0.15000000000000002,True,correct
ECOM,k=5,5,42,111,37872,True,1,210190818,5,210190818,True,True,7.18801212310791,0.15000000000000002,True,correct
ECOM,k=5,5,42,112,18960,True,1,202067544,5,202067544,True,True,1.0117566585540771,0.15000000000000002,True,correct
ECOM,k=5,5,42,113,37915,True,1,207465595,5,207465595,True,True,5.526528358459473,0.15000000000000002,True,correct
ECOM,k=5,5,42,114,7936,True,1,90104307,5,202900030,False,False,-4.655312538146973,0.15000000000000002,False,missing_match
ECOM,k=5,5,42,115,35033,True,1,208156877,5,208156877,True,True,2.081134080886841,0.15000000000000002,True,correct
ECOM,k=5,5,42,116,26617,True,1,201692705,5,201692705,True,True,5.058945655822754,0.15000000000000002,True,correct
ECOM,k=5,5,42,117,30603,True,1,208111279,5,202900227,False,False,-5.296998023986816,0.15000000000000002,False,missing_match
ECOM,k=5,5,42,118,27137,True,1,204049780,5,204049780,True,True,2.023320198059082,0.15000000000000002,True,correct
ECOM,k=5,5,42,119,29612,True,1,205106045,5,205106045,True,True,0.12914177775382996,0.15000000000000002,False,missing_match
ECOM,k=5,5,42,120,36450,True,1,209393872,5,207919773,False,False,-3.051239252090454,0.15000000000000002,False,missing_match
ECOM,k=5,5,42,121,27479,True,1,10351869,5,10351869,True,True,9.803135871887207,0.15000000000000002,True,correct
ECOM,k=5,5,42,122,28175,True,1,204318286,5,204318286,True,True,4.5539469718933105,0.15000000000000002,True,correct
ECOM,k=5,5,42,123,33690,True,1,207391431,5,207391431,True,True,7.359748840332031,0.15000000000000002,True,correct
ECOM,k=5,5,42,124,33439,True,1,207464920,5,207464920,True,True,7.2208991050720215,0.15000000000000002,True,correct
ECOM,k=5,5,42,125,20466,True,1,201692695,5,201953029,False,False,-0.07634399831295013,0.15000000000000002,False,missing_match
ECOM,k=5,5,42,126,19604,True,1,203025446,5,203025446,True,True,7.7304463386535645,0.15000000000000002,True,correct
ECOM,k=5,5,42,127,33280,True,1,206808434,5,206808434,True,True,5.27471399307251,0.15000000000000002,True,correct
ECOM,k=5,5,42,128,38468,True,1,210435432,5,210435432,True,True,7.088650226593018,0.15000000000000002,True,correct
ECOM,k=5,5,42,129,36149,True,1,207907550,5,207907550,True,True,4.056365013122559,0.15000000000000002,True,correct
ECOM,k=5,5,42,130,35012,True,1,207642355,5,207642355,True,True,5.995048522949219,0.15000000000000002,True,correct
ECOM,k=5,5,42,131,38231,True,1,201744288,5,201744288,True,True,8.393926620483398,0.15000000000000002,True,correct
ECOM,k=5,5,42,132,29758,True,1,201953029,5,201953029,True,True,1.0113015174865723,0.15000000000000002,True,correct
ECOM,k=5,5,42,133,24153,True,1,208715855,5,208715855,True,True,4.522880554199219,0.15000000000000002,True,correct
ECOM,k=5,5,42,134,35467,True,1,201699873,5,201699873,True,True,9.306392669677734,0.15000000000000002,True,correct
ECOM,k=5,5,42,135,35694,True,1,208184891,5,208184891,True,True,7.20654821395874,0.15000000000000002,True,correct
ECOM,k=5,5,42,136,35018,True,1,207900343,5,207900343,True,True,6.298254489898682,0.15000000000000002,True,correct
ECOM,k=5,5,42,137,38726,True,1,204080936,5,204080936,True,True,-1.465236783027649,0.15000000000000002,False,missing_match
ECOM,k=5,5,42,138,33044,True,1,203514305,5,201692677,False,False,-3.5895371437072754,0.15000000000000002,False,missing_match
ECOM,k=5,5,42,139,19112,True,1,90148541,5,90148541,True,True,4.598251819610596,0.15000000000000002,True,correct
ECOM,k=5,5,42,140,33804,True,1,206575951,5,206575951,True,True,7.532376766204834,0.15000000000000002,True,correct
ECOM,k=5,5,42,141,27182,True,1,206481908,5,206481908,True,True,2.5759830474853516,0.15000000000000002,True,correct
ECOM,k=5,5,42,142,37231,True,1,209114390,5,209114390,True,True,4.979141712188721,0.15000000000000002,True,correct
ECOM,k=5,5,42,143,33377,True,1,10346525,5,10346525,True,True,7.382538318634033,0.15000000000000002,True,correct
ECOM,k=5,5,42,144,36023,True,1,202451162,5,202451162,True,True,6.129215717315674,0.15000000000000002,True,correct
ECOM,k=5,5,42,145,15046,True,1,209297200,5,209297200,True,True,8.127862930297852,0.15000000000000002,True,correct
ECOM,k=5,5,42,146,13701,True,1,90108521,5,90108521,True,True,4.0827460289001465,0.15000000000000002,True,correct
ECOM,k=5,5,42,147,38644,True,1,208344063,5,208344063,True,True,5.917779445648193,0.15000000000000002,True,correct
ECOM,k=5,5,42,148,23864,True,1,204636071,5,204636071,True,True,1.7007482051849365,0.15000000000000002,True,correct
ECOM,k=5,5,42,149,17067,True,1,90140498,5,90140498,True,True,2.741466522216797,0.15000000000000002,True,correct
ECOM,k=5,5,42,150,36367,True,1,208464207,5,208464207,True,True,-1.6836695671081543,0.15000000000000002,False,missing_match
ECOM,k=5,5,42,151,29029,True,1,204679142,5,204679142,True,True,6.118927955627441,0.15000000000000002,True,correct
ECOM,k=5,5,42,152,37210,True,1,209656961,5,209656961,True,True,4.6010212898254395,0.15000000000000002,True,correct
ECOM,k=5,5,42,153,34007,True,1,207660497,5,207660497,True,True,6.715279579162598,0.15000000000000002,True,correct
ECOM,k=5,5,42,154,32416,True,1,205664913,5,205664913,True,True,1.2367743253707886,0.15000000000000002,True,correct
ECOM,k=5,5,42,155,5644,True,1,203023505,5,203023505,True,True,8.162759780883789,0.15000000000000002,True,correct
ECOM,k=5,5,42,156,29933,True,1,202139765,5,202139765,True,True,7.98870325088501,0.15000000000000002,True,correct
ECOM,k=5,5,42,157,29827,True,1,205664963,5,205664966,False,False,5.261081218719482,0.15000000000000002,True,false_link
ECOM,k=5,5,42,158,38751,True,1,204389692,5,204389692,True,True,4.650700569152832,0.15000000000000002,True,correct
ECOM,k=5,5,42,159,34697,True,1,206783262,5,206783262,True,True,8.447834968566895,0.15000000000000002,True,correct
ECOM,k=5,5,42,160,37311,True,1,209901963,5,209901965,False,False,2.7078378200531006,0.15000000000000002,True,false_link
ECOM,k=5,5,42,161,35415,True,1,206827757,5,206827757,True,True,8.039567947387695,0.15000000000000002,True,correct
ECOM,k=5,5,42,162,33612,True,1,207506250,5,207506250,True,True,3.6302828788757324,0.15000000000000002,True,correct
ECOM,k=5,5,42,163,17220,True,1,90141074,5,90141074,True,True,3.047891616821289,0.15000000000000002,True,correct
ECOM,k=5,5,42,164,17653,True,1,10382243,5,10382243,True,True,-3.6235249042510986,0.15000000000000002,False,missing_match
ECOM,k=5,5,42,165,33053,True,1,10221960,5,10221960,True,True,9.624402046203613,0.15000000000000002,True,correct
ECOM,k=5,5,42,166,31284,True,1,204049534,5,204049534,True,True,-2.067692279815674,0.15000000000000002,False,missing_match
ECOM,k=5,5,42,167,21175,True,1,10412788,5,10412788,True,True,7.951953887939453,0.15000000000000002,True,correct
ECOM,k=5,5,42,168,25670,True,1,203389465,5,203389465,True,True,3.646056652069092,0.15000000000000002,True,correct
ECOM,k=5,5,42,169,34125,True,2,203165921,5,203165921,True,True,6.223881721496582,0.15000000000000002,True,correct
ECOM,k=5,5,42,170,30594,True,1,204939361,5,204939361,True,True,6.869490623474121,0.15000000000000002,True,correct
ECOM,k=5,5,42,171,38782,True,1,210566840,5,210566840,True,True,7.402419567108154,0.15000000000000002,True,correct
ECOM,k=5,5,42,172,34003,True,1,207637777,5,207637777,True,True,6.997349262237549,0.15000000000000002,True,correct
ECOM,k=5,5,42,173,33763,True,1,208112356,5,207910212,False,False,9.05016040802002,0.15000000000000002,True,false_link
ECOM,k=5,5,42,174,28137,True,1,204254634,5,204254634,True,True,8.173528671264648,0.15000000000000002,True,correct
ECOM,k=5,5,42,175,28138,True,1,204327516,5,204327516,True,True,5.7902326583862305,0.15000000000000002,True,correct
ECOM,k=5,5,42,176,33160,True,1,207390655,5,207390655,True,True,0.14244802296161652,0.15000000000000002,False,missing_match
ECOM,k=5,5,42,177,32878,True,1,204219387,5,204219387,True,True,3.616356134414673,0.15000000000000002,True,correct
ECOM,k=5,5,42,178,33640,True,1,206928606,5,206928606,True,True,4.016598224639893,0.15000000000000002,True,correct
ECOM,k=5,5,42,179,27186,True,1,204292477,5,204292477,True,True,-3.339776039123535,0.15000000000000002,False,missing_match
ECOM,k=5,5,42,180,17906,True,1,204274644,5,204274644,True,True,8.67429256439209,0.15000000000000002,True,correct
ECOM,k=5,5,42,181,29816,True,1,208455891,5,208455891,True,True,3.9730756282806396,0.15000000000000002,True,correct
ECOM,k=5,5,42,182,18040,True,1,203151779,5,203151930,False,False,-5.135890960693359,0.15000000000000002,False,missing_match
ECOM,k=5,5,42,183,35800,True,1,208504190,5,204206937,False,False,-4.667286396026611,0.15000000000000002,False,missing_match
ECOM,k=5,5,42,184,8552,True,1,90138609,5,90138609,True,True,9.027464866638184,0.15000000000000002,True,correct
ECOM,k=5,5,42,185,30593,True,1,204860316,5,204860316,True,True,6.329185485839844,0.15000000000000002,True,correct
ECOM,k=5,5,42,186,33671,True,1,206917816,5,206917816,True,True,5.602757453918457,0.15000000000000002,True,correct
ECOM,k=5,5,42,187,33024,True,1,90049752,5,90049752,True,True,-0.07615399360656738,0.15000000000000002,False,missing_match
ECOM,k=5,5,42,188,33965,True,1,206780877,5,206780877,True,True,4.401841640472412,0.15000000000000002,True,correct
ECOM,k=5,5,42,189,37150,True,1,208791918,5,208791918,True,True,9.161670684814453,0.15000000000000002,True,correct
ECOM,k=5,5,42,190,35019,True,1,208117926,5,208117925,False,False,-1.5419716835021973,0.15000000000000002,False,missing_match
ECOM,k=5,5,42,191,26059,True,1,203870569,5,203870569,True,True,6.745914936065674,0.15000000000000002,True,correct
ECOM,k=5,5,42,192,30338,True,1,206460113,5,206460113,True,True,-1.4031176567077637,0.15000000000000002,False,missing_match
ECOM,k=5,5,42,193,27364,True,1,204791586,5,204791586,True,True,6.771175861358643,0.15000000000000002,True,correct
ECOM,k=5,5,42,194,33177,True,1,207390617,5,207390617,True,True,4.0852274894714355,0.15000000000000002,True,correct
ECOM,k=5,5,42,195,29829,True,1,205664964,5,205664966,False,False,3.4620821475982666,0.15000000000000002,True,false_link
ECOM,k=5,5,42,196,38574,True,1,210190784,5,208973561,False,False,-5.235579013824463,0.15000000000000002,False,missing_match
ECOM,k=5,5,42,197,38507,True,1,206181767,5,206181767,True,True,8.802342414855957,0.15000000000000002,True,correct
ECOM,k=5,5,42,198,36451,True,1,208237792,5,208237792,True,True,1.9197392463684082,0.15000000000000002,True,correct
ECOM,k=5,5,42,199,36761,True,1,208453648,5,208453648,True,True,-0.6869676113128662,0.15000000000000002,False,missing_match
ECOM,k=5,5,42,200,27840,True,1,203379249,5,203379249,True,True,3.745278835296631,0.15000000000000002,True,correct
ECOM,k=5,5,42,201,38492,True,1,206725966,5,206725966,True,True,6.682429790496826,0.15000000000000002,True,correct
ECOM,k=5,5,42,202,31014,True,1,205777541,5,205777541,True,True,-3.2092461585998535,0.15000000000000002,False,missing_match
ECOM,k=5,5,42,203,4696,True,1,90049928,5,90049928,True,True,5.920042514801025,0.15000000000000002,True,correct
ECOM,k=5,5,42,204,33537,True,1,206898358,5,206898358,True,True,7.789131164550781,0.15000000000000002,True,correct
ECOM,k=5,5,42,205,35183,True,1,208117920,5,208117918,False,False,8.694018363952637,0.15000000000000002,True,false_link
ECOM,k=5,5,42,206,36053,True,1,90141687,5,90141687,True,True,10.017096519470215,0.15000000000000002,True,correct
ECOM,k=5,5,42,207,36861,True,1,210442348,5,210442348,True,True,8.403046607971191,0.15000000000000002,True,correct
ECOM,k=5,5,42,208,38550,True,1,208296017,5,208296017,True,True,6.580249309539795,0.15000000000000002,True,correct
ECOM,k=5,5,42,209,30219,True,1,207910337,5,207910337,True,True,5.596951007843018,0.15000000000000002,True,correct
ECOM,k=5,5,42,210,33653,True,1,207391014,5,207391014,True,True,7.164032459259033,0.15000000000000002,True,correct
ECOM,k=5,5,42,211,36383,True,1,208226699,5,208226700,False,False,-1.6995782852172852,0.15000000000000002,False,missing_match
ECOM,k=5,5,42,212,37196,True,1,209656956,5,209656956,True,True,7.423638820648193,0.15000000000000002,True,correct
ECOM,k=5,5,42,213,35334,True,1,208504396,5,208504396,True,True,6.353631496429443,0.15000000000000002,True,correct
ECOM,k=5,5,42,214,32625,True,2,201935116,5,201935116,True,True,6.01926326751709,0.15000000000000002,True,correct
ECOM,k=5,5,42,215,29072,True,1,208456130,5,208456130,True,True,5.770602226257324,0.15000000000000002,True,correct
ECOM,k=5,5,42,216,38327,True,1,207390671,5,207390671,True,True,8.411551475524902,0.15000000000000002,True,correct
ECOM,k=5,5,42,217,34395,True,1,206362749,5,206362749,True,True,1.6564565896987915,0.15000000000000002,True,correct
ECOM,k=5,5,42,218,34610,True,1,207543191,5,207543190,False,False,2.483992338180542,0.15000000000000002,True,false_link
ECOM,k=5,5,42,219,36931,True,1,208370418,5,208370418,True,True,5.672731876373291,0.15000000000000002,True,correct
ECOM,k=5,5,42,220,34135,True,1,207900170,5,207900170,True,True,8.546814918518066,0.15000000000000002,True,correct
ECOM,k=5,5,42,221,30951,True,1,205599984,5,205599985,False,False,-0.5755662322044373,0.15000000000000002,False,missing_match
ECOM,k=5,5,42,222,36471,True,1,209208661,5,209208661,True,True,6.807699680328369,0.15000000000000002,True,correct
ECOM,k=5,5,42,223,30158,True,1,204937142,5,204937142,True,True,8.360272407531738,0.15000000000000002,True,correct
ECOM,k=5,5,42,224,29950,True,1,204559210,5,204559211,False,False,2.2626841068267822,0.15000000000000002,True,false_link
ECOM,k=5,5,42,225,35194,True,1,208504297,5,208504297,True,True,8.235074996948242,0.15000000000000002,True,correct
ECOM,k=5,5,42,226,27975,True,1,10360978,5,10360978,True,True,7.233346462249756,0.15000000000000002,True,correct
ECOM,k=5,5,42,227,30436,True,1,204505951,5,206895864,False,False,-0.7690903544425964,0.15000000000000002,False,missing_match
ECOM,k=5,5,42,228,29906,True,1,202139744,5,202139744,True,True,7.799596309661865,0.15000000000000002,True,correct
ECOM,k=5,5,42,229,37767,True,1,204588748,5,204588748,True,True,9.648046493530273,0.15000000000000002,True,correct
ECOM,k=5,5,42,230,31176,True,1,205844279,5,205844279,True,True,1.2183864116668701,0.15000000000000002,True,correct
ECOM,k=5,5,42,231,21875,True,1,201700823,5,201700823,True,True,5.617871284484863,0.15000000000000002,True,correct
ECOM,k=5,5,42,232,34256,True,1,206888001,5,206888001,True,True,2.721618413925171,0.15000000000000002,True,correct
ECOM,k=5,5,42,233,17094,True,1,203151930,5,201959840,False,False,5.541135311126709,0.15000000000000002,True,false_link
ECOM,k=5,5,42,234,27197,True,1,204318288,5,204318288,True,True,5.627263069152832,0.15000000000000002,True,correct
ECOM,k=5,5,42,235,22940,True,1,203472622,5,203472622,True,True,7.021918773651123,0.15000000000000002,True,correct
ECOM,k=5,5,42,236,33971,True,1,207391020,5,207391020,True,True,3.778074264526367,0.15000000000000002,True,correct
ECOM,k=5,5,42,237,13202,True,1,10379358,5,10379358,True,True,7.955059051513672,0.15000000000000002,True,correct
ECOM,k=5,5,42,238,18524,True,1,90145909,5,90145909,True,True,6.293379306793213,0.15000000000000002,True,correct
ECOM,k=5,5,42,239,38008,True,1,210227271,5,210227285,False,False,-5.296076774597168,0.15000000000000002,False,missing_match
ECOM,k=5,5,42,240,16309,True,1,203022472,5,203022472,True,True,8.18838119506836,0.15000000000000002,True,correct
ECOM,k=5,5,42,241,34220,True,1,209869342,5,209869342,True,True,4.926672458648682,0.15000000000000002,True,correct
ECOM,k=5,5,42,242,33564,True,1,208504179,5,208504179,True,True,5.79483699798584,0.15000000000000002,True,correct
ECOM,k=5,5,42,243,35219,True,1,208504334,5,208504334,True,True,8.030924797058105,0.15000000000000002,True,correct
ECOM,k=5,5,42,244,29238,True,1,204206937,5,204206937,True,True,8.755690574645996,0.15000000000000002,True,correct
ECOM,k=5,5,42,245,38781,True,1,207920831,5,207920831,True,True,2.700261116027832,0.15000000000000002,True,correct
ECOM,k=5,5,42,246,32315,True,1,205083968,5,205083968,True,True,8.428939819335938,0.15000000000000002,True,correct
ECOM,k=5,5,42,247,32664,True,1,209975310,5,208409785,False,False,-0.22508330643177032,0.15000000000000002,False,missing_match
ECOM,k=5,5,42,248,32630,True,1,207554111,5,207554111,True,True,5.654735088348389,0.15000000000000002,True,correct
ECOM,k=5,5,42,249,29392,True,1,204295637,5,204295637,True,True,7.725253105163574,0.15000000000000002,True,correct
ECOM,k=5,5,42,250,30585,True,1,204206934,5,207543196,False,False,-5.73424768447876,0.15000000000000002,False,missing_match
ECOM,k=5,5,42,251,35218,True,1,207536225,5,207536225,True,True,6.699897289276123,0.15000000000000002,True,correct
ECOM,k=5,5,42,252,32893,True,1,208085182,5,208085182,True,True,2.667393684387207,0.15000000000000002,True,correct
ECOM,k=5,5,42,253,35201,True,1,208504318,5,208504318,True,True,8.288275718688965,0.15000000000000002,True,correct
ECOM,k=5,5,42,254,28500,True,1,203445749,5,203445749,True,True,6.980945110321045,0.15000000000000002,True,correct
ECOM,k=5,5,42,255,33510,True,1,205516750,5,205516750,True,True,-3.057006359100342,0.15000000000000002,False,missing_match
ECOM,k=5,5,42,256,34727,True,1,207666379,5,207666379,True,True,6.891855716705322,0.15000000000000002,True,correct
ECOM,k=5,5,42,257,31635,True,1,206460118,5,206460118,True,True,2.3829143047332764,0.15000000000000002,True,correct
ECOM,k=5,5,42,258,31414,True,1,204222915,5,204222915,True,True,2.862931489944458,0.15000000000000002,True,correct
ECOM,k=5,5,42,259,37403,True,1,209705777,5,209705777,True,True,1.7673900127410889,0.15000000000000002,True,correct
ECOM,k=5,5,42,260,17417,True,1,90120953,5,90120953,True,True,0.8873260617256165,0.15000000000000002,True,correct
ECOM,k=5,5,42,261,32990,True,1,206812505,5,206928604,False,False,2.5983266830444336,0.15000000000000002,True,false_link
ECOM,k=5,5,42,262,20454,True,1,201692648,5,201692648,True,True,0.22580023109912872,0.15000000000000002,True,correct
ECOM,k=5,5,42,263,34894,True,1,208504340,5,208504340,True,True,7.418554782867432,0.15000000000000002,True,correct
ECOM,k=5,5,42,264,28971,True,1,204679144,5,204679144,True,True,7.875025272369385,0.15000000000000002,True,correct
ECOM,k=5,5,42,265,35276,True,1,208084021,5,208084021,True,True,7.673701763153076,0.15000000000000002,True,correct
ECOM,k=5,5,42,266,37623,True,1,208809705,5,208809705,True,True,6.926422595977783,0.15000000000000002,True,correct
ECOM,k=5,5,42,267,32358,True,1,208295050,5,208295050,True,True,6.944827556610107,0.15000000000000002,True,correct
ECOM,k=5,5,42,268,30355,True,1,206460124,5,206460124,True,True,8.139267921447754,0.15000000000000002,True,correct
ECOM,k=5,5,42,269,25950,True,1,202870170,5,202870170,True,True,6.179851531982422,0.15000000000000002,True,correct
ECOM,k=5,5,42,270,33668,True,1,206917817,5,206917817,True,True,1.5291717052459717,0.15000000000000002,True,correct
ECOM,k=5,5,42,271,29823,True,1,204792884,5,204792884,True,True,5.081209182739258,0.15000000000000002,True,correct
ECOM,k=5,5,42,272,22101,True,1,201953039,5,201953021,False,False,-4.525242328643799,0.15000000000000002,False,missing_match
ECOM,k=5,5,42,273,37181,True,1,209705773,5,209656962,False,False,-4.164313793182373,0.15000000000000002,False,missing_match
ECOM,k=5,5,42,274,37174,True,1,209208663,5,209208663,True,True,8.953438758850098,0.15000000000000002,True,correct
ECOM,k=5,5,42,275,33601,True,1,204558176,5,204558176,True,True,6.436895847320557,0.15000000000000002,True,correct
ECOM,k=5,5,42,276,36957,True,1,207390709,5,207390710,False,False,7.638997554779053,0.15000000000000002,True,false_link
ECOM,k=5,5,42,277,36151,True,1,207907558,5,207907558,True,True,3.8052873611450195,0.15000000000000002,True,correct
ECOM,k=5,5,42,278,34102,True,1,205886768,5,205886768,True,True,-0.6528308987617493,0.15000000000000002,False,missing_match
ECOM,k=5,5,42,279,28554,True,1,204443417,5,204443417,True,True,1.5745668411254883,0.15000000000000002,True,correct
ECOM,k=5,5,42,280,34905,True,1,207514568,5,207514568,True,True,6.518970012664795,0.15000000000000002,True,correct
ECOM,k=5,5,42,281,33717,True,1,206928604,5,206928604,True,True,6.5909295082092285,0.15000000000000002,True,correct
ECOM,k=5,5,42,282,33864,True,1,207936135,5,207936135,True,True,4.0544586181640625,0.15000000000000002,True,correct
ECOM,k=5,5,42,283,36295,True,1,90128026,5,90128026,True,True,5.943973064422607,0.15000000000000002,True,correct
ECOM,k=5,5,42,284,23965,True,1,203322272,5,203322272,True,True,8.8759126663208,0.15000000000000002,True,correct
ECOM,k=5,5,42,285,37162,True,1,209208718,5,209208718,True,True,7.416273593902588,0.15000000000000002,True,correct
ECOM,k=5,5,42,286,38346,True,1,208167531,5,208167531,True,True,8.145219802856445,0.15000000000000002,True,correct
ECOM,k=5,5,42,287,36502,True,1,209306029,5,209306029,True,True,4.389101505279541,0.15000000000000002,True,correct
ECOM,k=5,5,42,288,30575,True,1,209297205,5,209297205,True,True,7.870188236236572,0.15000000000000002,True,correct
ECOM,k=5,5,42,289,34496,True,1,207978102,5,207978102,True,True,8.539865493774414,0.15000000000000002,True,correct
ECOM,k=5,5,42,290,34298,True,1,207543193,5,207543190,False,False,0.41036486625671387,0.15000000000000002,True,false_link
ECOM,k=5,5,42,291,13700,True,1,90111702,5,90111702,True,True,3.14644455909729,0.15000000000000002,True,correct
ECOM,k=5,5,42,292,25413,True,1,90049795,5,90049795,True,True,7.907235622406006,0.15000000000000002,True,correct
ECOM,k=5,5,42,293,28180,True,1,202916534,5,202916534,True,True,8.087055206298828,0.15000000000000002,True,correct
ECOM,k=5,5,42,294,33472,True,1,205777549,5,205777549,True,True,9.43198013305664,0.15000000000000002,True,correct
ECOM,k=5,5,42,295,30957,True,1,202046565,5,202046565,True,True,7.555939674377441,0.15000000000000002,True,correct
ECOM,k=5,5,42,296,36264,True,1,209000383,5,209000383,True,True,8.089274406433105,0.15000000000000002,True,correct
ECOM,k=5,5,42,297,35111,True,1,201701865,5,203934122,False,False,-6.171314716339111,0.15000000000000002,False,missing_match
ECOM,k=5,5,42,298,34021,True,1,207652056,5,207652056,True,True,7.02350378036499,0.15000000000000002,True,correct
ECOM,k=5,5,42,299,32059,True,1,205131849,5,205131849,True,True,3.2518093585968018,0.15000000000000002,True,correct
ECOM,k=5,5,42,300,37499,True,1,208043057,5,208043057,True,True,7.462698459625244,0.15000000000000002,True,correct
ECOM,k=5,5,42,301,33972,True,1,204556588,5,204556588,True,True,-1.4119508266448975,0.15000000000000002,False,missing_match
ECOM,k=5,5,42,302,17873,True,1,90145584,5,90145584,True,True,4.393204212188721,0.15000000000000002,True,correct
ECOM,k=5,5,42,303,37878,True,1,210258465,5,210258465,True,True,5.322421550750732,0.15000000000000002,True,correct
ECOM,k=5,5,42,304,37421,True,1,209896693,5,209896693,True,True,2.7746100425720215,0.15000000000000002,True,correct
ECOM,k=5,5,42,305,31924,True,1,206356232,5,206356232,True,True,8.329511642456055,0.15000000000000002,True,correct
ECOM,k=5,5,42,306,28304,True,1,203405814,5,203405814,True,True,3.1623504161834717,0.15000000000000002,True,correct
ECOM,k=5,5,42,307,35498,True,1,90144998,5,90144998,True,True,8.027777671813965,0.15000000000000002,True,correct
ECOM,k=5,5,42,308,31813,True,1,207533462,5,207533462,True,True,7.861464023590088,0.15000000000000002,True,correct
ECOM,k=5,5,42,309,27719,True,1,203379237,5,203379237,True,True,6.942942142486572,0.15000000000000002,True,correct
ECOM,k=5,5,42,310,27964,True,1,203136103,5,203136103,True,True,6.8298187255859375,0.15000000000000002,True,correct
ECOM,k=5,5,42,311,32561,True,1,207338879,5,207338879,True,True,8.836629867553711,0.15000000000000002,True,correct
ECOM,k=5,5,42,312,37183,True,1,209656949,5,209656949,True,True,-1.4767839908599854,0.15000000000000002,False,missing_match
ECOM,k=5,5,42,313,29902,True,2,205144562,5,205144562,True,True,9.612595558166504,0.15000000000000002,True,correct
ECOM,k=5,5,42,314,35431,True,1,207506251,5,207506251,True,True,4.235472202301025,0.15000000000000002,True,correct
ECOM,k=5,5,42,315,35987,True,1,207464939,5,207464939,True,True,-0.90980064868927,0.15000000000000002,False,missing_match
ECOM,k=5,5,42,316,38475,True,1,10140760,5,10140760,True,True,5.822559833526611,0.15000000000000002,True,correct
ECOM,k=5,5,42,317,28190,True,1,208464837,5,208464837,True,True,4.831534385681152,0.15000000000000002,True,correct
ECOM,k=5,5,42,318,36909,True,1,208656497,5,208656497,True,True,0.02486489899456501,0.15000000000000002,False,missing_match
ECOM,k=5,5,42,319,33279,True,1,206808440,5,206808440,True,True,5.872349262237549,0.15000000000000002,True,correct
ECOM,k=5,5,42,320,18516,True,1,202045875,5,204559214,False,False,-4.420535564422607,0.15000000000000002,False,missing_match
ECOM,k=5,5,42,321,20459,True,1,201953025,5,201953025,True,True,4.733508586883545,0.15000000000000002,True,correct
ECOM,k=5,5,42,322,13996,True,1,203025174,5,203025174,True,True,4.487905502319336,0.15000000000000002,True,correct
ECOM,k=5,5,42,323,35226,True,1,209869989,5,209869989,True,True,7.672619819641113,0.15000000000000002,True,correct
ECOM,k=5,5,42,324,28433,True,1,203142438,5,203142438,True,True,7.524300575256348,0.15000000000000002,True,correct
ECOM,k=5,5,42,325,26929,True,1,203651765,5,203651765,True,True,5.959384918212891,0.15000000000000002,True,correct
ECOM,k=5,5,42,326,32986,True,1,206179521,5,206179521,True,True,8.430758476257324,0.15000000000000002,True,correct
ECOM,k=5,5,42,327,36127,True,1,210402579,5,210402579,True,True,7.953607082366943,0.15000000000000002,True,correct
ECOM,k=5,5,42,328,35666,True,1,208289990,5,208289990,True,True,7.542603492736816,0.15000000000000002,True,correct
ECOM,k=5,5,42,329,18970,True,1,202045862,5,204559213,False,False,-4.463713645935059,0.15000000000000002,False,missing_match
ECOM,k=5,5,42,330,19628,True,1,202778257,5,202778257,True,True,7.1875176429748535,0.15000000000000002,True,correct
ECOM,k=5,5,42,331,34300,True,1,207543192,5,207543190,False,False,1.3409385681152344,0.15000000000000002,True,false_link
ECOM,k=5,5,42,332,19358,True,1,90144996,5,90131741,False,False,2.9592061042785645,0.15000000000000002,True,false_link
ECOM,k=5,5,42,333,37354,True,1,207390184,5,207390184,True,True,1.5864968299865723,0.15000000000000002,True,correct
ECOM,k=5,5,42,334,33485,True,1,208792604,5,208792604,True,True,9.096650123596191,0.15000000000000002,True,correct
ECOM,k=5,5,42,335,38767,True,1,204154429,5,204154429,True,True,7.038771152496338,0.15000000000000002,True,correct
ECOM,k=5,5,42,336,34151,True,1,206854516,5,206854516,True,True,8.717899322509766,0.15000000000000002,True,correct
ECOM,k=5,5,42,337,38522,True,1,210267015,5,210267015,True,True,8.669235229492188,0.15000000000000002,True,correct
ECOM,k=5,5,42,338,36117,True,1,206901652,5,206901652,True,True,7.443248271942139,0.15000000000000002,True,correct
ECOM,k=5,5,42,339,36305,True,1,202899626,5,202899626,True,True,5.835888385772705,0.15000000000000002,True,correct
ECOM,k=5,5,42,340,6493,True,1,203017999,5,203017999,True,True,8.431519508361816,0.15000000000000002,True,correct
ECOM,k=5,5,42,341,30093,True,1,205467942,5,205467942,True,True,5.671584606170654,0.15000000000000002,True,correct
ECOM,k=5,5,42,342,36207,True,1,10363070,5,10363070,True,True,4.398926258087158,0.15000000000000002,True,correct
ECOM,k=5,5,42,343,21297,True,1,202070149,5,202070149,True,True,7.786341190338135,0.15000000000000002,True,correct
ECOM,k=5,5,42,344,20532,True,1,90105654,5,90105654,True,True,6.199516296386719,0.15000000000000002,True,correct
ECOM,k=5,5,42,345,31337,True,1,203884610,5,203884610,True,True,7.2872748374938965,0.15000000000000002,True,correct
ECOM,k=5,5,42,346,34349,True,1,207660498,5,207660498,True,True,7.323429584503174,0.15000000000000002,True,correct
ECOM,k=5,5,42,347,30196,True,1,205593367,5,205593367,True,True,6.418566703796387,0.15000000000000002,True,correct
ECOM,k=5,5,42,348,37893,True,1,208937534,5,208937534,True,True,7.383761882781982,0.15000000000000002,True,correct
ECOM,k=5,5,42,349,34218,True,1,208294712,5,208504369,False,False,-5.405280590057373,0.15000000000000002,False,missing_match
ECOM,k=5,5,42,350,38001,True,1,209871973,5,209871973,True,True,8.393013000488281,0.15000000000000002,True,correct
ECOM,k=5,5,42,351,29272,True,1,203900792,5,203900792,True,True,1.5508594512939453,0.15000000000000002,True,correct
ECOM,k=5,5,42,352,34165,True,1,206928452,5,206928452,True,True,2.6206438541412354,0.15000000000000002,True,correct
ECOM,k=5,5,42,353,28978,True,1,204519849,5,204559209,False,False,-1.4987199306488037,0.15000000000000002,False,missing_match
ECOM,k=5,5,42,354,33790,True,1,210252356,5,210252356,True,True,5.465176105499268,0.15000000000000002,True,correct
ECOM,k=5,5,42,355,37235,True,1,210256478,5,210256478,True,True,5.639129638671875,0.15000000000000002,True,correct
ECOM,k=5,5,42,356,34754,True,1,207543198,5,207543196,False,False,5.068393707275391,0.15000000000000002,True,false_link
ECOM,k=5,5,42,357,33595,True,1,207388756,5,208294724,False,False,7.19702672958374,0.15000000000000002,True,false_link
ECOM,k=5,5,42,358,38129,True,1,210227261,5,210227261,True,True,2.5322673320770264,0.15000000000000002,True,correct
ECOM,k=5,5,42,359,34156,True,1,208289997,5,208289997,True,True,7.961888790130615,0.15000000000000002,True,correct
ECOM,k=5,5,42,360,22729,True,1,202473822,5,202473822,True,True,5.077818393707275,0.15000000000000002,True,correct
ECOM,k=5,5,42,361,37287,True,1,208937533,5,208937533,True,True,3.8825736045837402,0.15000000000000002,True,correct
ECOM,k=5,5,42,362,28205,True,1,204419878,5,207538225,False,False,-5.477376461029053,0.15000000000000002,False,missing_match
ECOM,k=5,5,42,363,34253,True,1,206887992,5,206887992,True,True,1.0239765644073486,0.15000000000000002,True,correct
ECOM,k=5,5,42,364,29339,True,1,203888987,5,203888987,True,True,4.860697269439697,0.15000000000000002,True,correct
ECOM,k=5,5,42,365,33057,True,1,208033806,5,208033806,True,True,5.930363178253174,0.15000000000000002,True,correct
ECOM,k=5,5,42,366,7783,True,1,202900227,5,202900227,True,True,5.656348705291748,0.15000000000000002,True,correct
ECOM,k=5,5,42,367,32906,True,1,203324965,5,206526266,False,False,0.6023942828178406,0.15000000000000002,True,false_link
ECOM,k=5,5,42,368,26563,True,1,202125720,5,202125720,True,True,0.8076809644699097,0.15000000000000002,True,correct
ECOM,k=5,5,42,369,34941,True,1,208504307,5,208504307,True,True,7.222397804260254,0.15000000000000002,True,correct
ECOM,k=5,5,42,370,31970,True,1,206419131,5,206419131,True,True,4.906277179718018,0.15000000000000002,True,correct
ECOM,k=5,5,42,371,19204,True,1,203389382,5,203389382,True,True,5.089486598968506,0.15000000000000002,True,correct
ECOM,k=5,5,42,372,34095,True,1,207653548,5,207653548,True,True,6.050039768218994,0.15000000000000002,True,correct
ECOM,k=5,5,42,373,37340,True,1,208890876,5,208890876,True,True,0.4399586021900177,0.15000000000000002,True,correct
ECOM,k=5,5,42,374,35010,True,1,208117938,5,208117936,False,False,-3.2754225730895996,0.15000000000000002,False,missing_match
ECOM,k=5,5,42,375,28020,True,1,204734549,5,204734549,True,True,2.6233949661254883,0.15000000000000002,True,correct
ECOM,k=5,5,42,376,36446,True,1,208226698,5,208226698,True,True,2.7094478607177734,0.15000000000000002,True,correct
ECOM,k=5,5,42,377,27188,True,1,204292472,5,204292472,True,True,1.1604700088500977,0.15000000000000002,True,correct
ECOM,k=5,5,42,378,36169,True,2,205691190,5,90145444,False,True,-4.750280380249023,0.15000000000000002,False,missing_match
ECOM,k=5,5,42,379,33464,True,1,210245837,5,210245837,True,True,5.350196838378906,0.15000000000000002,True,correct
ECOM,k=5,5,42,380,33950,True,1,208456233,5,208456262,False,False,5.223039150238037,0.15000000000000002,True,false_link
ECOM,k=5,5,42,381,27783,True,1,202293522,5,202293522,True,True,8.409528732299805,0.15000000000000002,True,correct
ECOM,k=5,5,42,382,37812,True,1,209245958,5,209245958,True,True,7.889993190765381,0.15000000000000002,True,correct
ECOM,k=5,5,42,383,34153,True,1,207465587,5,207465587,True,True,7.621772289276123,0.15000000000000002,True,correct
ECOM,k=5,5,42,384,33272,True,1,209273200,5,209273200,True,True,6.981939792633057,0.15000000000000002,True,correct
ECOM,k=5,5,42,385,37145,True,1,208941080,5,208941079,False,False,3.906217098236084,0.15000000000000002,True,false_link
ECOM,k=5,5,42,386,25855,True,1,205986339,5,205986339,True,True,7.47841215133667,0.15000000000000002,True,correct
ECOM,k=5,5,42,387,38697,True,1,206892248,5,206892248,True,True,9.027323722839355,0.15000000000000002,True,correct
ECOM,k=5,5,42,388,33643,True,1,206928605,5,206928605,True,True,5.687006950378418,0.15000000000000002,True,correct
ECOM,k=5,5,42,389,33476,True,1,208504178,5,208504178,True,True,8.663942337036133,0.15000000000000002,True,correct
ECOM,k=5,5,42,390,38640,True,1,209890560,5,209890560,True,True,3.717801809310913,0.15000000000000002,True,correct
ECOM,k=5,5,42,391,36637,True,1,205728900,5,205728900,True,True,8.865234375,0.15000000000000002,True,correct
ECOM,k=5,5,42,392,33569,True,1,207388757,5,207388760,False,False,1.5864741802215576,0.15000000000000002,True,false_link
ECOM,k=5,5,42,393,33496,True,1,206928384,5,206928384,True,True,3.585878849029541,0.15000000000000002,True,correct
ECOM,k=5,5,42,394,6742,True,1,202845629,5,202845629,True,True,7.497467994689941,0.15000000000000002,True,correct
ECOM,k=5,5,42,395,37257,True,1,209208719,5,209208719,True,True,7.780091285705566,0.15000000000000002,True,correct
ECOM,k=5,5,42,396,25036,True,1,202502745,5,202502745,True,True,1.2820630073547363,0.15000000000000002,True,correct
ECOM,k=5,5,42,397,31392,True,1,205753566,5,205753566,True,True,4.715850353240967,0.15000000000000002,True,correct
ECOM,k=5,5,42,398,34304,True,1,207927557,5,207927557,True,True,7.959947109222412,0.15000000000000002,True,correct
ECOM,k=5,5,42,399,27739,True,1,204644752,5,204644752,True,True,6.883082389831543,0.15000000000000002,True,correct
ECOM,k=5,5,42,400,30590,True,1,90138537,5,90138537,True,True,4.167931079864502,0.15000000000000002,True,correct
ECOM,k=5,5,42,401,34751,True,1,207543189,5,207543189,True,True,6.399912357330322,0.15000000000000002,True,correct
ECOM,k=5,5,42,402,33664,True,1,205520997,5,205520997,True,True,-0.48225507140159607,0.15000000000000002,False,missing_match
ECOM,k=5,5,42,403,36988,True,1,209253739,5,209253739,True,True,1.9263970851898193,0.15000000000000002,True,correct
ECOM,k=5,5,42,404,33437,True,1,207464919,5,207464919,True,True,7.4124579429626465,0.15000000000000002,True,correct
ECOM,k=5,5,42,405,34657,True,1,207938488,5,207660497,False,False,-2.8014659881591797,0.15000000000000002,False,missing_match
ECOM,k=5,5,42,406,36620,True,1,208453646,5,208453646,True,True,0.11391612887382507,0.15000000000000002,False,missing_match
ECOM,k=5,5,42,407,34648,True,1,207919773,5,207919773,True,True,7.469040393829346,0.15000000000000002,True,correct
ECOM,k=5,5,42,408,34897,True,1,208504421,5,208504421,True,True,7.091498374938965,0.15000000000000002,True,correct
ECOM,k=5,5,42,409,39176,True,1,10380060,5,10380060,True,True,-1.9395174980163574,0.15000000000000002,False,missing_match
ECOM,k=5,5,42,410,35903,True,1,205769439,5,205769439,True,True,7.635442733764648,0.15000000000000002,True,correct
ECOM,k=5,5,42,411,33784,True,1,207538225,5,207538225,True,True,8.898213386535645,0.15000000000000002,True,correct
ECOM,k=5,5,42,412,38399,True,1,210479062,5,210479062,True,True,5.781178951263428,0.15000000000000002,True,correct
ECOM,k=5,5,42,413,38480,True,1,204647332,5,204647332,True,True,-0.21017132699489594,0.15000000000000002,False,missing_match
ECOM,k=5,5,42,414,34815,True,1,208033806,5,208105630,False,False,-5.836395740509033,0.15000000000000002,False,missing_match
ECOM,k=5,5,42,415,36102,True,1,90139585,5,90139585,True,True,5.746863842010498,0.15000000000000002,True,correct
ECOM,k=5,5,42,416,36020,True,1,202472204,5,202472204,True,True,3.193302631378174,0.15000000000000002,True,correct
ECOM,k=5,5,42,417,25364,True,1,203201060,5,203201060,True,True,8.380915641784668,0.15000000000000002,True,correct
ECOM,k=5,5,42,418,27789,True,1,204292470,5,204318286,False,False,0.542567253112793,0.15000000000000002,True,false_link
ECOM,k=5,5,42,419,34150,True,1,207514563,5,207514563,True,True,6.336398124694824,0.15000000000000002,True,correct
ECOM,k=5,5,42,420,36299,True,1,208342524,5,208342524,True,True,8.554753303527832,0.15000000000000002,True,correct
ECOM,k=5,5,42,421,27194,True,1,204318283,5,204318283,True,True,6.174706935882568,0.15000000000000002,True,correct
ECOM,k=5,5,42,422,36811,True,1,208930714,5,208930722,False,False,-4.120625019073486,0.15000000000000002,False,missing_match
ECOM,k=5,5,42,423,19132,True,1,202778315,5,202778315,True,True,9.34781551361084,0.15000000000000002,True,correct
ECOM,k=5,5,42,424,24615,True,1,203340555,5,204587971,False,False,2.6852450370788574,0.15000000000000002,True,false_link
ECOM,k=5,5,42,425,29866,True,1,205664973,5,205664973,True,True,-3.598769187927246,0.15000000000000002,False,missing_match
ECOM,k=5,5,42,426,33219,True,1,205562000,5,203934122,False,False,-6.130416393280029,0.15000000000000002,False,missing_match
ECOM,k=5,5,42,427,33021,True,1,203154818,5,203154818,True,True,8.379223823547363,0.15000000000000002,True,correct
ECOM,k=5,5,42,428,34093,True,1,207660499,5,207660499,True,True,4.924270153045654,0.15000000000000002,True,correct
ECOM,k=5,5,42,429,33765,True,1,208455897,5,207910212,False,False,9.121841430664062,0.15000000000000002,True,false_link
ECOM,k=5,5,42,430,16112,True,1,202900041,5,202900041,True,True,6.9762492179870605,0.15000000000000002,True,correct
ECOM,k=5,5,42,431,33263,True,1,208105573,5,208105573,True,True,2.247205972671509,0.15000000000000002,True,correct
ECOM,k=5,5,42,432,23658,True,1,203065730,5,203065730,True,True,5.297634124755859,0.15000000000000002,True,correct
ECOM,k=5,5,42,433,34401,True,1,208456262,5,208456262,True,True,8.703192710876465,0.15000000000000002,True,correct
ECOM,k=5,5,42,434,33478,True,1,208154550,5,208154550,True,True,9.1605863571167,0.15000000000000002,True,correct
ECOM,k=5,5,42,435,34036,True,1,207390682,5,207390682,True,True,8.515664100646973,0.15000000000000002,True,correct
ECOM,k=5,5,42,436,30134,True,1,206362873,5,206362873,True,True,4.3364763259887695,0.15000000000000002,True,correct
ECOM,k=5,5,42,437,32584,True,1,206179562,5,206179562,True,True,3.94553279876709,0.15000000000000002,True,correct
ECOM,k=5,5,42,438,33922,True,1,207925432,5,207925432,True,True,5.8299641609191895,0.15000000000000002,True,correct
ECOM,k=5,5,42,439,34946,True,1,208114672,5,208114686,False,False,-2.4780068397521973,0.15000000000000002,False,missing_match
ECOM,k=5,5,42,440,33938,True,1,208464825,5,208464825,True,True,5.3311052322387695,0.15000000000000002,True,correct
ECOM,k=5,5,42,441,37301,True,1,209302310,5,209302310,True,True,4.4691948890686035,0.15000000000000002,True,correct
ECOM,k=5,5,42,442,36607,True,1,209891039,5,209891039,True,True,5.762013912200928,0.15000000000000002,True,correct
ECOM,k=5,5,42,443,552,True,1,90132241,5,90132241,True,True,6.422327041625977,0.15000000000000002,True,correct
ECOM,k=5,5,42,444,32882,True,1,204563949,5,204563949,True,True,5.574427127838135,0.15000000000000002,True,correct
ECOM,k=5,5,42,445,31596,True,1,204587971,5,204587971,True,True,4.5901947021484375,0.15000000000000002,True,correct
ECOM,k=5,5,42,446,32150,True,1,207390506,5,207390506,True,True,4.044872760772705,0.15000000000000002,True,correct
ECOM,k=5,5,42,447,30203,True,1,208156275,5,208156275,True,True,-1.3358654975891113,0.15000000000000002,False,missing_match
ECOM,k=5,5,42,448,36097,True,2,205838157,5,208131008,False,True,4.292773723602295,0.15000000000000002,True,correct
ECOM,k=5,5,42,449,34392,True,1,206362747,5,206362747,True,True,1.9297810792922974,0.15000000000000002,True,correct
ECOM,k=5,5,42,450,33955,True,1,207391023,5,207391023,True,True,6.337658405303955,0.15000000000000002,True,correct
ECOM,k=5,5,42,451,38449,True,1,206576717,5,206576717,True,True,6.273837566375732,0.15000000000000002,True,correct
ECOM,k=5,5,42,452,38653,True,1,210571462,5,210571462,True,True,3.3438491821289062,0.15000000000000002,True,correct
ECOM,k=5,5,42,453,34363,True,1,206892902,5,206892902,True,True,1.946223258972168,0.15000000000000002,True,correct
ECOM,k=5,5,42,454,25788,True,1,203396327,5,203396327,True,True,9.767043113708496,0.15000000000000002,True,correct
ECOM,k=5,5,42,455,33271,True,1,206808431,5,206808431,True,True,5.0378336906433105,0.15000000000000002,True,correct
ECOM,k=5,5,42,456,23325,True,2,202456903,5,202456903,True,True,10.068408966064453,0.15000000000000002,True,correct
ECOM,k=5,5,42,457,37201,True,1,209656971,5,209656959,False,False,-5.896636486053467,0.15000000000000002,False,missing_match
ECOM,k=5,5,42,458,34848,True,1,208117930,5,208117929,False,False,-2.547194719314575,0.15000000000000002,False,missing_match
ECOM,k=5,5,42,459,34442,True,1,208455894,5,208455894,True,True,3.4597339630126953,0.15000000000000002,True,correct
ECOM,k=5,5,42,460,38474,True,1,10343605,5,10343605,True,True,8.6107816696167,0.15000000000000002,True,correct
ECOM,k=5,5,42,461,20450,True,1,201692660,5,203514304,False,False,-4.426379680633545,0.15000000000000002,False,missing_match
ECOM,k=5,5,42,462,38733,True,1,207979206,5,207979206,True,True,9.515697479248047,0.15000000000000002,True,correct
ECOM,k=5,5,42,463,25905,True,1,202479418,5,202479418,True,True,5.210661888122559,0.15000000000000002,True,correct
ECOM,k=5,5,42,464,31830,True,1,205557539,5,205557539,True,True,3.6160945892333984,0.15000000000000002,True,correct
ECOM,k=5,5,42,465,33786,True,1,206854515,5,206854515,True,True,8.908068656921387,0.15000000000000002,True,correct
ECOM,k=5,5,42,466,29032,True,1,205145879,5,205145879,True,True,7.529529094696045,0.15000000000000002,True,correct
ECOM,k=5,5,42,467,37123,True,1,209114552,5,209114552,True,True,6.6703619956970215,0.15000000000000002,True,correct
ECOM,k=5,5,42,468,38434,True,1,210227285,5,210227285,True,True,7.0798869132995605,0.15000000000000002,True,correct
ECOM,k=5,5,42,469,18202,True,1,203347464,5,203347464,True,True,-5.2134785652160645,0.15000000000000002,False,missing_match
ECOM,k=5,5,42,470,29677,True,1,204884519,5,204884519,True,True,4.4066619873046875,0.15000000000000002,True,correct
ECOM,k=5,5,42,471,23635,True,1,202900002,5,202900002,True,True,-4.304943084716797,0.15000000000000002,False,missing_match
ECOM,k=5,5,42,472,29861,True,1,204792876,5,204792876,True,True,8.038016319274902,0.15000000000000002,True,correct
ECOM,k=5,5,42,473,33883,True,1,208177785,5,208177785,True,True,4.587464809417725,0.15000000000000002,True,correct
ECOM,k=5,5,42,474,30533,True,1,205729817,5,205729817,True,True,1.8308708667755127,0.15000000000000002,True,correct
ECOM,k=5,5,42,475,24402,True,1,203897877,5,203897877,True,True,8.934301376342773,0.15000000000000002,True,correct
ECOM,k=5,5,42,476,33831,True,1,207552185,5,207552185,True,True,6.767320156097412,0.15000000000000002,True,correct
ECOM,k=5,5,42,477,34791,True,2,203185276,5,203185276,True,True,4.9906158447265625,0.15000000000000002,True,correct
ECOM,k=5,5,42,478,37803,True,1,207875395,5,207875395,True,True,8.622608184814453,0.15000000000000002,True,correct
ECOM,k=5,5,42,479,23837,True,1,202635467,5,202635467,True,True,5.9531354904174805,0.15000000000000002,True,correct
ECOM,k=5,5,42,480,30808,True,1,204345240,5,204345240,True,True,6.027555465698242,0.15000000000000002,True,correct
ECOM,k=5,5,42,481,36722,True,1,209656935,5,209656935,True,True,5.021292209625244,0.15000000000000002,True,correct
ECOM,k=5,5,42,482,25388,True,1,90145568,5,90145568,True,True,3.3181025981903076,0.15000000000000002,True,correct
ECOM,k=5,5,42,483,13581,True,1,90125786,5,90125786,True,True,8.098328590393066,0.15000000000000002,True,correct
ECOM,k=5,5,42,484,34609,True,1,207543190,5,207543190,True,True,6.520648002624512,0.15000000000000002,True,correct
ECOM,k=5,5,42,485,26445,True,1,203407043,5,203407043,True,True,0.33646079897880554,0.15000000000000002,True,correct
ECOM,k=5,5,42,486,34770,True,1,207959798,5,207642166,False,False,-4.04770040512085,0.15000000000000002,False,missing_match
ECOM,k=5,5,42,487,35165,True,1,208117924,5,208117920,False,False,-0.41248059272766113,0.15000000000000002,False,missing_match
ECOM,k=5,5,42,488,33045,True,1,203514304,5,201692677,False,False,-3.06855845451355,0.15000000000000002,False,missing_match
ECOM,k=5,5,42,489,36142,True,1,207907548,5,207907548,True,True,3.0317776203155518,0.15000000000000002,True,correct
ECOM,k=5,5,42,490,25732,True,1,203341506,5,203341506,True,True,8.270078659057617,0.15000000000000002,True,correct
ECOM,k=5,5,42,491,35035,True,1,208156879,5,208156877,False,False,2.906975507736206,0.15000000000000002,True,false_link
ECOM,k=5,5,42,492,24316,True,1,204569292,5,204569292,True,True,9.09822940826416,0.15000000000000002,True,correct
ECOM,k=5,5,42,493,25797,True,1,204416098,5,90105156,False,False,-2.584740161895752,0.15000000000000002,False,missing_match
ECOM,k=5,5,42,494,6726,True,1,203111433,5,203111433,True,True,7.1782355308532715,0.15000000000000002,True,correct
ECOM,k=5,5,42,495,35186,True,1,208117919,5,208117919,True,True,8.999320030212402,0.15000000000000002,True,correct
ECOM,k=5,5,42,496,34004,True,1,207652055,5,207652056,False,False,-3.1823570728302,0.15000000000000002,False,missing_match
ECOM,k=5,5,42,497,36990,True,1,209253738,5,209253738,True,True,0.5686890482902527,0.15000000000000002,True,correct
ECOM,k=5,5,42,498,33522,True,2,207654106,5,207654106,True,True,-0.755634605884552,0.15000000000000002,False,missing_match
ECOM,k=5,5,42,499,34127,True,1,203165922,5,203165922,True,True,6.398965358734131,0.15000000000000002,True,correct
ECOM,k=5,5,42,500,18564,True,1,208715747,5,208456203,False,False,2.7331743240356445,0.15000000000000002,True,false_link
ECOM,k=5,5,42,501,35853,True,1,208085175,5,208085175,True,True,2.823129653930664,0.15000000000000002,True,correct
ECOM,k=5,5,42,502,33769,True,1,208504099,5,207910212,False,False,9.299784660339355,0.15000000000000002,True,false_link
ECOM,k=5,5,42,503,27985,True,1,204740191,5,204740191,True,True,7.714675426483154,0.15000000000000002,True,correct
ECOM,k=5,5,42,504,24493,True,1,202900030,5,202900030,True,True,7.03036642074585,0.15000000000000002,True,correct
ECOM,k=5,5,42,505,37120,True,1,209114551,5,209114551,True,True,1.8880242109298706,0.15000000000000002,True,correct
ECOM,k=5,5,42,506,27920,True,1,206725724,5,206725724,True,True,9.286334991455078,0.15000000000000002,True,correct
ECOM,k=5,5,42,507,27589,True,1,204264643,5,204264643,True,True,6.3080363273620605,0.15000000000000002,True,correct
ECOM,k=5,5,42,508,27248,True,1,10246269,5,10246269,True,True,5.891993045806885,0.15000000000000002,True,correct
ECOM,k=5,5,42,509,35388,True,1,208294724,5,208294724,True,True,5.905293941497803,0.15000000000000002,True,correct
ECOM,k=5,5,42,510,23651,True,1,202784323,5,202784323,True,True,7.31072473526001,0.15000000000000002,True,correct
ECOM,k=5,5,42,511,39175,True,1,204822679,5,204822679,True,True,7.0562262535095215,0.15000000000000002,True,correct
ECOM,k=5,5,42,512,34130,True,2,207652053,5,207900174,False,True,6.990523815155029,0.15000000000000002,True,correct
ECOM,k=5,5,42,513,35308,True,1,208270234,5,208270234,True,True,4.521037578582764,0.15000000000000002,True,correct
ECOM,k=5,5,42,514,26082,True,1,204274660,5,204274660,True,True,8.17310619354248,0.15000000000000002,True,correct
ECOM,k=5,5,42,515,16000,True,1,208226457,5,208226457,True,True,6.183740615844727,0.15000000000000002,True,correct
ECOM,k=5,5,42,516,22042,True,2,202145734,5,202238311,False,True,-1.284100890159607,0.15000000000000002,False,missing_match
ECOM,k=5,5,42,517,34858,True,1,208294698,5,208294698,True,True,7.335385322570801,0.15000000000000002,True,correct
ECOM,k=5,5,42,518,33723,True,1,206356234,5,206356234,True,True,6.825504779815674,0.15000000000000002,True,correct
ECOM,k=5,5,42,519,36029,True,1,202785722,5,202785722,True,True,9.136884689331055,0.15000000000000002,True,correct
ECOM,k=5,5,42,520,33488,True,1,208154765,5,208154765,True,True,8.987927436828613,0.15000000000000002,True,correct
ECOM,k=5,5,42,521,33440,True,1,207464921,5,207464921,True,True,7.549195766448975,0.15000000000000002,True,correct
ECOM,k=5,5,42,522,13155,True,1,90109367,5,90109367,True,True,7.645597457885742,0.15000000000000002,True,correct
ECOM,k=5,5,42,523,33788,True,1,207543197,5,207543197,True,True,7.8142828941345215,0.15000000000000002,True,correct
ECOM,k=5,5,42,524,34158,True,1,206895864,5,206895864,True,True,6.4397430419921875,0.15000000000000002,True,correct
ECOM,k=5,5,42,525,36803,True,1,207469300,5,207469300,True,True,6.0347466468811035,0.15000000000000002,True,correct
ECOM,k=5,5,42,526,36001,True,1,208504423,5,208504423,True,True,5.754583835601807,0.15000000000000002,True,correct
ECOM,k=5,5,42,527,31887,True,1,206639246,5,206639246,True,True,8.16303825378418,0.15000000000000002,True,correct
ECOM,k=5,5,42,528,34829,True,1,207682340,5,207682340,True,True,1.956602931022644,0.15000000000000002,True,correct
ECOM,k=5,5,42,529,32187,True,1,209896109,5,209896109,True,True,7.437778949737549,0.15000000000000002,True,correct
ECOM,k=5,5,42,530,33276,True,1,205865183,5,205865183,True,True,8.032471656799316,0.15000000000000002,True,correct
ECOM,k=5,5,42,531,28963,True,1,202106724,5,202106724,True,True,7.466075420379639,0.15000000000000002,True,correct
ECOM,k=5,5,42,532,34286,True,1,207945552,5,207945552,True,True,0.06362275779247284,0.15000000000000002,False,missing_match
ECOM,k=5,5,42,533,35851,True,1,206462228,5,206462228,True,True,9.055903434753418,0.15000000000000002,True,correct
ECOM,k=5,5,42,534,33175,True,1,207542598,5,207542598,True,True,5.41154670715332,0.15000000000000002,True,correct
ECOM,k=5,5,42,535,32384,True,1,202989028,5,202989028,True,True,4.294668674468994,0.15000000000000002,True,correct
ECOM,k=5,5,42,536,25829,True,1,202827684,5,202827684,True,True,0.7924737334251404,0.15000000000000002,True,correct
ECOM,k=5,5,42,537,9646,True,1,203111113,5,203111113,True,True,0.05173765867948532,0.15000000000000002,False,missing_match
ECOM,k=5,5,42,538,34012,True,1,207642166,5,207642166,True,True,6.21088981628418,0.15000000000000002,True,correct
ECOM,k=5,5,42,539,34661,True,1,208294716,5,208294716,True,True,5.337623119354248,0.15000000000000002,True,correct
ECOM,k=5,5,42,540,17479,True,1,90145972,5,90145972,True,True,6.718801975250244,0.15000000000000002,True,correct
