dataset,seed,quartile,model,n_records,declared,correct,false_links,missing_matches,n_true_records,lambda,psi
DBLP,42,Q1,cross-encoder,328,243,229,14,9,241,0.05761316872427984,0.03734439834024896
DBLP,43,Q1,cross-encoder,327,245,224,21,5,232,0.08571428571428572,0.021551724137931036
DBLP,44,Q1,cross-encoder,327,245,233,12,6,242,0.04897959183673469,0.024793388429752067
DBLP,45,Q1,cross-encoder,327,240,228,12,6,235,0.05,0.02553191489361702
DBLP,46,Q1,cross-encoder,327,232,215,17,5,223,0.07327586206896551,0.02242152466367713
DBLP,47,Q1,cross-encoder,327,243,231,12,11,245,0.04938271604938271,0.044897959183673466
DBLP,48,Q1,cross-encoder,327,240,226,14,8,237,0.058333333333333334,0.03375527426160337
DBLP,49,Q1,cross-encoder,327,250,241,9,2,246,0.036,0.008130081300813009
DBLP,50,Q1,cross-encoder,327,237,222,15,6,236,0.06329113924050633,0.025423728813559324
DBLP,51,Q1,cross-encoder,327,217,211,6,12,224,0.027649769585253458,0.05357142857142857
DBLP,42,Q1,two-step LR,328,206,201,5,35,241,0.024271844660194174,0.14522821576763487
DBLP,43,Q1,two-step LR,327,201,198,3,31,232,0.014925373134328358,0.1336206896551724
DBLP,44,Q1,two-step LR,327,215,210,5,27,242,0.023255813953488372,0.1115702479338843
DBLP,45,Q1,two-step LR,327,194,191,3,41,235,0.015463917525773196,0.17446808510638298
DBLP,46,Q1,two-step LR,327,193,188,5,33,223,0.025906735751295335,0.14798206278026907
DBLP,47,Q1,two-step LR,327,200,195,5,46,245,0.025,0.18775510204081633
DBLP,48,Q1,two-step LR,327,193,188,5,44,237,0.025906735751295335,0.18565400843881857
DBLP,49,Q1,two-step LR,327,210,204,6,36,246,0.02857142857142857,0.14634146341463414
DBLP,50,Q1,two-step LR,327,186,183,3,50,236,0.016129032258064516,0.211864406779661
DBLP,51,Q1,two-step LR,327,178,174,4,46,224,0.02247191011235955,0.20535714285714285
DBLP,42,Q2,cross-encoder,326,315,313,2,2,316,0.006349206349206349,0.006329113924050633
DBLP,43,Q2,cross-encoder,327,312,304,8,2,310,0.02564102564102564,0.0064516129032258064
DBLP,44,Q2,cross-encoder,327,319,314,5,4,321,0.01567398119122257,0.012461059190031152
DBLP,45,Q2,cross-encoder,327,323,318,5,0,322,0.015479876160990712,0.0
DBLP,46,Q2,cross-encoder,327,318,315,3,2,318,0.009433962264150943,0.006289308176100629
DBLP,47,Q2,cross-encoder,327,320,314,6,2,322,0.01875,0.006211180124223602
DBLP,48,Q2,cross-encoder,327,318,312,6,2,318,0.018867924528301886,0.006289308176100629
DBLP,49,Q2,cross-encoder,327,317,310,7,3,319,0.022082018927444796,0.009404388714733543
DBLP,50,Q2,cross-encoder,327,319,316,3,2,318,0.009404388714733543,0.006289308176100629
DBLP,51,Q2,cross-encoder,327,321,312,9,2,320,0.028037383177570093,0.00625
DBLP,42,Q2,two-step LR,326,277,275,2,39,316,0.007220216606498195,0.12341772151898735
DBLP,43,Q2,two-step LR,327,270,266,4,41,310,0.014814814814814815,0.13225806451612904
DBLP,44,Q2,two-step LR,327,286,276,10,36,321,0.03496503496503497,0.11214953271028037
DBLP,45,Q2,two-step LR,327,285,280,5,37,322,0.017543859649122806,0.11490683229813664
DBLP,46,Q2,two-step LR,327,293,285,8,32,318,0.027303754266211604,0.10062893081761007
DBLP,47,Q2,two-step LR,327,292,281,11,32,322,0.03767123287671233,0.09937888198757763
DBLP,48,Q2,two-step LR,327,275,271,4,43,318,0.014545454545454545,0.13522012578616352
DBLP,49,Q2,two-step LR,327,296,287,9,25,319,0.030405405405405407,0.07836990595611286
DBLP,50,Q2,two-step LR,327,281,279,2,37,318,0.0071174377224199285,0.11635220125786164
DBLP,51,Q2,two-step LR,327,267,259,8,54,320,0.0299625468164794,0.16875
DBLP,42,Q3,cross-encoder,327,323,322,1,4,326,0.0030959752321981426,0.012269938650306749
DBLP,43,Q3,cross-encoder,327,326,326,0,1,327,0.0,0.0030581039755351682
DBLP,44,Q3,cross-encoder,327,325,323,2,2,325,0.006153846153846154,0.006153846153846154
DBLP,45,Q3,cross-encoder,327,327,327,0,0,327,0.0,0.0
DBLP,46,Q3,cross-encoder,327,323,321,2,2,323,0.006191950464396285,0.006191950464396285
DBLP,47,Q3,cross-encoder,327,326,324,2,1,325,0.006134969325153374,0.003076923076923077
DBLP,48,Q3,cross-encoder,327,324,323,1,3,326,0.0030864197530864196,0.009202453987730062
DBLP,49,Q3,cross-encoder,327,327,325,2,0,325,0.0061162079510703364,0.0
DBLP,50,Q3,cross-encoder,327,325,320,5,2,326,0.015384615384615385,0.006134969325153374
DBLP,51,Q3,cross-encoder,327,325,323,2,2,325,0.006153846153846154,0.006153846153846154
DBLP,42,Q3,two-step LR,327,325,324,1,2,326,0.003076923076923077,0.006134969325153374
DBLP,43,Q3,two-step LR,327,318,318,0,9,327,0.0,0.027522935779816515
DBLP,44,Q3,two-step LR,327,327,325,2,0,325,0.0061162079510703364,0.0
DBLP,45,Q3,two-step LR,327,324,324,0,3,327,0.0,0.009174311926605505
DBLP,46,Q3,two-step LR,327,327,321,6,0,323,0.01834862385321101,0.0
DBLP,47,Q3,two-step LR,327,327,325,2,0,325,0.0061162079510703364,0.0
DBLP,48,Q3,two-step LR,327,311,309,2,15,326,0.006430868167202572,0.046012269938650305
DBLP,49,Q3,two-step LR,327,327,325,2,0,325,0.0061162079510703364,0.0
DBLP,50,Q3,two-step LR,327,317,312,5,10,326,0.015772870662460567,0.03067484662576687
DBLP,51,Q3,two-step LR,327,326,324,2,1,325,0.006134969325153374,0.003076923076923077
DBLP,42,Q4,cross-encoder,327,327,327,0,0,327,0.0,0.0
DBLP,43,Q4,cross-encoder,327,327,327,0,0,327,0.0,0.0
DBLP,44,Q4,cross-encoder,327,327,327,0,0,327,0.0,0.0
DBLP,45,Q4,cross-encoder,327,327,327,0,0,327,0.0,0.0
DBLP,46,Q4,cross-encoder,327,327,327,0,0,327,0.0,0.0
DBLP,47,Q4,cross-encoder,327,327,327,0,0,327,0.0,0.0
DBLP,48,Q4,cross-encoder,327,327,327,0,0,327,0.0,0.0
DBLP,49,Q4,cross-encoder,327,327,327,0,0,327,0.0,0.0
DBLP,50,Q4,cross-encoder,327,327,327,0,0,327,0.0,0.0
DBLP,51,Q4,cross-encoder,327,327,327,0,0,327,0.0,0.0
DBLP,42,Q4,two-step LR,327,327,327,0,0,327,0.0,0.0
DBLP,43,Q4,two-step LR,327,327,327,0,0,327,0.0,0.0
DBLP,44,Q4,two-step LR,327,327,327,0,0,327,0.0,0.0
DBLP,45,Q4,two-step LR,327,327,327,0,0,327,0.0,0.0
DBLP,46,Q4,two-step LR,327,327,327,0,0,327,0.0,0.0
DBLP,47,Q4,two-step LR,327,327,327,0,0,327,0.0,0.0
DBLP,48,Q4,two-step LR,327,327,327,0,0,327,0.0,0.0
DBLP,49,Q4,two-step LR,327,327,327,0,0,327,0.0,0.0
DBLP,50,Q4,two-step LR,327,327,327,0,0,327,0.0,0.0
DBLP,51,Q4,two-step LR,327,327,327,0,0,327,0.0,0.0
ECOM,42,Q1,cross-encoder,136,119,110,9,17,136,0.07563025210084033,0.125
ECOM,43,Q1,cross-encoder,136,112,101,11,24,136,0.09821428571428571,0.17647058823529413
ECOM,44,Q1,cross-encoder,136,106,99,7,30,136,0.0660377358490566,0.22058823529411764
ECOM,45,Q1,cross-encoder,136,104,92,12,32,136,0.11538461538461539,0.23529411764705882
ECOM,46,Q1,cross-encoder,136,116,108,8,20,136,0.06896551724137931,0.14705882352941177
ECOM,47,Q1,cross-encoder,136,110,105,5,26,136,0.045454545454545456,0.19117647058823528
ECOM,48,Q1,cross-encoder,136,103,99,4,33,136,0.038834951456310676,0.2426470588235294
ECOM,49,Q1,cross-encoder,136,107,99,8,29,136,0.07476635514018691,0.21323529411764705
ECOM,50,Q1,cross-encoder,136,108,98,10,28,136,0.09259259259259259,0.20588235294117646
ECOM,51,Q1,cross-encoder,136,111,103,8,25,136,0.07207207207207207,0.18382352941176472
ECOM,42,Q1,two-step LR,136,47,25,22,89,136,0.46808510638297873,0.6544117647058824
ECOM,43,Q1,two-step LR,136,26,12,14,110,136,0.5384615384615384,0.8088235294117647
ECOM,44,Q1,two-step LR,136,39,14,25,97,136,0.6410256410256411,0.7132352941176471
ECOM,45,Q1,two-step LR,136,20,9,11,116,136,0.55,0.8529411764705882
ECOM,46,Q1,two-step LR,136,29,14,15,107,136,0.5172413793103449,0.7867647058823529
ECOM,47,Q1,two-step LR,136,31,16,15,105,136,0.4838709677419355,0.7720588235294118
ECOM,48,Q1,two-step LR,136,27,13,14,109,136,0.5185185185185185,0.8014705882352942
ECOM,49,Q1,two-step LR,136,40,22,18,96,136,0.45,0.7058823529411765
ECOM,50,Q1,two-step LR,136,35,17,18,101,136,0.5142857142857142,0.7426470588235294
ECOM,51,Q1,two-step LR,136,35,12,23,101,136,0.6571428571428571,0.7426470588235294
ECOM,42,Q2,cross-encoder,135,120,116,4,15,135,0.03333333333333333,0.1111111111111111
ECOM,43,Q2,cross-encoder,135,116,110,6,19,135,0.05172413793103448,0.14074074074074075
ECOM,44,Q2,cross-encoder,135,117,111,6,18,135,0.05128205128205128,0.13333333333333333
ECOM,45,Q2,cross-encoder,135,118,109,9,17,135,0.07627118644067797,0.1259259259259259
ECOM,46,Q2,cross-encoder,135,120,115,5,15,135,0.041666666666666664,0.1111111111111111
ECOM,47,Q2,cross-encoder,135,110,108,2,25,135,0.01818181818181818,0.18518518518518517
ECOM,48,Q2,cross-encoder,135,118,113,5,17,135,0.0423728813559322,0.1259259259259259
ECOM,49,Q2,cross-encoder,135,115,112,3,20,135,0.02608695652173913,0.14814814814814814
ECOM,50,Q2,cross-encoder,135,115,111,4,20,135,0.034782608695652174,0.14814814814814814
ECOM,51,Q2,cross-encoder,135,120,114,6,15,135,0.05,0.1111111111111111
ECOM,42,Q2,two-step LR,135,74,45,29,61,135,0.3918918918918919,0.45185185185185184
ECOM,43,Q2,two-step LR,135,31,22,9,104,135,0.2903225806451613,0.7703703703703704
ECOM,44,Q2,two-step LR,135,69,40,29,66,135,0.42028985507246375,0.4888888888888889
ECOM,45,Q2,two-step LR,135,38,23,15,97,135,0.39473684210526316,0.7185185185185186
ECOM,46,Q2,two-step LR,135,46,25,21,89,135,0.45652173913043476,0.6592592592592592
ECOM,47,Q2,two-step LR,135,39,24,15,96,135,0.38461538461538464,0.7111111111111111
ECOM,48,Q2,two-step LR,135,37,20,17,98,135,0.4594594594594595,0.725925925925926
ECOM,49,Q2,two-step LR,135,60,36,24,75,135,0.4,0.5555555555555556
ECOM,50,Q2,two-step LR,135,47,25,22,88,135,0.46808510638297873,0.6518518518518519
ECOM,51,Q2,two-step LR,135,49,29,20,86,135,0.40816326530612246,0.6370370370370371
ECOM,42,Q3,cross-encoder,135,121,116,5,14,135,0.04132231404958678,0.1037037037037037
ECOM,43,Q3,cross-encoder,135,122,119,3,13,135,0.02459016393442623,0.0962962962962963
ECOM,44,Q3,cross-encoder,135,116,114,2,19,135,0.017241379310344827,0.14074074074074075
ECOM,45,Q3,cross-encoder,135,118,117,1,17,135,0.00847457627118644,0.1259259259259259
ECOM,46,Q3,cross-encoder,135,120,116,4,15,135,0.03333333333333333,0.1111111111111111
ECOM,47,Q3,cross-encoder,135,120,117,3,15,135,0.025,0.1111111111111111
ECOM,48,Q3,cross-encoder,135,113,110,3,22,135,0.02654867256637168,0.16296296296296298
ECOM,49,Q3,cross-encoder,135,119,116,3,16,135,0.025210084033613446,0.11851851851851852
ECOM,50,Q3,cross-encoder,135,116,112,4,19,135,0.034482758620689655,0.14074074074074075
ECOM,51,Q3,cross-encoder,135,117,113,4,18,135,0.03418803418803419,0.13333333333333333
ECOM,42,Q3,two-step LR,135,123,92,31,12,135,0.25203252032520324,0.08888888888888889
ECOM,43,Q3,two-step LR,135,50,38,12,85,135,0.24,0.6296296296296297
ECOM,44,Q3,two-step LR,135,121,92,29,14,135,0.2396694214876033,0.1037037037037037
ECOM,45,Q3,two-step LR,135,65,50,15,70,135,0.23076923076923078,0.5185185185185185
ECOM,46,Q3,two-step LR,135,69,54,15,66,135,0.21739130434782608,0.4888888888888889
ECOM,47,Q3,two-step LR,135,68,46,22,67,135,0.3235294117647059,0.4962962962962963
ECOM,48,Q3,two-step LR,135,79,63,16,56,135,0.20253164556962025,0.4148148148148148
ECOM,49,Q3,two-step LR,135,109,75,34,26,135,0.3119266055045872,0.1925925925925926
ECOM,50,Q3,two-step LR,135,88,69,19,47,135,0.2159090909090909,0.34814814814814815
ECOM,51,Q3,two-step LR,135,83,61,22,52,135,0.26506024096385544,0.3851851851851852
ECOM,42,Q4,cross-encoder,135,133,130,3,2,135,0.022556390977443608,0.014814814814814815
ECOM,43,Q4,cross-encoder,135,127,126,1,8,135,0.007874015748031496,0.05925925925925926
ECOM,44,Q4,cross-encoder,135,126,124,2,9,135,0.015873015873015872,0.06666666666666667
ECOM,45,Q4,cross-encoder,135,129,127,2,6,135,0.015503875968992248,0.044444444444444446
ECOM,46,Q4,cross-encoder,135,131,128,3,4,135,0.022900763358778626,0.02962962962962963
ECOM,47,Q4,cross-encoder,135,126,123,3,9,135,0.023809523809523808,0.06666666666666667
ECOM,48,Q4,cross-encoder,135,125,125,0,10,135,0.0,0.07407407407407407
ECOM,49,Q4,cross-encoder,135,129,127,2,6,135,0.015503875968992248,0.044444444444444446
ECOM,50,Q4,cross-encoder,135,129,126,3,6,135,0.023255813953488372,0.044444444444444446
ECOM,51,Q4,cross-encoder,135,131,128,3,4,135,0.022900763358778626,0.02962962962962963
ECOM,42,Q4,two-step LR,135,135,129,6,0,135,0.044444444444444446,0.0
ECOM,43,Q4,two-step LR,135,122,112,10,13,135,0.08196721311475409,0.0962962962962963
ECOM,44,Q4,two-step LR,135,135,120,15,0,135,0.1111111111111111,0.0
ECOM,45,Q4,two-step LR,135,126,117,9,9,135,0.07142857142857142,0.06666666666666667
ECOM,46,Q4,two-step LR,135,133,119,14,2,135,0.10526315789473684,0.014814814814814815
ECOM,47,Q4,two-step LR,135,127,114,13,8,135,0.10236220472440945,0.05925925925925926
ECOM,48,Q4,two-step LR,135,134,128,6,1,135,0.04477611940298507,0.007407407407407408
ECOM,49,Q4,two-step LR,135,135,118,17,0,135,0.1259259259259259,0.0
ECOM,50,Q4,two-step LR,135,135,126,9,0,135,0.06666666666666667,0.0
ECOM,51,Q4,two-step LR,135,134,125,9,1,135,0.06716417910447761,0.007407407407407408
