correct,dataset,declared,evaluation_seconds,false_links,fraction,lambda,missing_matches,model_loaded_from_checkpoint,model_path,n_fit_pairs,n_holdout,n_labelled_a,n_train_pairs_total,n_true_records,n_validation_pairs,prediction_path,psi,score_path,seed,threshold,train_seconds_this_run,unmatched_abstentions,validation_f1
1191,DBLP,1208,34.00439667701721,17,0.5,0.014072847682119206,15,False,/home/ahmeda/er_paper/models/analysis18_section7/cross_encoder/DBLP/f_0p50/seed_42,46772,1308,1308,58465,1210,11693,/home/ahmeda/er_paper/results/analysis18_section7/predictions/fraction_DBLP_f0p50_seed42.csv,0.012396694214876033,sigmoid(CrossEncoder.predict),42,0.5500000000000002,324.9864704608917,85,0.9402061855670103
1181,DBLP,1210,33.249794721603394,29,0.5,0.023966942148760332,8,False,/home/ahmeda/er_paper/models/analysis18_section7/cross_encoder/DBLP/f_0p50/seed_43,47306,1308,1308,59133,1196,11827,/home/ahmeda/er_paper/results/analysis18_section7/predictions/fraction_DBLP_f0p50_seed43.csv,0.006688963210702341,sigmoid(CrossEncoder.predict),43,0.6000000000000002,349.5186791419983,90,0.9193548387096774
1197,DBLP,1216,34.21561670303345,19,0.5,0.015625,12,False,/home/ahmeda/er_paper/models/analysis18_section7/cross_encoder/DBLP/f_0p50/seed_44,46588,1308,1308,58235,1215,11647,/home/ahmeda/er_paper/results/analysis18_section7/predictions/fraction_DBLP_f0p50_seed44.csv,0.009876543209876543,sigmoid(CrossEncoder.predict),44,0.5500000000000002,347.81278681755066,80,0.9274193548387096
1200,DBLP,1217,33.353291034698486,17,0.5,0.013968775677896467,6,False,/home/ahmeda/er_paper/models/analysis18_section7/cross_encoder/DBLP/f_0p50/seed_45,46744,1308,1308,58431,1211,11687,/home/ahmeda/er_paper/results/analysis18_section7/predictions/fraction_DBLP_f0p50_seed45.csv,0.00495458298926507,sigmoid(CrossEncoder.predict),45,0.5500000000000002,358.1077616214752,85,0.9240246406570842
1182,DBLP,1213,33.5253963470459,31,0.5,0.025556471558120363,2,False,/home/ahmeda/er_paper/models/analysis18_section7/cross_encoder/DBLP/f_0p50/seed_46,47500,1308,1308,59376,1191,11876,/home/ahmeda/er_paper/results/analysis18_section7/predictions/fraction_DBLP_f0p50_seed46.csv,0.0016792611251049538,sigmoid(CrossEncoder.predict),46,0.20000000000000004,355.6645932197571,93,0.9270216962524654
1198,DBLP,1225,32.67884016036987,27,0.5,0.022040816326530613,10,False,/home/ahmeda/er_paper/models/analysis18_section7/cross_encoder/DBLP/f_0p50/seed_47,46392,1308,1308,57990,1219,11598,/home/ahmeda/er_paper/results/analysis18_section7/predictions/fraction_DBLP_f0p50_seed47.csv,0.008203445447087777,sigmoid(CrossEncoder.predict),47,0.20000000000000004,336.3959023952484,73,0.9402061855670103
1186,DBLP,1206,34.16215968132019,20,0.5,0.01658374792703151,16,False,/home/ahmeda/er_paper/models/analysis18_section7/cross_encoder/DBLP/f_0p50/seed_48,46812,1308,1308,58516,1208,11704,/home/ahmeda/er_paper/results/analysis18_section7/predictions/fraction_DBLP_f0p50_seed48.csv,0.013245033112582781,sigmoid(CrossEncoder.predict),48,0.9000000000000002,366.2580683231354,86,0.9146341463414634
1203,DBLP,1224,34.249234676361084,21,0.5,0.01715686274509804,5,False,/home/ahmeda/er_paper/models/analysis18_section7/cross_encoder/DBLP/f_0p50/seed_49,46536,1308,1308,58170,1217,11634,/home/ahmeda/er_paper/results/analysis18_section7/predictions/fraction_DBLP_f0p50_seed49.csv,0.004108463434675432,sigmoid(CrossEncoder.predict),49,0.20000000000000004,375.68053007125854,79,0.9146341463414634
1188,DBLP,1213,33.28520131111145,25,0.5,0.020610057708161583,7,False,/home/ahmeda/er_paper/models/analysis18_section7/cross_encoder/DBLP/f_0p50/seed_50,46890,1308,1308,58613,1207,11723,/home/ahmeda/er_paper/results/analysis18_section7/predictions/fraction_DBLP_f0p50_seed50.csv,0.00579950289975145,sigmoid(CrossEncoder.predict),50,0.1,396.73504066467285,88,0.9551020408163265
1173,DBLP,1189,32.85529375076294,16,0.5,0.01345668629100084,17,False,/home/ahmeda/er_paper/models/analysis18_section7/cross_encoder/DBLP/f_0p50/seed_51,47313,1308,1308,59142,1196,11829,/home/ahmeda/er_paper/results/analysis18_section7/predictions/fraction_DBLP_f0p50_seed51.csv,0.014214046822742474,sigmoid(CrossEncoder.predict),51,0.6000000000000002,342.3538465499878,102,0.9416666666666667
962,DBLP,988,26.74775981903076,26,0.6,0.02631578947368421,5,False,/home/ahmeda/er_paper/models/analysis18_section7/cross_encoder/DBLP/f_0p60/seed_42,56019,1047,1569,70024,973,14005,/home/ahmeda/er_paper/results/analysis18_section7/predictions/fraction_DBLP_f0p60_seed42.csv,0.0051387461459403904,sigmoid(CrossEncoder.predict),42,0.15000000000000002,407.08727860450745,54,0.928082191780822
947,DBLP,967,26.504595041275024,20,0.6,0.020682523267838676,6,False,/home/ahmeda/er_paper/models/analysis18_section7/cross_encoder/DBLP/f_0p60/seed_43,56489,1047,1569,70612,961,14123,/home/ahmeda/er_paper/results/analysis18_section7/predictions/fraction_DBLP_f0p60_seed43.csv,0.006243496357960458,sigmoid(CrossEncoder.predict),43,0.20000000000000004,464.4758360385895,74,0.937394247038917
959,DBLP,966,27.028717041015625,7,0.6,0.007246376811594203,10,False,/home/ahmeda/er_paper/models/analysis18_section7/cross_encoder/DBLP/f_0p60/seed_44,56039,1047,1569,70049,972,14010,/home/ahmeda/er_paper/results/analysis18_section7/predictions/fraction_DBLP_f0p60_seed44.csv,0.0102880658436214,sigmoid(CrossEncoder.predict),44,0.9000000000000002,450.4773762226105,71,0.9415807560137457
945,DBLP,955,26.4121994972229,10,0.6,0.010471204188481676,15,False,/home/ahmeda/er_paper/models/analysis18_section7/cross_encoder/DBLP/f_0p60/seed_45,56375,1047,1569,70469,964,14094,/home/ahmeda/er_paper/results/analysis18_section7/predictions/fraction_DBLP_f0p60_seed45.csv,0.015560165975103735,sigmoid(CrossEncoder.predict),45,0.9000000000000002,391.267427444458,77,0.9442508710801394
939,DBLP,956,26.727585077285767,17,0.6,0.01778242677824268,8,False,/home/ahmeda/er_paper/models/analysis18_section7/cross_encoder/DBLP/f_0p60/seed_46,56920,1047,1569,71151,950,14231,/home/ahmeda/er_paper/results/analysis18_section7/predictions/fraction_DBLP_f0p60_seed46.csv,0.008421052631578947,sigmoid(CrossEncoder.predict),46,0.8000000000000002,482.10556983947754,83,0.9084745762711864
953,DBLP,974,26.451152801513672,21,0.6,0.021560574948665298,8,False,/home/ahmeda/er_paper/models/analysis18_section7/cross_encoder/DBLP/f_0p60/seed_47,56130,1047,1569,70163,970,14033,/home/ahmeda/er_paper/results/analysis18_section7/predictions/fraction_DBLP_f0p60_seed47.csv,0.008247422680412371,sigmoid(CrossEncoder.predict),47,0.20000000000000004,458.49295234680176,65,0.9572649572649573
953,DBLP,967,26.333380222320557,14,0.6,0.014477766287487074,8,False,/home/ahmeda/er_paper/models/analysis18_section7/cross_encoder/DBLP/f_0p60/seed_48,56111,1047,1569,70139,969,14028,/home/ahmeda/er_paper/results/analysis18_section7/predictions/fraction_DBLP_f0p60_seed48.csv,0.008255933952528379,sigmoid(CrossEncoder.predict),48,0.5500000000000002,421.1273798942566,72,0.9290540540540541
961,DBLP,976,26.269315004348755,15,0.6,0.015368852459016393,4,False,/home/ahmeda/er_paper/models/analysis18_section7/cross_encoder/DBLP/f_0p60/seed_49,56067,1047,1569,70084,972,14017,/home/ahmeda/er_paper/results/analysis18_section7/predictions/fraction_DBLP_f0p60_seed49.csv,0.00411522633744856,sigmoid(CrossEncoder.predict),49,0.8500000000000002,400.56777930259705,67,0.9306260575296108
946,DBLP,971,26.345911741256714,25,0.6,0.025746652935118436,6,False,/home/ahmeda/er_paper/models/analysis18_section7/cross_encoder/DBLP/f_0p60/seed_50,56388,1047,1569,70486,963,14098,/home/ahmeda/er_paper/results/analysis18_section7/predictions/fraction_DBLP_f0p60_seed50.csv,0.006230529595015576,sigmoid(CrossEncoder.predict),50,0.20000000000000004,485.3094184398651,70,0.933786078098472
939,DBLP,963,26.211017847061157,24,0.6,0.024922118380062305,10,False,/home/ahmeda/er_paper/models/analysis18_section7/cross_encoder/DBLP/f_0p60/seed_51,56659,1047,1569,70824,957,14165,/home/ahmeda/er_paper/results/analysis18_section7/predictions/fraction_DBLP_f0p60_seed51.csv,0.01044932079414838,sigmoid(CrossEncoder.predict),51,0.25000000000000006,425.2732467651367,74,0.9324324324324325
714,DBLP,722,20.23237133026123,8,0.7,0.0110803324099723,10,False,/home/ahmeda/er_paper/models/analysis18_section7/cross_encoder/DBLP/f_0p70/seed_42,65647,785,1831,82059,727,16412,/home/ahmeda/er_paper/results/analysis18_section7/predictions/fraction_DBLP_f0p70_seed42.csv,0.013755158184319119,sigmoid(CrossEncoder.predict),42,0.8000000000000002,476.47444200515747,53,0.9401197604790419
711,DBLP,727,19.934168338775635,16,0.7,0.02200825309491059,6,False,/home/ahmeda/er_paper/models/analysis18_section7/cross_encoder/DBLP/f_0p70/seed_43,65802,785,1831,82253,723,16451,/home/ahmeda/er_paper/results/analysis18_section7/predictions/fraction_DBLP_f0p70_seed43.csv,0.008298755186721992,sigmoid(CrossEncoder.predict),43,0.6000000000000002,514.8453545570374,52,0.9397944199706314
725,DBLP,731,19.65288472175598,6,0.7,0.008207934336525308,6,False,/home/ahmeda/er_paper/models/analysis18_section7/cross_encoder/DBLP/f_0p70/seed_44,65394,785,1831,81743,733,16349,/home/ahmeda/er_paper/results/analysis18_section7/predictions/fraction_DBLP_f0p70_seed44.csv,0.008185538881309686,sigmoid(CrossEncoder.predict),44,0.20000000000000004,544.8304078578949,48,0.9358600583090378
720,DBLP,730,20.559261083602905,10,0.7,0.0136986301369863,4,False,/home/ahmeda/er_paper/models/analysis18_section7/cross_encoder/DBLP/f_0p70/seed_45,65636,785,1831,82046,727,16410,/home/ahmeda/er_paper/results/analysis18_section7/predictions/fraction_DBLP_f0p70_seed45.csv,0.005502063273727648,sigmoid(CrossEncoder.predict),45,0.9000000000000002,501.1802327632904,51,0.9179856115107914
704,DBLP,714,19.899614334106445,10,0.7,0.014005602240896359,7,False,/home/ahmeda/er_paper/models/analysis18_section7/cross_encoder/DBLP/f_0p70/seed_46,66243,785,1831,82804,712,16561,/home/ahmeda/er_paper/results/analysis18_section7/predictions/fraction_DBLP_f0p70_seed46.csv,0.009831460674157303,sigmoid(CrossEncoder.predict),46,0.9000000000000002,513.7970998287201,64,0.9246376811594202
715,DBLP,725,19.5803644657135,10,0.7,0.013793103448275862,10,False,/home/ahmeda/er_paper/models/analysis18_section7/cross_encoder/DBLP/f_0p70/seed_47,65510,785,1831,81888,729,16378,/home/ahmeda/er_paper/results/analysis18_section7/predictions/fraction_DBLP_f0p70_seed47.csv,0.013717421124828532,sigmoid(CrossEncoder.predict),47,0.9000000000000002,546.085253238678,50,0.9376854599406528
714,DBLP,718,19.738374710083008,4,0.7,0.005571030640668524,11,False,/home/ahmeda/er_paper/models/analysis18_section7/cross_encoder/DBLP/f_0p70/seed_48,65550,785,1831,81938,728,16388,/home/ahmeda/er_paper/results/analysis18_section7/predictions/fraction_DBLP_f0p70_seed48.csv,0.01510989010989011,sigmoid(CrossEncoder.predict),48,0.7000000000000002,513.5549583435059,56,0.9420505200594353
717,DBLP,725,19.666155576705933,8,0.7,0.011034482758620689,6,False,/home/ahmeda/er_paper/models/analysis18_section7/cross_encoder/DBLP/f_0p70/seed_49,65709,785,1831,82137,725,16428,/home/ahmeda/er_paper/results/analysis18_section7/predictions/fraction_DBLP_f0p70_seed49.csv,0.008275862068965517,sigmoid(CrossEncoder.predict),49,0.8000000000000002,546.5566649436951,54,0.9321533923303835
702,DBLP,720,21.299192428588867,18,0.7,0.025,8,False,/home/ahmeda/er_paper/models/analysis18_section7/cross_encoder/DBLP/f_0p70/seed_50,65845,785,1831,82307,721,16462,/home/ahmeda/er_paper/results/analysis18_section7/predictions/fraction_DBLP_f0p70_seed50.csv,0.011095700416088766,sigmoid(CrossEncoder.predict),50,0.9000000000000002,523.3920745849609,57,0.9380530973451328
701,DBLP,707,19.750556230545044,6,0.7,0.008486562942008486,11,False,/home/ahmeda/er_paper/models/analysis18_section7/cross_encoder/DBLP/f_0p70/seed_51,66066,785,1831,82583,716,16517,/home/ahmeda/er_paper/results/analysis18_section7/predictions/fraction_DBLP_f0p70_seed51.csv,0.015363128491620111,sigmoid(CrossEncoder.predict),51,0.8500000000000002,475.74571537971497,67,0.9382352941176471
480,DBLP,490,13.553150177001953,10,0.8,0.02040816326530612,5,False,/home/ahmeda/er_paper/models/analysis18_section7/cross_encoder/DBLP/f_0p80/seed_42,75112,524,2092,93890,485,18778,/home/ahmeda/er_paper/results/analysis18_section7/predictions/fraction_DBLP_f0p80_seed42.csv,0.010309278350515464,sigmoid(CrossEncoder.predict),42,0.9000000000000002,551.6451799869537,29,0.9434447300771208
472,DBLP,485,13.36265754699707,13,0.8,0.026804123711340205,2,False,/home/ahmeda/er_paper/models/analysis18_section7/cross_encoder/DBLP/f_0p80/seed_43,75336,524,2092,94170,479,18834,/home/ahmeda/er_paper/results/analysis18_section7/predictions/fraction_DBLP_f0p80_seed43.csv,0.0041753653444676405,sigmoid(CrossEncoder.predict),43,0.30000000000000004,555.8997530937195,37,0.9321608040201005
485,DBLP,493,14.041548490524292,8,0.8,0.016227180527383367,1,False,/home/ahmeda/er_paper/models/analysis18_section7/cross_encoder/DBLP/f_0p80/seed_44,74938,524,2092,93673,488,18735,/home/ahmeda/er_paper/results/analysis18_section7/predictions/fraction_DBLP_f0p80_seed44.csv,0.0020491803278688526,sigmoid(CrossEncoder.predict),44,0.1,553.1457653045654,30,0.9425287356321839
483,DBLP,484,13.194222211837769,1,0.8,0.002066115702479339,5,False,/home/ahmeda/er_paper/models/analysis18_section7/cross_encoder/DBLP/f_0p80/seed_45,74931,524,2092,93664,489,18733,/home/ahmeda/er_paper/results/analysis18_section7/predictions/fraction_DBLP_f0p80_seed45.csv,0.010224948875255624,sigmoid(CrossEncoder.predict),45,0.8500000000000002,550.2150015830994,35,0.9360613810741688
460,DBLP,467,13.003153562545776,7,0.8,0.014989293361884369,8,False,/home/ahmeda/er_paper/models/analysis18_section7/cross_encoder/DBLP/f_0p80/seed_46,75748,524,2092,94686,469,18938,/home/ahmeda/er_paper/results/analysis18_section7/predictions/fraction_DBLP_f0p80_seed46.csv,0.017057569296375266,sigmoid(CrossEncoder.predict),46,0.9000000000000002,583.0758202075958,49,0.9299363057324841
483,DBLP,492,13.120438814163208,9,0.8,0.018292682926829267,7,False,/home/ahmeda/er_paper/models/analysis18_section7/cross_encoder/DBLP/f_0p80/seed_47,74654,524,2092,93318,495,18664,/home/ahmeda/er_paper/results/analysis18_section7/predictions/fraction_DBLP_f0p80_seed47.csv,0.014141414141414142,sigmoid(CrossEncoder.predict),47,0.5000000000000001,606.258421421051,25,0.9437908496732026
479,DBLP,485,13.13167405128479,6,0.8,0.012371134020618556,4,False,/home/ahmeda/er_paper/models/analysis18_section7/cross_encoder/DBLP/f_0p80/seed_48,74992,524,2092,93741,487,18749,/home/ahmeda/er_paper/results/analysis18_section7/predictions/fraction_DBLP_f0p80_seed48.csv,0.008213552361396304,sigmoid(CrossEncoder.predict),48,0.8500000000000002,567.2713797092438,35,0.9312977099236641
478,DBLP,481,13.171100378036499,3,0.8,0.006237006237006237,6,False,/home/ahmeda/er_paper/models/analysis18_section7/cross_encoder/DBLP/f_0p80/seed_49,75052,524,2092,93815,486,18763,/home/ahmeda/er_paper/results/analysis18_section7/predictions/fraction_DBLP_f0p80_seed49.csv,0.012345679012345678,sigmoid(CrossEncoder.predict),49,0.9000000000000002,593.8256332874298,37,0.9361147327249022
472,DBLP,483,13.279584407806396,11,0.8,0.022774327122153208,5,False,/home/ahmeda/er_paper/models/analysis18_section7/cross_encoder/DBLP/f_0p80/seed_50,75144,524,2092,93930,483,18786,/home/ahmeda/er_paper/results/analysis18_section7/predictions/fraction_DBLP_f0p80_seed50.csv,0.010351966873706004,sigmoid(CrossEncoder.predict),50,0.8500000000000002,575.4298272132874,36,0.9375
463,DBLP,472,13.351602792739868,9,0.8,0.019067796610169493,8,False,/home/ahmeda/er_paper/models/analysis18_section7/cross_encoder/DBLP/f_0p80/seed_51,75526,524,2092,94408,474,18882,/home/ahmeda/er_paper/results/analysis18_section7/predictions/fraction_DBLP_f0p80_seed51.csv,0.016877637130801686,sigmoid(CrossEncoder.predict),51,0.8000000000000002,570.8603515625,44,0.9316129032258065
238,DBLP,240,6.700426816940308,2,0.9,0.008333333333333333,4,False,/home/ahmeda/er_paper/models/analysis18_section7/cross_encoder/DBLP/f_0p90/seed_42,84581,262,2354,105727,242,21146,/home/ahmeda/er_paper/results/analysis18_section7/predictions/fraction_DBLP_f0p90_seed42.csv,0.01652892561983471,sigmoid(CrossEncoder.predict),42,0.8000000000000002,629.5701732635498,18,0.9516129032258065
234,DBLP,239,6.711273908615112,5,0.9,0.02092050209205021,3,False,/home/ahmeda/er_paper/models/analysis18_section7/cross_encoder/DBLP/f_0p90/seed_43,84736,262,2354,105920,238,21184,/home/ahmeda/er_paper/results/analysis18_section7/predictions/fraction_DBLP_f0p90_seed43.csv,0.012605042016806723,sigmoid(CrossEncoder.predict),43,0.9000000000000002,594.4947094917297,20,0.9414466130884042
240,DBLP,244,6.85375452041626,4,0.9,0.01639344262295082,3,False,/home/ahmeda/er_paper/models/analysis18_section7/cross_encoder/DBLP/f_0p90/seed_44,84448,262,2354,105560,245,21112,/home/ahmeda/er_paper/results/analysis18_section7/predictions/fraction_DBLP_f0p90_seed44.csv,0.012244897959183673,sigmoid(CrossEncoder.predict),44,0.40000000000000013,618.6069207191467,15,0.9411764705882353
245,DBLP,246,6.664458751678467,1,0.9,0.0040650406504065045,2,False,/home/ahmeda/er_paper/models/analysis18_section7/cross_encoder/DBLP/f_0p90/seed_45,84368,262,2354,105461,248,21093,/home/ahmeda/er_paper/results/analysis18_section7/predictions/fraction_DBLP_f0p90_seed45.csv,0.008064516129032258,sigmoid(CrossEncoder.predict),45,0.45000000000000007,589.5839812755585,14,0.9426605504587156
231,DBLP,237,6.599832773208618,6,0.9,0.02531645569620253,2,False,/home/ahmeda/er_paper/models/analysis18_section7/cross_encoder/DBLP/f_0p90/seed_46,84906,262,2354,106133,234,21227,/home/ahmeda/er_paper/results/analysis18_section7/predictions/fraction_DBLP_f0p90_seed46.csv,0.008547008547008548,sigmoid(CrossEncoder.predict),46,0.40000000000000013,681.2410893440247,23,0.94211123723042
240,DBLP,244,6.584665775299072,4,0.9,0.01639344262295082,3,False,/home/ahmeda/er_paper/models/analysis18_section7/cross_encoder/DBLP/f_0p90/seed_47,84406,262,2354,105508,246,21102,/home/ahmeda/er_paper/results/analysis18_section7/predictions/fraction_DBLP_f0p90_seed47.csv,0.012195121951219513,sigmoid(CrossEncoder.predict),47,0.5500000000000002,683.2121863365173,15,0.9340909090909091
238,DBLP,241,7.263962984085083,3,0.9,0.012448132780082987,1,False,/home/ahmeda/er_paper/models/analysis18_section7/cross_encoder/DBLP/f_0p90/seed_48,84607,262,2354,105759,241,21152,/home/ahmeda/er_paper/results/analysis18_section7/predictions/fraction_DBLP_f0p90_seed48.csv,0.004149377593360996,sigmoid(CrossEncoder.predict),48,0.9000000000000002,605.6969034671783,20,0.9199549041713642
239,DBLP,239,6.587491750717163,0,0.9,0.0,2,False,/home/ahmeda/er_paper/models/analysis18_section7/cross_encoder/DBLP/f_0p90/seed_49,84603,262,2354,105754,241,21151,/home/ahmeda/er_paper/results/analysis18_section7/predictions/fraction_DBLP_f0p90_seed49.csv,0.008298755186721992,sigmoid(CrossEncoder.predict),49,0.25000000000000006,721.8707165718079,21,0.9435665914221218
234,DBLP,241,6.549617290496826,7,0.9,0.029045643153526972,1,False,/home/ahmeda/er_paper/models/analysis18_section7/cross_encoder/DBLP/f_0p90/seed_50,84714,262,2354,105893,238,21179,/home/ahmeda/er_paper/results/analysis18_section7/predictions/fraction_DBLP_f0p90_seed50.csv,0.004201680672268907,sigmoid(CrossEncoder.predict),50,0.1,702.390786409378,20,0.9280898876404494
231,DBLP,237,6.795290946960449,6,0.9,0.02531645569620253,5,False,/home/ahmeda/er_paper/models/analysis18_section7/cross_encoder/DBLP/f_0p90/seed_51,84743,262,2354,105929,238,21186,/home/ahmeda/er_paper/results/analysis18_section7/predictions/fraction_DBLP_f0p90_seed51.csv,0.02100840336134454,sigmoid(CrossEncoder.predict),51,0.3500000000000001,620.6835539340973,20,0.9438717067583047
477,ECOM,499,14.711016654968262,22,0.5,0.04408817635270541,42,False,/home/ahmeda/er_paper/models/analysis18_section7/cross_encoder/ECOM/f_0p50/seed_42,21597,541,540,26997,541,5400,/home/ahmeda/er_paper/results/analysis18_section7/predictions/fraction_ECOM_f0p50_seed42.csv,0.07763401109057301,sigmoid(CrossEncoder.predict),42,0.25000000000000006,177.9853217601776,0,0.8623853211009175
456,ECOM,475,15.215277910232544,19,0.5,0.04,66,False,/home/ahmeda/er_paper/models/analysis18_section7/cross_encoder/ECOM/f_0p50/seed_43,21597,541,540,26997,541,5400,/home/ahmeda/er_paper/results/analysis18_section7/predictions/fraction_ECOM_f0p50_seed43.csv,0.12199630314232902,sigmoid(CrossEncoder.predict),43,0.6000000000000002,190.81542944908142,0,0.8796296296296297
441,ECOM,455,14.518379211425781,14,0.5,0.03076923076923077,86,False,/home/ahmeda/er_paper/models/analysis18_section7/cross_encoder/ECOM/f_0p50/seed_44,21595,541,540,26994,541,5399,/home/ahmeda/er_paper/results/analysis18_section7/predictions/fraction_ECOM_f0p50_seed44.csv,0.1589648798521257,sigmoid(CrossEncoder.predict),44,0.8000000000000002,163.50304889678955,0,0.8095238095238095
454,ECOM,479,14.395957469940186,25,0.5,0.05219206680584551,62,False,/home/ahmeda/er_paper/models/analysis18_section7/cross_encoder/ECOM/f_0p50/seed_45,21593,541,540,26992,541,5399,/home/ahmeda/er_paper/results/analysis18_section7/predictions/fraction_ECOM_f0p50_seed45.csv,0.11460258780036968,sigmoid(CrossEncoder.predict),45,0.30000000000000004,151.01535487174988,0,0.8899082568807339
461,ECOM,480,14.392464637756348,19,0.5,0.03958333333333333,61,False,/home/ahmeda/er_paper/models/analysis18_section7/cross_encoder/ECOM/f_0p50/seed_46,21596,541,540,26995,541,5399,/home/ahmeda/er_paper/results/analysis18_section7/predictions/fraction_ECOM_f0p50_seed46.csv,0.11275415896487985,sigmoid(CrossEncoder.predict),46,0.7500000000000002,164.22638511657715,0,0.8544600938967136
438,ECOM,450,14.545064449310303,12,0.5,0.02666666666666667,91,False,/home/ahmeda/er_paper/models/analysis18_section7/cross_encoder/ECOM/f_0p50/seed_47,21593,541,540,26992,541,5399,/home/ahmeda/er_paper/results/analysis18_section7/predictions/fraction_ECOM_f0p50_seed47.csv,0.16820702402957485,sigmoid(CrossEncoder.predict),47,0.9000000000000002,161.73828101158142,0,0.8275862068965517
446,ECOM,458,14.85224461555481,12,0.5,0.026200873362445413,83,False,/home/ahmeda/er_paper/models/analysis18_section7/cross_encoder/ECOM/f_0p50/seed_48,21598,541,540,26998,541,5400,/home/ahmeda/er_paper/results/analysis18_section7/predictions/fraction_ECOM_f0p50_seed48.csv,0.1534195933456562,sigmoid(CrossEncoder.predict),48,0.7500000000000002,178.96005368232727,0,0.8365384615384616
447,ECOM,463,14.433746099472046,16,0.5,0.03455723542116631,78,False,/home/ahmeda/er_paper/models/analysis18_section7/cross_encoder/ECOM/f_0p50/seed_49,21596,541,540,26995,541,5399,/home/ahmeda/er_paper/results/analysis18_section7/predictions/fraction_ECOM_f0p50_seed49.csv,0.14417744916820702,sigmoid(CrossEncoder.predict),49,0.8000000000000002,152.66109800338745,0,0.8679245283018868
443,ECOM,462,14.493035793304443,19,0.5,0.04112554112554113,79,False,/home/ahmeda/er_paper/models/analysis18_section7/cross_encoder/ECOM/f_0p50/seed_50,21592,541,540,26990,541,5398,/home/ahmeda/er_paper/results/analysis18_section7/predictions/fraction_ECOM_f0p50_seed50.csv,0.14602587800369685,sigmoid(CrossEncoder.predict),50,0.8500000000000002,189.99445509910583,0,0.8679245283018868
454,ECOM,474,15.01056694984436,20,0.5,0.04219409282700422,67,False,/home/ahmeda/er_paper/models/analysis18_section7/cross_encoder/ECOM/f_0p50/seed_51,21593,541,540,26992,541,5399,/home/ahmeda/er_paper/results/analysis18_section7/predictions/fraction_ECOM_f0p50_seed51.csv,0.12384473197781885,sigmoid(CrossEncoder.predict),51,0.8000000000000002,158.72809410095215,0,0.821256038647343
372,ECOM,388,11.970998287200928,16,0.6,0.041237113402061855,45,False,/home/ahmeda/er_paper/models/analysis18_section7/cross_encoder/ECOM/f_0p60/seed_42,25912,433,648,32391,433,6479,/home/ahmeda/er_paper/results/analysis18_section7/predictions/fraction_ECOM_f0p60_seed42.csv,0.10392609699769054,sigmoid(CrossEncoder.predict),42,0.45000000000000007,198.74467706680298,0,0.8484848484848485
333,ECOM,345,11.648024082183838,12,0.6,0.034782608695652174,88,False,/home/ahmeda/er_paper/models/analysis18_section7/cross_encoder/ECOM/f_0p60/seed_43,25914,433,648,32393,433,6479,/home/ahmeda/er_paper/results/analysis18_section7/predictions/fraction_ECOM_f0p60_seed43.csv,0.20323325635103925,sigmoid(CrossEncoder.predict),43,0.9000000000000002,228.001624584198,0,0.852589641434263
358,ECOM,370,11.714054822921753,12,0.6,0.032432432432432434,63,False,/home/ahmeda/er_paper/models/analysis18_section7/cross_encoder/ECOM/f_0p60/seed_44,25915,433,648,32394,433,6479,/home/ahmeda/er_paper/results/analysis18_section7/predictions/fraction_ECOM_f0p60_seed44.csv,0.14549653579676675,sigmoid(CrossEncoder.predict),44,0.5000000000000001,216.99746227264404,0,0.8605577689243028
355,ECOM,367,11.592291355133057,12,0.6,0.0326975476839237,66,False,/home/ahmeda/er_paper/models/analysis18_section7/cross_encoder/ECOM/f_0p60/seed_45,25911,433,648,32389,433,6478,/home/ahmeda/er_paper/results/analysis18_section7/predictions/fraction_ECOM_f0p60_seed45.csv,0.15242494226327943,sigmoid(CrossEncoder.predict),45,0.30000000000000004,197.25837969779968,0,0.8408163265306122
375,ECOM,384,11.854410171508789,9,0.6,0.0234375,49,False,/home/ahmeda/er_paper/models/analysis18_section7/cross_encoder/ECOM/f_0p60/seed_46,25915,433,648,32394,433,6479,/home/ahmeda/er_paper/results/analysis18_section7/predictions/fraction_ECOM_f0p60_seed46.csv,0.11316397228637413,sigmoid(CrossEncoder.predict),46,0.5000000000000001,222.08298540115356,0,0.8515625
375,ECOM,389,11.690325498580933,14,0.6,0.03598971722365039,44,False,/home/ahmeda/er_paper/models/analysis18_section7/cross_encoder/ECOM/f_0p60/seed_47,25912,433,648,32390,433,6478,/home/ahmeda/er_paper/results/analysis18_section7/predictions/fraction_ECOM_f0p60_seed47.csv,0.10161662817551963,sigmoid(CrossEncoder.predict),47,0.30000000000000004,204.9208152294159,0,0.8560885608856088
353,ECOM,365,12.833123445510864,12,0.6,0.03287671232876712,68,False,/home/ahmeda/er_paper/models/analysis18_section7/cross_encoder/ECOM/f_0p60/seed_48,25917,433,648,32397,433,6480,/home/ahmeda/er_paper/results/analysis18_section7/predictions/fraction_ECOM_f0p60_seed48.csv,0.15704387990762125,sigmoid(CrossEncoder.predict),48,0.20000000000000004,227.65282225608826,0,0.8825910931174089
359,ECOM,375,11.621581315994263,16,0.6,0.042666666666666665,58,False,/home/ahmeda/er_paper/models/analysis18_section7/cross_encoder/ECOM/f_0p60/seed_49,25916,433,648,32395,433,6479,/home/ahmeda/er_paper/results/analysis18_section7/predictions/fraction_ECOM_f0p60_seed49.csv,0.13394919168591224,sigmoid(CrossEncoder.predict),49,0.45000000000000007,223.5413110256195,0,0.8359375
370,ECOM,387,11.735978603363037,17,0.6,0.04392764857881137,46,False,/home/ahmeda/er_paper/models/analysis18_section7/cross_encoder/ECOM/f_0p60/seed_50,25910,433,648,32388,433,6478,/home/ahmeda/er_paper/results/analysis18_section7/predictions/fraction_ECOM_f0p60_seed50.csv,0.10623556581986143,sigmoid(CrossEncoder.predict),50,0.5000000000000001,212.55591011047363,0,0.8625954198473282
369,ECOM,382,11.875378608703613,13,0.6,0.034031413612565446,51,False,/home/ahmeda/er_paper/models/analysis18_section7/cross_encoder/ECOM/f_0p60/seed_51,25911,433,648,32389,433,6478,/home/ahmeda/er_paper/results/analysis18_section7/predictions/fraction_ECOM_f0p60_seed51.csv,0.11778290993071594,sigmoid(CrossEncoder.predict),51,0.3500000000000001,198.67476153373718,0,0.8787878787878788
277,ECOM,288,9.10554051399231,11,0.7,0.03819444444444445,37,False,/home/ahmeda/er_paper/models/analysis18_section7/cross_encoder/ECOM/f_0p70/seed_42,30232,325,756,37790,325,7558,/home/ahmeda/er_paper/results/analysis18_section7/predictions/fraction_ECOM_f0p70_seed42.csv,0.11384615384615385,sigmoid(CrossEncoder.predict),42,0.40000000000000013,252.6117992401123,0,0.8571428571428571
279,ECOM,292,8.806312799453735,13,0.7,0.04452054794520548,33,False,/home/ahmeda/er_paper/models/analysis18_section7/cross_encoder/ECOM/f_0p70/seed_43,30233,325,756,37792,325,7559,/home/ahmeda/er_paper/results/analysis18_section7/predictions/fraction_ECOM_f0p70_seed43.csv,0.10153846153846154,sigmoid(CrossEncoder.predict),43,0.15000000000000002,257.16137957572937,0,0.8766233766233766
267,ECOM,269,8.836148023605347,2,0.7,0.007434944237918215,56,False,/home/ahmeda/er_paper/models/analysis18_section7/cross_encoder/ECOM/f_0p70/seed_44,30234,325,756,37793,325,7559,/home/ahmeda/er_paper/results/analysis18_section7/predictions/fraction_ECOM_f0p70_seed44.csv,0.1723076923076923,sigmoid(CrossEncoder.predict),44,0.8500000000000002,255.12008595466614,0,0.8807947019867549
265,ECOM,273,8.708895206451416,8,0.7,0.029304029304029304,52,False,/home/ahmeda/er_paper/models/analysis18_section7/cross_encoder/ECOM/f_0p70/seed_45,30231,325,756,37789,325,7558,/home/ahmeda/er_paper/results/analysis18_section7/predictions/fraction_ECOM_f0p70_seed45.csv,0.16,sigmoid(CrossEncoder.predict),45,0.40000000000000013,225.36255860328674,0,0.8767123287671232
277,ECOM,283,8.644105195999146,6,0.7,0.02120141342756184,42,False,/home/ahmeda/er_paper/models/analysis18_section7/cross_encoder/ECOM/f_0p70/seed_46,30233,325,756,37792,325,7559,/home/ahmeda/er_paper/results/analysis18_section7/predictions/fraction_ECOM_f0p70_seed46.csv,0.12923076923076923,sigmoid(CrossEncoder.predict),46,0.30000000000000004,238.3821370601654,0,0.8775510204081632
284,ECOM,290,8.639706134796143,6,0.7,0.020689655172413793,35,False,/home/ahmeda/er_paper/models/analysis18_section7/cross_encoder/ECOM/f_0p70/seed_47,30231,325,756,37789,325,7558,/home/ahmeda/er_paper/results/analysis18_section7/predictions/fraction_ECOM_f0p70_seed47.csv,0.1076923076923077,sigmoid(CrossEncoder.predict),47,0.15000000000000002,260.5058810710907,0,0.8223684210526315
272,ECOM,287,8.980454444885254,15,0.7,0.05226480836236934,38,False,/home/ahmeda/er_paper/models/analysis18_section7/cross_encoder/ECOM/f_0p70/seed_48,30235,325,756,37794,325,7559,/home/ahmeda/er_paper/results/analysis18_section7/predictions/fraction_ECOM_f0p70_seed48.csv,0.11692307692307692,sigmoid(CrossEncoder.predict),48,0.3500000000000001,229.56066799163818,0,0.875
262,ECOM,273,8.72732138633728,11,0.7,0.040293040293040296,52,False,/home/ahmeda/er_paper/models/analysis18_section7/cross_encoder/ECOM/f_0p70/seed_49,30233,325,756,37792,325,7559,/home/ahmeda/er_paper/results/analysis18_section7/predictions/fraction_ECOM_f0p70_seed49.csv,0.16,sigmoid(CrossEncoder.predict),49,0.9000000000000002,260.02853655815125,0,0.8686868686868687
274,ECOM,287,8.912541389465332,13,0.7,0.04529616724738676,38,False,/home/ahmeda/er_paper/models/analysis18_section7/cross_encoder/ECOM/f_0p70/seed_50,30229,325,756,37787,325,7558,/home/ahmeda/er_paper/results/analysis18_section7/predictions/fraction_ECOM_f0p70_seed50.csv,0.11692307692307692,sigmoid(CrossEncoder.predict),50,0.5000000000000001,254.60491156578064,0,0.8783783783783784
276,ECOM,282,8.826807737350464,6,0.7,0.02127659574468085,43,False,/home/ahmeda/er_paper/models/analysis18_section7/cross_encoder/ECOM/f_0p70/seed_51,30229,325,756,37787,325,7558,/home/ahmeda/er_paper/results/analysis18_section7/predictions/fraction_ECOM_f0p70_seed51.csv,0.13230769230769232,sigmoid(CrossEncoder.predict),51,0.25000000000000006,225.96828818321228,0,0.8811188811188811
190,ECOM,198,6.218125581741333,8,0.8,0.04040404040404041,19,False,/home/ahmeda/er_paper/models/analysis18_section7/cross_encoder/ECOM/f_0p80/seed_42,34551,217,864,43189,217,8638,/home/ahmeda/er_paper/results/analysis18_section7/predictions/fraction_ECOM_f0p80_seed42.csv,0.08755760368663594,sigmoid(CrossEncoder.predict),42,0.1,277.15960359573364,0,0.8688046647230321
180,ECOM,187,5.935711622238159,7,0.8,0.0374331550802139,30,False,/home/ahmeda/er_paper/models/analysis18_section7/cross_encoder/ECOM/f_0p80/seed_43,34552,217,864,43190,217,8638,/home/ahmeda/er_paper/results/analysis18_section7/predictions/fraction_ECOM_f0p80_seed43.csv,0.1382488479262673,sigmoid(CrossEncoder.predict),43,0.20000000000000004,274.18182492256165,0,0.8705882352941177
172,ECOM,179,5.880615949630737,7,0.8,0.03910614525139665,38,False,/home/ahmeda/er_paper/models/analysis18_section7/cross_encoder/ECOM/f_0p80/seed_44,34553,217,864,43192,217,8639,/home/ahmeda/er_paper/results/analysis18_section7/predictions/fraction_ECOM_f0p80_seed44.csv,0.17511520737327188,sigmoid(CrossEncoder.predict),44,0.40000000000000013,256.3285846710205,0,0.8674698795180723
170,ECOM,174,6.054528713226318,4,0.8,0.022988505747126436,43,False,/home/ahmeda/er_paper/models/analysis18_section7/cross_encoder/ECOM/f_0p80/seed_45,34551,217,864,43189,217,8638,/home/ahmeda/er_paper/results/analysis18_section7/predictions/fraction_ECOM_f0p80_seed45.csv,0.19815668202764977,sigmoid(CrossEncoder.predict),45,0.9000000000000002,257.57703495025635,0,0.8490566037735849
176,ECOM,181,5.830843210220337,5,0.8,0.027624309392265192,36,False,/home/ahmeda/er_paper/models/analysis18_section7/cross_encoder/ECOM/f_0p80/seed_46,34552,217,864,43191,217,8639,/home/ahmeda/er_paper/results/analysis18_section7/predictions/fraction_ECOM_f0p80_seed46.csv,0.16589861751152074,sigmoid(CrossEncoder.predict),46,0.8500000000000002,307.48371171951294,0,0.852760736196319
174,ECOM,179,5.739635705947876,5,0.8,0.027932960893854747,38,False,/home/ahmeda/er_paper/models/analysis18_section7/cross_encoder/ECOM/f_0p80/seed_47,34549,217,864,43187,217,8638,/home/ahmeda/er_paper/results/analysis18_section7/predictions/fraction_ECOM_f0p80_seed47.csv,0.17511520737327188,sigmoid(CrossEncoder.predict),47,0.9000000000000002,295.90369963645935,0,0.8338557993730408
179,ECOM,186,6.0635669231414795,7,0.8,0.03763440860215054,31,False,/home/ahmeda/er_paper/models/analysis18_section7/cross_encoder/ECOM/f_0p80/seed_48,34552,217,864,43190,217,8638,/home/ahmeda/er_paper/results/analysis18_section7/predictions/fraction_ECOM_f0p80_seed48.csv,0.14285714285714285,sigmoid(CrossEncoder.predict),48,0.1,261.3351078033447,0,0.8457142857142858
181,ECOM,186,5.832969903945923,5,0.8,0.026881720430107527,31,False,/home/ahmeda/er_paper/models/analysis18_section7/cross_encoder/ECOM/f_0p80/seed_49,34552,217,864,43191,217,8639,/home/ahmeda/er_paper/results/analysis18_section7/predictions/fraction_ECOM_f0p80_seed49.csv,0.14285714285714285,sigmoid(CrossEncoder.predict),49,0.9000000000000002,303.8935499191284,0,0.8703703703703703
188,ECOM,194,5.87262225151062,6,0.8,0.030927835051546393,23,False,/home/ahmeda/er_paper/models/analysis18_section7/cross_encoder/ECOM/f_0p80/seed_50,34550,217,864,43188,217,8638,/home/ahmeda/er_paper/results/analysis18_section7/predictions/fraction_ECOM_f0p80_seed50.csv,0.10599078341013825,sigmoid(CrossEncoder.predict),50,0.5000000000000001,294.1077449321747,0,0.8787878787878788
186,ECOM,191,5.898369312286377,5,0.8,0.02617801047120419,26,False,/home/ahmeda/er_paper/models/analysis18_section7/cross_encoder/ECOM/f_0p80/seed_51,34549,217,864,43187,217,8638,/home/ahmeda/er_paper/results/analysis18_section7/predictions/fraction_ECOM_f0p80_seed51.csv,0.11981566820276497,sigmoid(CrossEncoder.predict),51,0.30000000000000004,271.19692397117615,0,0.8705882352941177
92,ECOM,96,3.0331778526306152,4,0.9,0.041666666666666664,13,False,/home/ahmeda/er_paper/models/analysis18_section7/cross_encoder/ECOM/f_0p90/seed_42,38870,109,972,48588,109,9718,/home/ahmeda/er_paper/results/analysis18_section7/predictions/fraction_ECOM_f0p90_seed42.csv,0.11926605504587157,sigmoid(CrossEncoder.predict),42,0.7500000000000002,283.53986525535583,0,0.8981723237597912
93,ECOM,99,3.0166943073272705,6,0.9,0.06060606060606061,10,False,/home/ahmeda/er_paper/models/analysis18_section7/cross_encoder/ECOM/f_0p90/seed_43,38869,109,972,48587,109,9718,/home/ahmeda/er_paper/results/analysis18_section7/predictions/fraction_ECOM_f0p90_seed43.csv,0.09174311926605505,sigmoid(CrossEncoder.predict),43,0.20000000000000004,312.8109459877014,0,0.8962025316455696
84,ECOM,88,3.034745454788208,4,0.9,0.045454545454545456,21,False,/home/ahmeda/er_paper/models/analysis18_section7/cross_encoder/ECOM/f_0p90/seed_44,38872,109,972,48590,109,9718,/home/ahmeda/er_paper/results/analysis18_section7/predictions/fraction_ECOM_f0p90_seed44.csv,0.1926605504587156,sigmoid(CrossEncoder.predict),44,0.25000000000000006,337.41097235679626,0,0.9028871391076115
93,ECOM,97,2.9344704151153564,4,0.9,0.041237113402061855,12,False,/home/ahmeda/er_paper/models/analysis18_section7/cross_encoder/ECOM/f_0p90/seed_45,38869,109,972,48587,109,9718,/home/ahmeda/er_paper/results/analysis18_section7/predictions/fraction_ECOM_f0p90_seed45.csv,0.11009174311926606,sigmoid(CrossEncoder.predict),45,0.15000000000000002,283.4858877658844,0,0.8922305764411027
98,ECOM,99,2.934563159942627,1,0.9,0.010101010101010102,10,False,/home/ahmeda/er_paper/models/analysis18_section7/cross_encoder/ECOM/f_0p90/seed_46,38871,109,972,48589,109,9718,/home/ahmeda/er_paper/results/analysis18_section7/predictions/fraction_ECOM_f0p90_seed46.csv,0.09174311926605505,sigmoid(CrossEncoder.predict),46,0.25000000000000006,297.1580321788788,0,0.8911917098445595
96,ECOM,99,2.943575859069824,3,0.9,0.030303030303030304,10,False,/home/ahmeda/er_paper/models/analysis18_section7/cross_encoder/ECOM/f_0p90/seed_47,38868,109,972,48586,109,9718,/home/ahmeda/er_paper/results/analysis18_section7/predictions/fraction_ECOM_f0p90_seed47.csv,0.09174311926605505,sigmoid(CrossEncoder.predict),47,0.15000000000000002,328.71018385887146,0,0.8409703504043127
93,ECOM,95,3.076138973236084,2,0.9,0.021052631578947368,14,False,/home/ahmeda/er_paper/models/analysis18_section7/cross_encoder/ECOM/f_0p90/seed_48,38872,109,972,48590,109,9718,/home/ahmeda/er_paper/results/analysis18_section7/predictions/fraction_ECOM_f0p90_seed48.csv,0.12844036697247707,sigmoid(CrossEncoder.predict),48,0.45000000000000007,336.95967960357666,0,0.8707124010554089
97,ECOM,100,2.965360641479492,3,0.9,0.03,9,False,/home/ahmeda/er_paper/models/analysis18_section7/cross_encoder/ECOM/f_0p90/seed_49,38871,109,972,48589,109,9718,/home/ahmeda/er_paper/results/analysis18_section7/predictions/fraction_ECOM_f0p90_seed49.csv,0.08256880733944955,sigmoid(CrossEncoder.predict),49,0.20000000000000004,333.2992191314697,0,0.8707124010554089
98,ECOM,99,2.954101085662842,1,0.9,0.010101010101010102,10,False,/home/ahmeda/er_paper/models/analysis18_section7/cross_encoder/ECOM/f_0p90/seed_50,38869,109,972,48587,109,9718,/home/ahmeda/er_paper/results/analysis18_section7/predictions/fraction_ECOM_f0p90_seed50.csv,0.09174311926605505,sigmoid(CrossEncoder.predict),50,0.8000000000000002,335.66940116882324,0,0.9090909090909091
90,ECOM,92,3.1526904106140137,2,0.9,0.021739130434782608,17,False,/home/ahmeda/er_paper/models/analysis18_section7/cross_encoder/ECOM/f_0p90/seed_51,38869,109,972,48587,109,9718,/home/ahmeda/er_paper/results/analysis18_section7/predictions/fraction_ECOM_f0p90_seed51.csv,0.1559633027522936,sigmoid(CrossEncoder.predict),51,0.5000000000000001,339.9995639324188,0,0.8695652173913043
