dataset,fraction,seed,role,scheme,record_index,ida,has_true_match,n_valid_matches,retained_idb,top1_idb,top1_is_any_valid,top1_score,top2_score,score_gap,threshold,declared,category
ECOM,0.6,51,inner,SRSWOR_65_35,0,28272,True,1,206160056,206160056,True,0.9998556003098107,0.04084582799737512,0.9590097723124356,0.25000000000000006,True,correct
ECOM,0.6,51,inner,SRSWOR_65_35,1,36305,True,1,202899626,202899626,True,0.9998872591830724,0.00017949202504490604,0.9997077671580276,0.25000000000000006,True,correct
ECOM,0.6,51,inner,SRSWOR_65_35,2,552,True,1,90132241,90132241,True,0.9999769159558723,0.0001607382060089572,0.9998161777498634,0.25000000000000006,True,correct
ECOM,0.6,51,inner,SRSWOR_65_35,3,35237,True,1,207686035,207686035,True,0.9978495460981569,0.0006748966923670389,0.9971746494057898,0.25000000000000006,True,correct
ECOM,0.6,51,inner,SRSWOR_65_35,4,34824,True,1,207390710,207390709,False,0.999919890379527,0.9996691708057304,0.0002507195737966317,0.25000000000000006,True,false_link
ECOM,0.6,51,inner,SRSWOR_65_35,5,37145,True,1,208941080,208941079,False,0.9999623166851742,0.01775974939221681,0.9822025672929574,0.25000000000000006,True,false_link
ECOM,0.6,51,inner,SRSWOR_65_35,6,33271,True,1,206808431,206808431,True,0.9999845659266517,0.0038462307302915867,0.9961383351963602,0.25000000000000006,True,correct
ECOM,0.6,51,inner,SRSWOR_65_35,7,34300,True,1,207543192,207543192,True,0.9999474834699996,0.0041566701490695235,0.9957908133209301,0.25000000000000006,True,correct
ECOM,0.6,51,inner,SRSWOR_65_35,8,30680,True,1,207390502,207390502,True,0.003950306319268325,0.00018827846321256507,0.00376202785605576,0.25000000000000006,False,missing_match
ECOM,0.6,51,inner,SRSWOR_65_35,9,16309,True,1,203022472,203022472,True,0.9999780045565002,0.00045770276584541285,0.9995203017906548,0.25000000000000006,True,correct
ECOM,0.6,51,inner,SRSWOR_65_35,10,31020,True,1,205835447,205835447,True,0.999915855246693,0.00021519733543822093,0.9997006579112548,0.25000000000000006,True,correct
ECOM,0.6,51,inner,SRSWOR_65_35,11,25670,True,1,203389465,203389465,True,0.9999532360515525,0.002935230835263866,0.9970180052162887,0.25000000000000006,True,correct
ECOM,0.6,51,inner,SRSWOR_65_35,12,35308,True,1,208270234,208270234,True,0.9999344762787655,3.3631797260204365e-05,0.9999008444815053,0.25000000000000006,True,correct
ECOM,0.6,51,inner,SRSWOR_65_35,13,24615,True,1,203340555,204587971,False,0.9866461588115366,0.008600373562739648,0.9780457852487969,0.25000000000000006,True,false_link
ECOM,0.6,51,inner,SRSWOR_65_35,14,36027,True,1,203396159,203396159,True,0.9998158651455537,0.12602493350340951,0.8737909316421442,0.25000000000000006,True,correct
ECOM,0.6,51,inner,SRSWOR_65_35,15,31392,True,1,205753566,205753566,True,0.9998165195672287,0.2868841699008428,0.712932349666386,0.25000000000000006,True,correct
ECOM,0.6,51,inner,SRSWOR_65_35,16,33639,True,1,206928608,206928608,True,0.0024068764194725076,0.001130440198797536,0.0012764362206749715,0.25000000000000006,False,missing_match
ECOM,0.6,51,inner,SRSWOR_65_35,17,35218,True,1,207536225,207536225,True,0.9999730719213588,0.0014463781155639333,0.9985266938057948,0.25000000000000006,True,correct
ECOM,0.6,51,inner,SRSWOR_65_35,18,33765,True,1,208455897,207910212,False,0.9739847467124083,0.020159259084659376,0.953825487627749,0.25000000000000006,True,false_link
ECOM,0.6,51,inner,SRSWOR_65_35,19,24034,True,1,50017228,50017228,True,0.0006338142857587308,7.772792146329102e-05,0.0005560863642954399,0.25000000000000006,False,missing_match
ECOM,0.6,51,inner,SRSWOR_65_35,20,30343,True,1,205121310,205121310,True,0.9987842907812133,2.4558299192624957e-05,0.9987597324820207,0.25000000000000006,True,correct
ECOM,0.6,51,inner,SRSWOR_65_35,21,38798,True,1,205852250,205852250,True,0.9997899909997665,0.00038405110794716363,0.9994059398918194,0.25000000000000006,True,correct
ECOM,0.6,51,inner,SRSWOR_65_35,22,36515,True,1,209687172,209687172,True,0.9999840804684506,0.0001784682492338064,0.9998056122192167,0.25000000000000006,True,correct
ECOM,0.6,51,inner,SRSWOR_65_35,23,33908,True,1,208111903,208111903,True,0.32111738517467,0.00011310369448923917,0.32100428148018073,0.25000000000000006,True,correct
ECOM,0.6,51,inner,SRSWOR_65_35,24,21182,True,1,202486964,202486964,True,0.8181287588081116,2.5315888490644963e-05,0.818103442919621,0.25000000000000006,True,correct
ECOM,0.6,51,inner,SRSWOR_65_35,25,27194,True,1,204318283,204318283,True,0.9999754724554724,0.2867678408944875,0.7132076315609849,0.25000000000000006,True,correct
ECOM,0.6,51,inner,SRSWOR_65_35,26,25829,True,1,202827684,202827684,True,0.9996972705725337,3.395253657433037e-05,0.9996633180359593,0.25000000000000006,True,correct
ECOM,0.6,51,inner,SRSWOR_65_35,27,31992,True,1,203952966,203952966,True,0.9999893415230209,0.9997372122997056,0.0002521292233153005,0.25000000000000006,True,correct
ECOM,0.6,51,inner,SRSWOR_65_35,28,37120,True,1,209114551,209114551,True,0.37760891485249004,0.00028013831994195014,0.3773287765325481,0.25000000000000006,True,correct
ECOM,0.6,51,inner,SRSWOR_65_35,29,38278,True,1,206725964,206725964,True,0.9999709992035737,0.005289880445145037,0.9946811187584287,0.25000000000000006,True,correct
ECOM,0.6,51,inner,SRSWOR_65_35,30,20532,True,1,90105654,90105654,True,0.9998852376882346,7.87031997708108e-05,0.9998065344884638,0.25000000000000006,True,correct
ECOM,0.6,51,inner,SRSWOR_65_35,31,35226,True,1,209869989,209869989,True,0.9999715394667582,1.8555393115589693e-05,0.9999529840736426,0.25000000000000006,True,correct
ECOM,0.6,51,inner,SRSWOR_65_35,32,36494,True,1,204740975,204740975,True,0.9999842506812868,9.195635122640087e-05,0.9998922943300604,0.25000000000000006,True,correct
ECOM,0.6,51,inner,SRSWOR_65_35,33,38323,True,1,203379234,203379234,True,0.9999648123700007,0.9758814603150388,0.024083352054961926,0.25000000000000006,True,correct
ECOM,0.6,51,inner,SRSWOR_65_35,34,33326,True,1,207390641,207390641,True,0.9999844068108096,4.177339885470114e-05,0.9999426334119549,0.25000000000000006,True,correct
ECOM,0.6,51,inner,SRSWOR_65_35,35,9071,True,1,203024998,203024998,True,0.9999793162082619,0.000899087414943406,0.9990802287933185,0.25000000000000006,True,correct
ECOM,0.6,51,inner,SRSWOR_65_35,36,33471,True,1,208294727,208294727,True,0.9999861464272496,0.7014895603478798,0.2984965860793698,0.25000000000000006,True,correct
ECOM,0.6,51,inner,SRSWOR_65_35,37,35247,True,1,208504407,208504407,True,0.9999755493369662,0.0012314685879302072,0.998744080749036,0.25000000000000006,True,correct
ECOM,0.6,51,inner,SRSWOR_65_35,38,32744,True,1,204832843,204832843,True,0.9999775047892341,0.000583691968697247,0.9993938128205369,0.25000000000000006,True,correct
ECOM,0.6,51,inner,SRSWOR_65_35,39,38474,True,1,10343605,10343605,True,0.9999841230722182,1.4530294350689005e-05,0.9999695927778675,0.25000000000000006,True,correct
ECOM,0.6,51,inner,SRSWOR_65_35,40,29339,True,1,203888987,203888987,True,0.9992557884538225,0.0005858673548330012,0.9986699210989894,0.25000000000000006,True,correct
ECOM,0.6,51,inner,SRSWOR_65_35,41,34963,True,1,208114682,208114682,True,0.9272300757195019,0.257093287286938,0.670136788432564,0.25000000000000006,True,correct
ECOM,0.6,51,inner,SRSWOR_65_35,42,35011,True,1,208117936,208117936,True,0.0038839101541216915,0.0038839101541216915,0.0,0.25000000000000006,False,missing_match
ECOM,0.6,51,inner,SRSWOR_65_35,43,29029,True,1,204679142,204679142,True,0.9999144716519166,7.867438534219095e-05,0.9998357972665745,0.25000000000000006,True,correct
ECOM,0.6,51,inner,SRSWOR_65_35,44,38873,True,1,210399907,210399907,True,0.9737317982614969,0.00015537878015668772,0.9735764194813402,0.25000000000000006,True,correct
ECOM,0.6,51,inner,SRSWOR_65_35,45,27975,True,1,10360978,10360978,True,0.9999689245900532,0.9014823056798931,0.09848661891016008,0.25000000000000006,True,correct
ECOM,0.6,51,inner,SRSWOR_65_35,46,34727,True,1,207666379,207666379,True,0.999985823745456,0.0016381580671276077,0.9983476656783283,0.25000000000000006,True,correct
ECOM,0.6,51,inner,SRSWOR_65_35,47,37308,True,1,209901965,209901965,True,0.9189931738371709,0.0014388414921865048,0.9175543323449844,0.25000000000000006,True,correct
ECOM,0.6,51,inner,SRSWOR_65_35,48,37558,True,1,205690063,205690063,True,0.9999641842930723,0.033798676631718004,0.9661655076613543,0.25000000000000006,True,correct
ECOM,0.6,51,inner,SRSWOR_65_35,49,34640,True,1,206120294,206120294,True,0.9999579416388417,1.929018129328446e-05,0.9999386514575483,0.25000000000000006,True,correct
ECOM,0.6,51,inner,SRSWOR_65_35,50,37462,True,1,209026638,209026638,True,0.9999770421032571,1.559504812531393e-05,0.9999614470551318,0.25000000000000006,True,correct
ECOM,0.6,51,inner,SRSWOR_65_35,51,34637,True,1,209934620,209934620,True,0.9999792977372389,0.9434288633903911,0.05655043434684781,0.25000000000000006,True,correct
ECOM,0.6,51,inner,SRSWOR_65_35,52,33275,True,1,206808430,206808430,True,0.9999863128895007,0.0018864377168075306,0.9980998751726932,0.25000000000000006,True,correct
ECOM,0.6,51,inner,SRSWOR_65_35,53,38473,True,1,10333846,10333846,True,0.9999805225250709,0.0003207471662747008,0.9996597753587961,0.25000000000000006,True,correct
ECOM,0.6,51,inner,SRSWOR_65_35,54,30338,True,1,206460113,208409750,False,0.9999348210934007,0.9948841087959198,0.005050712297480886,0.25000000000000006,True,false_link
ECOM,0.6,51,inner,SRSWOR_65_35,55,22042,True,2,202145734,202238311,True,0.5576762926635238,0.25307356601932013,0.3046027266442037,0.25000000000000006,True,correct
ECOM,0.6,51,inner,SRSWOR_65_35,56,21875,True,1,201700823,201700823,True,0.9926254706392527,8.385614485385823e-05,0.9925416144943988,0.25000000000000006,True,correct
ECOM,0.6,51,inner,SRSWOR_65_35,57,36243,True,1,206678505,206678505,True,0.9997758225083282,1.846135074923246e-05,0.999757361157579,0.25000000000000006,True,correct
ECOM,0.6,51,inner,SRSWOR_65_35,58,25167,True,1,203324800,203324800,True,0.9998624147851414,0.018199317782044092,0.9816630970030973,0.25000000000000006,True,correct
ECOM,0.6,51,inner,SRSWOR_65_35,59,33786,True,1,206854515,206854515,True,0.9999855657757172,0.9991222537096386,0.000863312066078592,0.25000000000000006,True,correct
ECOM,0.6,51,inner,SRSWOR_65_35,60,34001,True,1,209297154,209297154,True,0.05101842628828629,0.0008333323252874949,0.05018509396299879,0.25000000000000006,False,missing_match
ECOM,0.6,51,inner,SRSWOR_65_35,61,26444,True,1,203407045,203407045,True,0.9883982700943125,0.08010777237928089,0.9082904977150316,0.25000000000000006,True,correct
ECOM,0.6,51,inner,SRSWOR_65_35,62,34298,True,1,207543193,207543193,True,0.9999149230288092,0.011644391655528363,0.9882705313732809,0.25000000000000006,True,correct
ECOM,0.6,51,inner,SRSWOR_65_35,63,38640,True,1,209890560,209890560,True,0.9917668189198258,8.570726002559781e-06,0.9917582481938232,0.25000000000000006,True,correct
ECOM,0.6,51,inner,SRSWOR_65_35,64,27407,True,1,203930685,203930685,True,0.9999723135365328,2.307134545605072e-05,0.9999492421910767,0.25000000000000006,True,correct
ECOM,0.6,51,inner,SRSWOR_65_35,65,27778,True,1,205844282,205844282,True,0.9999764470894621,0.010687655430638559,0.9892887916588236,0.25000000000000006,True,correct
ECOM,0.6,51,inner,SRSWOR_65_35,66,35843,True,1,207645242,207645242,True,0.9999889403501231,0.001602658023655896,0.9983862823264672,0.25000000000000006,True,correct
ECOM,0.6,51,inner,SRSWOR_65_35,67,29950,True,1,204559210,204559210,True,0.999914828704876,0.00022256633164807852,0.999692262373228,0.25000000000000006,True,correct
ECOM,0.6,51,inner,SRSWOR_65_35,68,37805,True,1,209085175,209085175,True,0.2051180898976859,2.3319800639464752e-05,0.20509477009704644,0.25000000000000006,False,missing_match
ECOM,0.6,51,inner,SRSWOR_65_35,69,35981,True,1,207539418,207539418,True,0.9999815764804928,2.861994464747337e-05,0.9999529565358454,0.25000000000000006,True,correct
ECOM,0.6,51,inner,SRSWOR_65_35,70,27965,True,1,203136102,203136103,False,0.894984059822355,0.010728120909544116,0.8842559389128108,0.25000000000000006,True,false_link
ECOM,0.6,51,inner,SRSWOR_65_35,71,33962,True,1,207391022,207391022,True,0.9565184895007127,0.0007085587333316225,0.9558099307673811,0.25000000000000006,True,correct
ECOM,0.6,51,inner,SRSWOR_65_35,72,25113,True,1,207910387,207910387,True,0.6362748894549308,0.0033348190353768995,0.6329400704195539,0.25000000000000006,True,correct
ECOM,0.6,51,inner,SRSWOR_65_35,73,31332,True,1,205761272,205761272,True,0.9786615397483741,0.000513994458554317,0.9781475452898198,0.25000000000000006,True,correct
ECOM,0.6,51,inner,SRSWOR_65_35,74,38399,True,1,210479062,210479062,True,0.9997809283966166,7.908101133645479e-05,0.9997018473852801,0.25000000000000006,True,correct
ECOM,0.6,51,inner,SRSWOR_65_35,75,36789,True,1,208154854,208154854,True,7.740704709031643e-05,2.447480845594063e-05,5.29322386343758e-05,0.25000000000000006,False,missing_match
ECOM,0.6,51,inner,SRSWOR_65_35,76,33277,True,1,206808445,206808445,True,0.9999347101760636,0.00028480888681833914,0.9996499012892452,0.25000000000000006,True,correct
ECOM,0.6,51,inner,SRSWOR_65_35,77,37211,True,1,209310260,209310260,True,0.9999576226573582,0.002276683905870735,0.9976809387514874,0.25000000000000006,True,correct
ECOM,0.6,51,inner,SRSWOR_65_35,78,35519,True,1,208289950,208289950,True,0.9999600142870195,0.0008290964568971112,0.9991309178301224,0.25000000000000006,True,correct
ECOM,0.6,51,inner,SRSWOR_65_35,79,23246,True,2,204787802,204787802,True,0.9999406765001013,0.976648414846828,0.02329226165327336,0.25000000000000006,True,correct
ECOM,0.6,51,inner,SRSWOR_65_35,80,33638,True,1,207659192,207659192,True,0.9999813779524748,0.00034094284480765753,0.9996404351076671,0.25000000000000006,True,correct
ECOM,0.6,51,inner,SRSWOR_65_35,81,36909,True,1,208656497,208656497,True,0.515075316964414,0.002440704638761814,0.5126346123256522,0.25000000000000006,True,correct
ECOM,0.6,51,inner,SRSWOR_65_35,82,32880,True,1,205106048,205106048,True,0.9998962788032639,0.05303930619206817,0.9468569726111957,0.25000000000000006,True,correct
ECOM,0.6,51,inner,SRSWOR_65_35,83,33490,True,1,207502093,207502093,True,0.9949647680267301,0.00027676466558598567,0.994688003361144,0.25000000000000006,True,correct
ECOM,0.6,51,inner,SRSWOR_65_35,84,35034,True,1,208504369,208504369,True,0.9999858758072319,0.0001459282376111122,0.9998399475696208,0.25000000000000006,True,correct
ECOM,0.6,51,inner,SRSWOR_65_35,85,34363,True,1,206892902,206892902,True,0.014858343565118838,1.825297391631155e-05,0.014840090591202526,0.25000000000000006,False,missing_match
ECOM,0.6,51,inner,SRSWOR_65_35,86,33278,True,1,206808441,206808441,True,0.9993754773337425,0.0006029425827513461,0.9987725347509911,0.25000000000000006,True,correct
ECOM,0.6,51,inner,SRSWOR_65_35,87,34003,True,1,207637777,207637777,True,0.9999826658274296,0.00015298554016393811,0.9998296802872656,0.25000000000000006,True,correct
ECOM,0.6,51,inner,SRSWOR_65_35,88,34253,True,1,206887992,206887992,True,0.7475389303448406,0.06557567143024615,0.6819632589145945,0.25000000000000006,True,correct
ECOM,0.6,51,inner,SRSWOR_65_35,89,31374,True,1,208455792,208455792,True,0.9993459931240103,0.9983815619851314,0.0009644311388788962,0.25000000000000006,True,correct
ECOM,0.6,51,inner,SRSWOR_65_35,90,37301,True,1,209302310,209302310,True,0.007999886951722946,8.360678641086928e-05,0.007916280165312078,0.25000000000000006,False,missing_match
ECOM,0.6,51,inner,SRSWOR_65_35,91,33021,True,1,203154818,203154818,True,0.9999712748924938,0.0002980272124433143,0.9996732476800505,0.25000000000000006,True,correct
ECOM,0.6,51,inner,SRSWOR_65_35,92,34791,True,2,203185276,203185276,True,0.9993156568194117,0.9927985590394177,0.0065170977799939855,0.25000000000000006,True,correct
ECOM,0.6,51,inner,SRSWOR_65_35,93,25905,True,1,202479418,202479418,True,0.9997396433303193,0.0005611205659260457,0.9991785227643932,0.25000000000000006,True,correct
ECOM,0.6,51,inner,SRSWOR_65_35,94,20448,True,1,10377226,10377226,True,0.9997859294480586,0.0013421834987355657,0.998443745949323,0.25000000000000006,True,correct
ECOM,0.6,51,inner,SRSWOR_65_35,95,32340,True,1,205761530,205761530,True,0.9999615950914036,0.001128104226469847,0.9988334908649338,0.25000000000000006,True,correct
ECOM,0.6,51,inner,SRSWOR_65_35,96,32906,True,1,203324965,203324965,True,0.9995970081701283,0.04802158579386036,0.9515754223762679,0.25000000000000006,True,correct
ECOM,0.6,51,inner,SRSWOR_65_35,97,23006,True,2,202456880,202456880,True,0.9996541681718409,4.7380270399747146e-05,0.9996067879014412,0.25000000000000006,True,correct
ECOM,0.6,51,inner,SRSWOR_65_35,98,29816,True,1,208455891,208455891,True,0.9999688752384349,0.0009353942886271613,0.9990334809498077,0.25000000000000006,True,correct
ECOM,0.6,51,inner,SRSWOR_65_35,99,37722,True,1,210401458,210401458,True,0.9999659251115682,0.00010055173165576506,0.9998653733799124,0.25000000000000006,True,correct
ECOM,0.6,51,inner,SRSWOR_65_35,100,30206,True,1,204222662,204222662,True,0.11262668906385541,3.384456421508301e-05,0.11259284449964033,0.25000000000000006,False,missing_match
ECOM,0.6,51,inner,SRSWOR_65_35,101,33458,True,1,210401450,210401450,True,0.0010107995744940079,0.000994697719961001,1.6101854533006775e-05,0.25000000000000006,False,missing_match
ECOM,0.6,51,inner,SRSWOR_65_35,102,38346,True,1,208167531,208167531,True,0.9999887452561418,3.765716231084453e-05,0.9999510880938309,0.25000000000000006,True,correct
ECOM,0.6,51,inner,SRSWOR_65_35,103,34136,True,1,207900171,207900171,True,0.9999852863953121,3.3299095833114015e-05,0.999951987299479,0.25000000000000006,True,correct
ECOM,0.6,51,inner,SRSWOR_65_35,104,28175,True,1,204318286,204318286,True,0.9998755483024727,0.00026207635652807716,0.9996134719459446,0.25000000000000006,True,correct
ECOM,0.6,51,inner,SRSWOR_65_35,105,37162,True,1,209208718,209208718,True,0.9999725691462412,0.00014280991955137456,0.9998297592266898,0.25000000000000006,True,correct
ECOM,0.6,51,inner,SRSWOR_65_35,106,35525,True,1,207543201,207543201,True,0.9999814570249497,0.0011265733793404994,0.9988548836456091,0.25000000000000006,True,correct
ECOM,0.6,51,inner,SRSWOR_65_35,107,20458,True,1,201953021,201953021,True,0.9999751715510358,0.909502671966434,0.0904724995846018,0.25000000000000006,True,correct
ECOM,0.6,51,inner,SRSWOR_65_35,108,34009,True,1,207595882,207595882,True,0.9999775496019729,7.306354622391795e-05,0.999904486055749,0.25000000000000006,True,correct
ECOM,0.6,51,inner,SRSWOR_65_35,109,35925,True,2,202592699,202592699,True,0.9999781224811276,0.6730919647921803,0.32688615768894735,0.25000000000000006,True,correct
ECOM,0.6,51,inner,SRSWOR_65_35,110,34031,True,1,207910213,207910213,True,0.9999708354311885,0.0001671901084642233,0.9998036453227243,0.25000000000000006,True,correct
ECOM,0.6,51,inner,SRSWOR_65_35,111,33564,True,1,208504179,208504179,True,0.9999671797924182,0.0006455655648627502,0.9993216142275555,0.25000000000000006,True,correct
ECOM,0.6,51,inner,SRSWOR_65_35,112,28500,True,1,203445749,203445749,True,0.9999813757857461,0.0018392779818856672,0.9981420978038604,0.25000000000000006,True,correct
ECOM,0.6,51,inner,SRSWOR_65_35,113,34927,True,1,208117933,208117930,False,0.018462731745694214,0.018462718783934857,1.2961759356805436e-08,0.25000000000000006,False,missing_match
ECOM,0.6,51,inner,SRSWOR_65_35,114,31397,True,1,202870172,202870172,True,0.02046799985132782,4.7764339639665254e-05,0.020420235511688156,0.25000000000000006,False,missing_match
ECOM,0.6,51,inner,SRSWOR_65_35,115,33263,True,1,208105573,208105573,True,0.9822270033279781,0.00011143206198514742,0.9821155712659929,0.25000000000000006,True,correct
ECOM,0.6,51,inner,SRSWOR_65_35,116,26525,True,1,203921172,203921172,True,0.9999821956074487,0.000839221160597828,0.9991429744468509,0.25000000000000006,True,correct
ECOM,0.6,51,inner,SRSWOR_65_35,117,33273,True,1,206808432,206808432,True,0.9999464185615644,0.000879902531749059,0.9990665160298153,0.25000000000000006,True,correct
ECOM,0.6,51,inner,SRSWOR_65_35,118,37531,True,1,204226641,204226641,True,0.9999813557760017,9.585831785565474e-05,0.999885497458146,0.25000000000000006,True,correct
ECOM,0.6,51,inner,SRSWOR_65_35,119,36029,True,1,202785722,202785722,True,0.9999894295590247,0.00939847061551148,0.9905909589435132,0.25000000000000006,True,correct
ECOM,0.6,51,inner,SRSWOR_65_35,120,35185,True,1,208504304,208504304,True,0.9999561459776177,0.0002881582880812285,0.9996679876895365,0.25000000000000006,True,correct
ECOM,0.6,51,inner,SRSWOR_65_35,121,37311,True,1,209901963,209901963,True,0.9998117324873433,0.0005903510509322078,0.9992213814364111,0.25000000000000006,True,correct
ECOM,0.6,51,inner,SRSWOR_65_35,122,35054,True,1,202784218,202784218,True,0.9999857281674452,1.9500893251191035e-05,0.999966227274194,0.25000000000000006,True,correct
ECOM,0.6,51,inner,SRSWOR_65_35,123,34751,True,1,207543189,207543189,True,0.9999791646196845,4.033006860226847e-05,0.9999388345510822,0.25000000000000006,True,correct
ECOM,0.6,51,inner,SRSWOR_65_35,124,29880,True,1,206728281,206728281,True,0.9997398730906489,2.839893494632052e-05,0.9997114741557026,0.25000000000000006,True,correct
ECOM,0.6,51,inner,SRSWOR_65_35,125,35384,True,1,208289993,208289993,True,0.9999863269793399,0.0011399714937626352,0.9988463554855772,0.25000000000000006,True,correct
ECOM,0.6,51,inner,SRSWOR_65_35,126,26861,True,1,203388612,203388612,True,0.9999538287726781,0.4947207655378038,0.5052330632348743,0.25000000000000006,True,correct
ECOM,0.6,51,inner,SRSWOR_65_35,127,17653,True,1,10382243,10382243,True,0.0003126289384761418,6.971197284393557e-05,0.00024291696563220622,0.25000000000000006,False,missing_match
ECOM,0.6,51,inner,SRSWOR_65_35,128,33569,True,1,207388757,207388757,True,0.6483394231995455,0.47581898873067646,0.17252043446886905,0.25000000000000006,True,correct
ECOM,0.6,51,inner,SRSWOR_65_35,129,35738,True,1,208688474,208688474,True,0.9999279036166796,3.952791200004021e-05,0.9998883757046796,0.25000000000000006,True,correct
ECOM,0.6,51,inner,SRSWOR_65_35,130,34303,True,1,207900179,207900179,True,0.9999847374129398,8.197605792802284e-05,0.9999027613550118,0.25000000000000006,True,correct
ECOM,0.6,51,inner,SRSWOR_65_35,131,37254,True,1,209199789,209199789,True,0.9999289894687222,0.0601976706180348,0.9397313188506874,0.25000000000000006,True,correct
ECOM,0.6,51,inner,SRSWOR_65_35,132,24693,True,1,203087681,203087681,True,0.999976517870685,0.11195833615681937,0.8880181817138656,0.25000000000000006,True,correct
ECOM,0.6,51,inner,SRSWOR_65_35,133,28138,True,1,204327516,204327516,True,0.9998558586610082,0.02315320618283394,0.9767026524781743,0.25000000000000006,True,correct
ECOM,0.6,51,inner,SRSWOR_65_35,134,26622,True,1,203201062,203201062,True,0.9999853790349299,0.0003024795875030255,0.9996828994474268,0.25000000000000006,True,correct
ECOM,0.6,51,inner,SRSWOR_65_35,135,36859,True,1,210399849,210399849,True,0.9999803161506761,1.2948748303603432e-05,0.9999673674023725,0.25000000000000006,True,correct
ECOM,0.6,51,inner,SRSWOR_65_35,136,33763,True,1,208112356,207910212,False,0.2312278398336575,0.0009290281603276013,0.23029881167332988,0.25000000000000006,False,missing_match
ECOM,0.6,51,inner,SRSWOR_65_35,137,36861,True,1,210442348,210442348,True,0.9999833688451841,0.0009369021208580039,0.9990464667243262,0.25000000000000006,True,correct
ECOM,0.6,51,inner,SRSWOR_65_35,138,26082,True,1,204274660,204274660,True,0.9999838045590043,5.306500706541741e-05,0.9999307395519389,0.25000000000000006,True,correct
ECOM,0.6,51,inner,SRSWOR_65_35,139,35388,True,1,208294724,208294724,True,0.999979963023878,0.9999778675778049,2.095446073102636e-06,0.25000000000000006,True,correct
ECOM,0.6,51,inner,SRSWOR_65_35,140,29099,True,1,204222472,204222472,True,0.6161576472091267,0.006451439368669695,0.609706207840457,0.25000000000000006,True,correct
ECOM,0.6,51,inner,SRSWOR_65_35,141,38773,True,1,210441166,210441166,True,0.9999639654775022,0.000242046762068908,0.9997219187154333,0.25000000000000006,True,correct
ECOM,0.6,51,inner,SRSWOR_65_35,142,31030,True,1,205557530,205557530,True,0.9999669846615528,0.0071286779300381645,0.9928383067315146,0.25000000000000006,True,correct
ECOM,0.6,51,inner,SRSWOR_65_35,143,33493,True,1,206928744,206928744,True,0.9893833358691948,5.584864263014638e-05,0.9893274872265646,0.25000000000000006,True,correct
ECOM,0.6,51,inner,SRSWOR_65_35,144,29007,True,1,204792885,204792885,True,0.9999642230042438,0.000852788042915683,0.9991114349613281,0.25000000000000006,True,correct
ECOM,0.6,51,inner,SRSWOR_65_35,145,34723,True,1,207666380,207666380,True,0.9999694298029862,0.8400719675653864,0.15989746223759982,0.25000000000000006,True,correct
ECOM,0.6,51,inner,SRSWOR_65_35,146,37403,True,1,209705777,209705777,True,0.9998400202050303,0.966368134261475,0.03347188594355521,0.25000000000000006,True,correct
ECOM,0.6,51,inner,SRSWOR_65_35,147,33955,True,1,207391023,207391023,True,0.9995857984154036,0.0002001071299986323,0.999385691285405,0.25000000000000006,True,correct
ECOM,0.6,51,inner,SRSWOR_65_35,148,32187,True,1,209896109,209896109,True,0.9999798580359384,0.5473702031097001,0.4526096549262383,0.25000000000000006,True,correct
ECOM,0.6,51,inner,SRSWOR_65_35,149,17094,True,1,203151930,201959840,False,0.9872058617702946,0.00545465269288683,0.9817512090774078,0.25000000000000006,True,false_link
ECOM,0.6,51,inner,SRSWOR_65_35,150,34976,True,1,208504300,208504300,True,0.9999801879944712,1.878951791397528e-05,0.9999613984765572,0.25000000000000006,True,correct
ECOM,0.6,51,inner,SRSWOR_65_35,151,33298,True,1,206526266,206526266,True,0.999821803645644,0.0016140414513999659,0.998207762194244,0.25000000000000006,True,correct
ECOM,0.6,51,inner,SRSWOR_65_35,152,33177,True,1,207390617,207390617,True,0.9999277508266633,0.0014933171212367206,0.9984344337054266,0.25000000000000006,True,correct
ECOM,0.6,51,inner,SRSWOR_65_35,153,30355,True,1,206460124,206460124,True,0.9999774317749889,0.0042028983794607806,0.9957745333955281,0.25000000000000006,True,correct
ECOM,0.6,51,inner,SRSWOR_65_35,154,36172,True,1,207907535,207907535,True,0.0971528223243691,0.0008302898682354339,0.09632253245613366,0.25000000000000006,False,missing_match
ECOM,0.6,51,inner,SRSWOR_65_35,155,28366,True,1,204254738,204254738,True,0.9999727557834557,0.022162516858709094,0.9778102389247466,0.25000000000000006,True,correct
ECOM,0.6,51,inner,SRSWOR_65_35,156,4696,True,1,90049928,90049928,True,0.9998939256474562,2.5944189665190225e-05,0.999867981457791,0.25000000000000006,True,correct
ECOM,0.6,51,inner,SRSWOR_65_35,157,33566,True,1,207388752,207388752,True,0.9999580089668266,0.02002736213891652,0.9799306468279101,0.25000000000000006,True,correct
ECOM,0.6,51,inner,SRSWOR_65_35,158,38388,True,1,210399777,210399777,True,0.5094823838084984,0.0006944500607213938,0.508787933747777,0.25000000000000006,True,correct
ECOM,0.6,51,inner,SRSWOR_65_35,159,36364,True,1,208226700,208226700,True,0.9416854059873139,0.0001136439162798361,0.941571762071034,0.25000000000000006,True,correct
ECOM,0.6,51,inner,SRSWOR_65_35,160,37322,True,1,209307663,209307663,True,0.9994377830412763,2.239127766686806e-05,0.9994153917636094,0.25000000000000006,True,correct
ECOM,0.6,51,inner,SRSWOR_65_35,161,35186,True,1,208117919,208117919,True,0.9999770347676443,0.2716809148836336,0.7282961198840108,0.25000000000000006,True,correct
ECOM,0.6,51,inner,SRSWOR_65_35,162,38096,True,1,207391434,207391434,True,0.9999834275518432,0.00010204468800498709,0.9998813828638382,0.25000000000000006,True,correct
ECOM,0.6,51,inner,SRSWOR_65_35,163,37810,True,1,210462233,210462233,True,0.9999434300943407,0.14239465924462902,0.8575487708497117,0.25000000000000006,True,correct
ECOM,0.6,51,inner,SRSWOR_65_35,164,38003,True,1,210404123,210404123,True,0.9999780065071844,0.0001167914236269776,0.9998612150835574,0.25000000000000006,True,correct
ECOM,0.6,51,inner,SRSWOR_65_35,165,34370,True,1,207390706,207390706,True,0.999986596805515,0.018687686260812797,0.9812989105447023,0.25000000000000006,True,correct
ECOM,0.6,51,inner,SRSWOR_65_35,166,37907,True,1,210227260,210227260,True,0.8407508324351534,0.00040012694366504557,0.8403507054914883,0.25000000000000006,True,correct
ECOM,0.6,51,inner,SRSWOR_65_35,167,36001,True,1,208504423,208504423,True,0.9999478451560999,0.6289053963417958,0.37104244881430415,0.25000000000000006,True,correct
ECOM,0.6,51,inner,SRSWOR_65_35,168,34864,True,1,208294717,208294717,True,0.9999794623267936,0.0037235337180624222,0.9962559286087311,0.25000000000000006,True,correct
ECOM,0.6,51,inner,SRSWOR_65_35,169,26805,True,1,203900180,203900180,True,0.9987102295602878,0.0002975431536504782,0.9984126864066373,0.25000000000000006,True,correct
ECOM,0.6,51,inner,SRSWOR_65_35,170,30957,True,1,202046565,202046565,True,0.9999820901606655,0.004290939151295533,0.99569115100937,0.25000000000000006,True,correct
ECOM,0.6,51,inner,SRSWOR_65_35,171,28433,True,1,203142438,203142438,True,0.9999402543931696,4.57481095759773e-05,0.9998945062835936,0.25000000000000006,True,correct
ECOM,0.6,51,inner,SRSWOR_65_35,172,36061,True,1,208791922,208791922,True,0.9999852703201486,0.00010598608563587785,0.9998792842345128,0.25000000000000006,True,correct
ECOM,0.6,51,inner,SRSWOR_65_35,173,32322,True,1,203405815,203405815,True,0.0108167597465858,0.00138806515333126,0.00942869459325454,0.25000000000000006,False,missing_match
ECOM,0.6,51,inner,SRSWOR_65_35,174,32889,True,1,208085178,208085178,True,0.9999689028304226,4.8967350820082356e-05,0.9999199354796026,0.25000000000000006,True,correct
ECOM,0.6,51,inner,SRSWOR_65_35,175,37497,True,1,208410812,208410812,True,0.999446992123052,0.00014801788712809816,0.9992989742359238,0.25000000000000006,True,correct
ECOM,0.6,51,inner,SRSWOR_65_35,176,36452,True,1,209208655,209208655,True,0.9999735308969548,0.00018560850378843496,0.9997879223931664,0.25000000000000006,True,correct
ECOM,0.6,51,inner,SRSWOR_65_35,177,16877,True,1,202434158,202434158,True,0.9999696684180785,0.0011149224313568807,0.9988547459867216,0.25000000000000006,True,correct
ECOM,0.6,51,inner,SRSWOR_65_35,178,5644,True,1,203023505,203023505,True,0.9999802386595034,0.0002865424766448533,0.9996936961828585,0.25000000000000006,True,correct
ECOM,0.6,51,inner,SRSWOR_65_35,179,23651,True,1,202784323,202784323,True,0.9998576464881527,3.792460537679401e-05,0.9998197218827759,0.25000000000000006,True,correct
ECOM,0.6,51,inner,SRSWOR_65_35,180,27103,True,1,202985803,202985803,True,0.9999048699895712,0.0824397467961027,0.9174651231934685,0.25000000000000006,True,correct
ECOM,0.6,51,inner,SRSWOR_65_35,181,37150,True,1,208791918,208791918,True,0.999985217591474,0.00018001941507635787,0.9998051981763976,0.25000000000000006,True,correct
ECOM,0.6,51,inner,SRSWOR_65_35,182,37207,True,1,209656962,209656962,True,0.9999830575778231,0.001708581346440273,0.9982744762313829,0.25000000000000006,True,correct
ECOM,0.6,51,inner,SRSWOR_65_35,183,37181,True,1,209705773,209705773,True,0.9999213623677518,0.0044251333306854004,0.9954962290370664,0.25000000000000006,True,correct
ECOM,0.6,51,inner,SRSWOR_65_35,184,30962,True,1,205599985,205599985,True,0.06506532843391628,0.0031482426443286493,0.061917085789587635,0.25000000000000006,False,missing_match
ECOM,0.6,51,inner,SRSWOR_65_35,185,32112,True,1,206356230,206356230,True,0.9999593159764467,0.0047779696705744406,0.9951813463058723,0.25000000000000006,True,correct
ECOM,0.6,51,inner,SRSWOR_65_35,186,36274,True,1,206870289,206870289,True,0.9999876322803177,5.4392178318247934e-05,0.9999332401019995,0.25000000000000006,True,correct
ECOM,0.6,51,inner,SRSWOR_65_35,187,35623,True,1,207514417,207514417,True,0.9999703077807764,1.4504432578064278e-05,0.9999558033481983,0.25000000000000006,True,correct
ECOM,0.6,51,inner,SRSWOR_65_35,188,7195,True,1,90105458,90105458,True,0.9995644792684474,0.00019980856192628946,0.9993646707065211,0.25000000000000006,True,correct
ECOM,0.6,51,inner,SRSWOR_65_35,189,39054,True,1,207390496,207390496,True,5.005667435837124e-05,1.1041186633060699e-05,3.901548772531054e-05,0.25000000000000006,False,missing_match
ECOM,0.6,51,inner,SRSWOR_65_35,190,37474,True,1,209310245,209310245,True,0.9999870952247786,0.9999774806420835,9.614582695105511e-06,0.25000000000000006,True,correct
ECOM,0.6,51,inner,SRSWOR_65_35,191,10102,True,1,90106210,90106210,True,0.9993062058233723,0.905898624211578,0.0934075816117943,0.25000000000000006,True,correct
ECOM,0.6,51,inner,SRSWOR_65_35,192,32314,True,1,207509842,207509842,True,0.9999886705420288,0.0013252060458990161,0.9986634644961297,0.25000000000000006,True,correct
ECOM,0.6,51,inner,SRSWOR_65_35,193,18837,True,1,203155653,203155653,True,0.9999457431364961,0.0001365185696263943,0.9998092245668697,0.25000000000000006,True,correct
ECOM,0.6,51,inner,SRSWOR_65_35,194,10640,True,1,203024425,203024425,True,0.9999102807175485,0.0005954084771632465,0.9993148722403853,0.25000000000000006,True,correct
ECOM,0.6,51,inner,SRSWOR_65_35,195,37934,True,1,208710844,208710844,True,0.9999799683926097,0.009985573427702362,0.9899943949649074,0.25000000000000006,True,correct
ECOM,0.6,51,inner,SRSWOR_65_35,196,34624,True,1,207934191,207934191,True,0.9999835696220208,0.002171581737527052,0.9978119878844938,0.25000000000000006,True,correct
ECOM,0.6,51,inner,SRSWOR_65_35,197,25858,True,1,202870184,202870184,True,0.2828323234740846,0.00016945469731720865,0.2826628687767674,0.25000000000000006,True,correct
ECOM,0.6,51,inner,SRSWOR_65_35,198,30093,True,1,205467942,205467942,True,0.9994532281250194,0.00011048667894052079,0.9993427414460788,0.25000000000000006,True,correct
ECOM,0.6,51,inner,SRSWOR_65_35,199,35165,True,1,208117924,208117920,False,0.39387557873726897,0.3144430357864721,0.07943254295079688,0.25000000000000006,True,false_link
ECOM,0.6,51,inner,SRSWOR_65_35,200,36020,True,1,202472204,202472204,True,0.9873306848829068,0.0005990669074489854,0.9867316179754578,0.25000000000000006,True,correct
ECOM,0.6,51,inner,SRSWOR_65_35,201,30159,True,1,208033486,208033486,True,0.9999775774817311,0.3158338389811121,0.684143738500619,0.25000000000000006,True,correct
ECOM,0.6,51,inner,SRSWOR_65_35,202,31635,True,1,206460118,206460118,True,0.007187187540924142,0.00020788725277596276,0.006979300288148179,0.25000000000000006,False,missing_match
ECOM,0.6,51,inner,SRSWOR_65_35,203,35276,True,1,208084021,208084021,True,0.9999847381989064,0.0005092829473100805,0.9994754552515963,0.25000000000000006,True,correct
ECOM,0.6,51,inner,SRSWOR_65_35,204,38574,True,1,210190784,210190784,True,0.9956141375752655,0.0011929242016798056,0.9944212133735857,0.25000000000000006,True,correct
ECOM,0.6,51,inner,SRSWOR_65_35,205,38704,True,1,209114575,209114575,True,0.9999882823159365,1.0201401588885568e-05,0.9999780809143476,0.25000000000000006,True,correct
ECOM,0.6,51,inner,SRSWOR_65_35,206,34881,True,1,208294718,208294718,True,0.9999653996832717,0.01165544382397286,0.9883099558592988,0.25000000000000006,True,correct
ECOM,0.6,51,inner,SRSWOR_65_35,207,34948,True,1,208114675,208114672,False,0.10525680488491428,0.10525680488491428,0.0,0.25000000000000006,False,missing_match
ECOM,0.6,51,inner,SRSWOR_65_35,208,35014,True,1,208117937,208117936,False,0.00640473458732166,0.00640473458732166,0.0,0.25000000000000006,False,missing_match
ECOM,0.6,51,inner,SRSWOR_65_35,209,13945,True,1,207544306,207544306,True,0.99957685064523,2.646112770050529e-05,0.9995503895175295,0.25000000000000006,True,correct
ECOM,0.6,51,inner,SRSWOR_65_35,210,34151,True,1,206854516,206854516,True,0.9999850377228254,0.18344454388848677,0.8165404938343387,0.25000000000000006,True,correct
ECOM,0.6,51,inner,SRSWOR_65_35,211,37623,True,1,208809705,208809705,True,0.9999714397108898,0.0002476877621413224,0.9997237519487484,0.25000000000000006,True,correct
ECOM,0.6,51,inner,SRSWOR_65_35,212,38697,True,1,206892248,206892248,True,0.9999859411184567,0.00011747117941240195,0.9998684699390443,0.25000000000000006,True,correct
ECOM,0.6,51,inner,SRSWOR_65_35,213,19204,True,1,203389382,203389382,True,0.999964298394562,0.08556976242986412,0.9143945359646979,0.25000000000000006,True,correct
ECOM,0.6,51,inner,SRSWOR_65_35,214,33801,True,1,207544265,207544265,True,0.9998575814540535,1.708667098630839e-05,0.9998404947830671,0.25000000000000006,True,correct
ECOM,0.6,51,inner,SRSWOR_65_35,215,36361,True,1,208226689,208226689,True,0.9403713750242079,0.001999961262428516,0.9383714137617793,0.25000000000000006,True,correct
ECOM,0.6,51,inner,SRSWOR_65_35,216,34697,True,1,206783262,206783262,True,0.9999808069627412,0.00017549221558364316,0.9998053147471575,0.25000000000000006,True,correct
ECOM,0.6,51,inner,SRSWOR_65_35,217,34747,True,1,203388440,203388440,True,0.9999832945639519,3.120598816829559e-05,0.9999520885757835,0.25000000000000006,True,correct
ECOM,0.6,51,inner,SRSWOR_65_35,218,18516,True,1,202045875,202045875,True,0.9959396213905758,0.9795012129793014,0.01643840841127442,0.25000000000000006,True,correct
ECOM,0.6,51,inner,SRSWOR_65_35,219,33643,True,1,206928605,206928605,True,0.9976595001356219,0.0007825091268033456,0.9968769910088185,0.25000000000000006,True,correct
ECOM,0.6,51,inner,SRSWOR_65_35,220,36077,True,1,207900176,207900176,True,0.9999826041238534,2.1266685340480953e-05,0.9999613374385129,0.25000000000000006,True,correct
ECOM,0.6,51,inner,SRSWOR_65_35,221,31596,True,1,204587971,204587971,True,0.988102968153643,0.008304221560192757,0.9797987465934502,0.25000000000000006,True,correct
ECOM,0.6,51,inner,SRSWOR_65_35,222,28554,True,1,204443417,204443417,True,0.9972934477600849,0.00028824071885664727,0.9970052070412282,0.25000000000000006,True,correct
ECOM,0.6,51,inner,SRSWOR_65_35,223,37141,True,1,209194240,209194241,False,0.9997574521628368,0.9851117815303787,0.014645670632458141,0.25000000000000006,True,false_link
ECOM,0.6,51,inner,SRSWOR_65_35,224,36023,True,1,202451162,202451162,True,0.9998015851206854,0.6887559005096171,0.3110456846110683,0.25000000000000006,True,correct
ECOM,0.6,51,inner,SRSWOR_65_35,225,34553,True,1,204793356,204793356,True,0.9999649564337466,0.00039746329950070947,0.9995674931342459,0.25000000000000006,True,correct
ECOM,0.6,51,inner,SRSWOR_65_35,226,38920,True,1,206870284,206870284,True,0.9999901536646846,0.0020841654834387016,0.9979059881812459,0.25000000000000006,True,correct
