abstained_unmatched,classifier,column,correct,dataset,declared,false_links,fit_and_eval_seconds,lambda,missing_matches,n_fit_pairs,n_train_negative_pairs,n_train_pairs,n_train_positive_pairs,n_true_records,n_unmatched_records,n_validation_pairs,negative_to_positive_ratio,protocol_source,psi,seed,seed_role,side,sklearn_version,threshold,threshold_grid_extreme,threshold_grid_high,threshold_grid_low,validation_f1,warnings,xgboost_version
84,SVM,forced-1:1,1073,DBLP,1101,28,0.29514265060424805,0.025431425976385105,123,1916,1198,2396,1198,1210,98,480,1.0,/home/ahmeda/ER_Transformer_Reproducible_RUN/scripts/analysis16_clean_2x2.py,0.10165289256198347,42,primary,string,1.9.1,0.7000000000000002,False,False,False,0.9133192389006343,"['FutureWarning: The `probability` parameter was deprecated in 1.9 and will be removed in version 1.11. Use `CalibratedClassifierCV(SVC(), ensemble=False)` instead of `SVC(probability=True)`']",3.3.0
91,SVM,forced-1:1,1096,DBLP,1134,38,0.3077118396759033,0.03350970017636684,83,1939,1212,2424,1212,1196,112,485,1.0,/home/ahmeda/ER_Transformer_Reproducible_RUN/scripts/analysis16_clean_2x2.py,0.06939799331103678,43,primary,string,1.9.1,0.6000000000000002,False,False,False,0.9300411522633745,"['FutureWarning: The `probability` parameter was deprecated in 1.9 and will be removed in version 1.11. Use `CalibratedClassifierCV(SVC(), ensemble=False)` instead of `SVC(probability=True)`']",3.3.0
81,SVM,forced-1:1,1108,DBLP,1136,28,0.30349278450012207,0.02464788732394366,91,1908,1193,2386,1193,1215,93,478,1.0,/home/ahmeda/ER_Transformer_Reproducible_RUN/scripts/analysis16_clean_2x2.py,0.07489711934156379,44,primary,string,1.9.1,0.5500000000000002,False,False,False,0.9171974522292994,"['FutureWarning: The `probability` parameter was deprecated in 1.9 and will be removed in version 1.11. Use `CalibratedClassifierCV(SVC(), ensemble=False)` instead of `SVC(probability=True)`']",3.3.0
92,SVM,forced-1:1,1101,DBLP,1132,31,0.3156416416168213,0.027385159010600707,84,1916,1198,2396,1198,1210,98,480,1.0,/home/ahmeda/ER_Transformer_Reproducible_RUN/scripts/analysis16_clean_2x2.py,0.06942148760330578,42,primary,bi-encoder,1.9.1,0.5000000000000001,False,False,False,0.9168356997971603,"['FutureWarning: The `probability` parameter was deprecated in 1.9 and will be removed in version 1.11. Use `CalibratedClassifierCV(SVC(), ensemble=False)` instead of `SVC(probability=True)`']",3.3.0
107,SVM,forced-1:1,1083,DBLP,1108,25,0.3206210136413574,0.02256317689530686,93,1939,1212,2424,1212,1196,112,485,1.0,/home/ahmeda/ER_Transformer_Reproducible_RUN/scripts/analysis16_clean_2x2.py,0.07775919732441472,43,primary,bi-encoder,1.9.1,0.6000000000000002,False,False,False,0.8921161825726142,"['FutureWarning: The `probability` parameter was deprecated in 1.9 and will be removed in version 1.11. Use `CalibratedClassifierCV(SVC(), ensemble=False)` instead of `SVC(probability=True)`']",3.3.0
91,SVM,forced-1:1,1086,DBLP,1114,28,0.32813048362731934,0.025134649910233394,103,1908,1193,2386,1193,1215,93,478,1.0,/home/ahmeda/ER_Transformer_Reproducible_RUN/scripts/analysis16_clean_2x2.py,0.08477366255144032,44,primary,bi-encoder,1.9.1,0.6000000000000002,False,False,False,0.9175475687103594,"['FutureWarning: The `probability` parameter was deprecated in 1.9 and will be removed in version 1.11. Use `CalibratedClassifierCV(SVC(), ensemble=False)` instead of `SVC(probability=True)`']",3.3.0
76,SVM,k=5,1171,DBLP,1200,29,0.5217392444610596,0.024166666666666666,32,3880,3652,4850,1198,1210,98,970,3.048414023372287,/home/ahmeda/ER_Transformer_Reproducible_RUN/scripts/analysis16_clean_2x2.py,0.026446280991735537,42,primary,string,1.9.1,0.6000000000000002,False,False,False,0.9022222222222223,"['FutureWarning: The `probability` parameter was deprecated in 1.9 and will be removed in version 1.11. Use `CalibratedClassifierCV(SVC(), ensemble=False)` instead of `SVC(probability=True)`']",3.3.0
71,SVM,k=5,1172,DBLP,1222,50,0.5241782665252686,0.04091653027823241,15,3940,3714,4926,1212,1196,112,986,3.0643564356435644,/home/ahmeda/ER_Transformer_Reproducible_RUN/scripts/analysis16_clean_2x2.py,0.01254180602006689,43,primary,string,1.9.1,0.3500000000000001,False,False,False,0.8871287128712871,"['FutureWarning: The `probability` parameter was deprecated in 1.9 and will be removed in version 1.11. Use `CalibratedClassifierCV(SVC(), ensemble=False)` instead of `SVC(probability=True)`']",3.3.0
69,SVM,k=5,1184,DBLP,1219,35,0.5404758453369141,0.02871205906480722,20,3877,3654,4847,1193,1215,93,970,3.062866722548198,/home/ahmeda/ER_Transformer_Reproducible_RUN/scripts/analysis16_clean_2x2.py,0.01646090534979424,44,primary,string,1.9.1,0.45000000000000007,False,False,False,0.9205020920502092,"['FutureWarning: The `probability` parameter was deprecated in 1.9 and will be removed in version 1.11. Use `CalibratedClassifierCV(SVC(), ensemble=False)` instead of `SVC(probability=True)`']",3.3.0
90,SVM,k=5,1155,DBLP,1171,16,0.5650825500488281,0.013663535439795047,47,3880,3652,4850,1198,1210,98,970,3.048414023372287,/home/ahmeda/ER_Transformer_Reproducible_RUN/scripts/analysis16_clean_2x2.py,0.03884297520661157,42,primary,bi-encoder,1.9.1,0.7000000000000002,False,False,False,0.8701298701298701,"['FutureWarning: The `probability` parameter was deprecated in 1.9 and will be removed in version 1.11. Use `CalibratedClassifierCV(SVC(), ensemble=False)` instead of `SVC(probability=True)`']",3.3.0
104,SVM,k=5,1146,DBLP,1166,20,0.5833907127380371,0.017152658662092625,38,3940,3714,4926,1212,1196,112,986,3.0643564356435644,/home/ahmeda/ER_Transformer_Reproducible_RUN/scripts/analysis16_clean_2x2.py,0.03177257525083612,43,primary,bi-encoder,1.9.1,0.5500000000000002,False,False,False,0.8833333333333333,"['FutureWarning: The `probability` parameter was deprecated in 1.9 and will be removed in version 1.11. Use `CalibratedClassifierCV(SVC(), ensemble=False)` instead of `SVC(probability=True)`']",3.3.0
85,SVM,k=5,1175,DBLP,1200,25,0.5856025218963623,0.020833333333333332,23,3877,3654,4847,1193,1215,93,970,3.062866722548198,/home/ahmeda/ER_Transformer_Reproducible_RUN/scripts/analysis16_clean_2x2.py,0.018930041152263374,44,primary,bi-encoder,1.9.1,0.45000000000000007,False,False,False,0.871578947368421,"['FutureWarning: The `probability` parameter was deprecated in 1.9 and will be removed in version 1.11. Use `CalibratedClassifierCV(SVC(), ensemble=False)` instead of `SVC(probability=True)`']",3.3.0
73,SVM,k=50,1163,DBLP,1195,32,6.205747127532959,0.026778242677824266,40,46772,57267,58465,1198,1210,98,11693,47.80217028380634,/home/ahmeda/ER_Transformer_Reproducible_RUN/scripts/analysis16_clean_2x2.py,0.03305785123966942,42,primary,string,1.9.1,0.5000000000000001,False,False,False,0.9087048832271762,"['FutureWarning: The `probability` parameter was deprecated in 1.9 and will be removed in version 1.11. Use `CalibratedClassifierCV(SVC(), ensemble=False)` instead of `SVC(probability=True)`']",3.3.0
79,SVM,k=50,1159,DBLP,1197,38,6.32086968421936,0.031746031746031744,32,47306,57921,59133,1212,1196,112,11827,47.789603960396036,/home/ahmeda/ER_Transformer_Reproducible_RUN/scripts/analysis16_clean_2x2.py,0.026755852842809364,43,primary,string,1.9.1,0.3500000000000001,False,False,False,0.8851063829787233,"['FutureWarning: The `probability` parameter was deprecated in 1.9 and will be removed in version 1.11. Use `CalibratedClassifierCV(SVC(), ensemble=False)` instead of `SVC(probability=True)`']",3.3.0
67,SVM,k=50,1187,DBLP,1220,33,6.282103061676025,0.027049180327868853,21,46588,57042,58235,1193,1215,93,11647,47.81391450125734,/home/ahmeda/ER_Transformer_Reproducible_RUN/scripts/analysis16_clean_2x2.py,0.01728395061728395,44,primary,string,1.9.1,0.15000000000000002,False,False,False,0.8822269807280514,"['FutureWarning: The `probability` parameter was deprecated in 1.9 and will be removed in version 1.11. Use `CalibratedClassifierCV(SVC(), ensemble=False)` instead of `SVC(probability=True)`']",3.3.0
83,SVM,k=50,1155,DBLP,1177,22,6.74786114692688,0.018691588785046728,48,46772,57267,58465,1198,1210,98,11693,47.80217028380634,/home/ahmeda/ER_Transformer_Reproducible_RUN/scripts/analysis16_clean_2x2.py,0.03966942148760331,42,primary,bi-encoder,1.9.1,0.5000000000000001,False,False,False,0.8731182795698925,"['FutureWarning: The `probability` parameter was deprecated in 1.9 and will be removed in version 1.11. Use `CalibratedClassifierCV(SVC(), ensemble=False)` instead of `SVC(probability=True)`']",3.3.0
98,SVM,k=50,1159,DBLP,1184,25,7.071912527084351,0.021114864864864864,26,47306,57921,59133,1212,1196,112,11827,47.789603960396036,/home/ahmeda/ER_Transformer_Reproducible_RUN/scripts/analysis16_clean_2x2.py,0.021739130434782608,43,primary,bi-encoder,1.9.1,0.15000000000000002,False,False,False,0.8666666666666667,"['FutureWarning: The `probability` parameter was deprecated in 1.9 and will be removed in version 1.11. Use `CalibratedClassifierCV(SVC(), ensemble=False)` instead of `SVC(probability=True)`']",3.3.0
86,SVM,k=50,1160,DBLP,1178,18,6.778979063034058,0.015280135823429542,44,46588,57042,58235,1193,1215,93,11647,47.81391450125734,/home/ahmeda/ER_Transformer_Reproducible_RUN/scripts/analysis16_clean_2x2.py,0.03621399176954732,44,primary,bi-encoder,1.9.1,0.5000000000000001,False,False,False,0.8805309734513275,"['FutureWarning: The `probability` parameter was deprecated in 1.9 and will be removed in version 1.11. Use `CalibratedClassifierCV(SVC(), ensemble=False)` instead of `SVC(probability=True)`']",3.3.0
0,SVM,forced-1:1,383,ECOM,541,158,0.17369484901428223,0.2920517560073937,0,864,540,1080,540,541,0,216,1.0,/home/ahmeda/ER_Transformer_Reproducible_RUN/scripts/analysis16_clean_2x2.py,0.0,42,primary,string,1.9.1,0.1,True,False,True,0.6666666666666666,"['FutureWarning: The `probability` parameter was deprecated in 1.9 and will be removed in version 1.11. Use `CalibratedClassifierCV(SVC(), ensemble=False)` instead of `SVC(probability=True)`']",3.3.0
0,SVM,forced-1:1,378,ECOM,541,163,0.17728161811828613,0.30129390018484287,0,864,540,1080,540,541,0,216,1.0,/home/ahmeda/ER_Transformer_Reproducible_RUN/scripts/analysis16_clean_2x2.py,0.0,43,primary,string,1.9.1,0.1,True,False,True,0.6666666666666666,"['FutureWarning: The `probability` parameter was deprecated in 1.9 and will be removed in version 1.11. Use `CalibratedClassifierCV(SVC(), ensemble=False)` instead of `SVC(probability=True)`']",3.3.0
0,SVM,forced-1:1,373,ECOM,541,168,0.17415761947631836,0.31053604436229204,0,864,540,1080,540,541,0,216,1.0,/home/ahmeda/ER_Transformer_Reproducible_RUN/scripts/analysis16_clean_2x2.py,0.0,44,primary,string,1.9.1,0.1,True,False,True,0.6666666666666666,"['FutureWarning: The `probability` parameter was deprecated in 1.9 and will be removed in version 1.11. Use `CalibratedClassifierCV(SVC(), ensemble=False)` instead of `SVC(probability=True)`']",3.3.0
0,SVM,forced-1:1,330,ECOM,442,112,0.17408370971679688,0.25339366515837103,99,864,540,1080,540,541,0,216,1.0,/home/ahmeda/ER_Transformer_Reproducible_RUN/scripts/analysis16_clean_2x2.py,0.18299445471349354,42,primary,bi-encoder,1.9.1,0.45000000000000007,False,False,False,0.6864406779661016,"['FutureWarning: The `probability` parameter was deprecated in 1.9 and will be removed in version 1.11. Use `CalibratedClassifierCV(SVC(), ensemble=False)` instead of `SVC(probability=True)`']",3.3.0
0,SVM,forced-1:1,358,ECOM,499,141,0.17345333099365234,0.28256513026052105,42,864,540,1080,540,541,0,216,1.0,/home/ahmeda/ER_Transformer_Reproducible_RUN/scripts/analysis16_clean_2x2.py,0.07763401109057301,43,primary,bi-encoder,1.9.1,0.3500000000000001,False,False,False,0.678082191780822,"['FutureWarning: The `probability` parameter was deprecated in 1.9 and will be removed in version 1.11. Use `CalibratedClassifierCV(SVC(), ensemble=False)` instead of `SVC(probability=True)`']",3.3.0
0,SVM,forced-1:1,364,ECOM,510,146,0.16920781135559082,0.28627450980392155,31,864,540,1080,540,541,0,216,1.0,/home/ahmeda/ER_Transformer_Reproducible_RUN/scripts/analysis16_clean_2x2.py,0.05730129390018484,44,primary,bi-encoder,1.9.1,0.3500000000000001,False,False,False,0.6739130434782609,"['FutureWarning: The `probability` parameter was deprecated in 1.9 and will be removed in version 1.11. Use `CalibratedClassifierCV(SVC(), ensemble=False)` instead of `SVC(probability=True)`']",3.3.0
0,SVM,k=5,149,ECOM,211,62,0.47271180152893066,0.2938388625592417,330,2192,2200,2740,540,541,0,548,4.074074074074074,/home/ahmeda/ER_Transformer_Reproducible_RUN/scripts/analysis16_clean_2x2.py,0.609981515711645,42,primary,string,1.9.1,0.20000000000000004,False,False,False,0.3333333333333333,"['FutureWarning: The `probability` parameter was deprecated in 1.9 and will be removed in version 1.11. Use `CalibratedClassifierCV(SVC(), ensemble=False)` instead of `SVC(probability=True)`']",3.3.0
0,SVM,k=5,135,ECOM,179,44,0.48459744453430176,0.24581005586592178,362,2190,2198,2738,540,541,0,548,4.07037037037037,/home/ahmeda/ER_Transformer_Reproducible_RUN/scripts/analysis16_clean_2x2.py,0.6691312384473198,43,primary,string,1.9.1,0.20000000000000004,False,False,False,0.4022346368715084,"['FutureWarning: The `probability` parameter was deprecated in 1.9 and will be removed in version 1.11. Use `CalibratedClassifierCV(SVC(), ensemble=False)` instead of `SVC(probability=True)`']",3.3.0
0,SVM,k=5,144,ECOM,214,70,0.4841151237487793,0.32710280373831774,327,2188,2196,2736,540,541,0,548,4.066666666666666,/home/ahmeda/ER_Transformer_Reproducible_RUN/scripts/analysis16_clean_2x2.py,0.6044362292051756,44,primary,string,1.9.1,0.20000000000000004,False,False,False,0.3793103448275862,"['FutureWarning: The `probability` parameter was deprecated in 1.9 and will be removed in version 1.11. Use `CalibratedClassifierCV(SVC(), ensemble=False)` instead of `SVC(probability=True)`']",3.3.0
0,SVM,k=5,248,ECOM,325,77,0.4220113754272461,0.23692307692307693,216,2192,2200,2740,540,541,0,548,4.074074074074074,/home/ahmeda/ER_Transformer_Reproducible_RUN/scripts/analysis16_clean_2x2.py,0.39926062846580407,42,primary,bi-encoder,1.9.1,0.20000000000000004,False,False,False,0.42990654205607476,"['FutureWarning: The `probability` parameter was deprecated in 1.9 and will be removed in version 1.11. Use `CalibratedClassifierCV(SVC(), ensemble=False)` instead of `SVC(probability=True)`']",3.3.0
0,SVM,k=5,197,ECOM,257,60,0.4305400848388672,0.23346303501945526,284,2190,2198,2738,540,541,0,548,4.07037037037037,/home/ahmeda/ER_Transformer_Reproducible_RUN/scripts/analysis16_clean_2x2.py,0.5249537892791127,43,primary,bi-encoder,1.9.1,0.20000000000000004,False,False,False,0.4694835680751174,"['FutureWarning: The `probability` parameter was deprecated in 1.9 and will be removed in version 1.11. Use `CalibratedClassifierCV(SVC(), ensemble=False)` instead of `SVC(probability=True)`']",3.3.0
0,SVM,k=5,217,ECOM,304,87,0.43233323097229004,0.28618421052631576,237,2188,2196,2736,540,541,0,548,4.066666666666666,/home/ahmeda/ER_Transformer_Reproducible_RUN/scripts/analysis16_clean_2x2.py,0.43807763401109057,44,primary,bi-encoder,1.9.1,0.20000000000000004,False,False,False,0.49246231155778897,"['FutureWarning: The `probability` parameter was deprecated in 1.9 and will be removed in version 1.11. Use `CalibratedClassifierCV(SVC(), ensemble=False)` instead of `SVC(probability=True)`']",3.3.0
0,SVM,k=50,46,ECOM,54,8,12.769090414047241,0.14814814814814814,487,21597,26457,26997,540,541,0,5400,48.99444444444445,/home/ahmeda/ER_Transformer_Reproducible_RUN/scripts/analysis16_clean_2x2.py,0.9001848428835489,42,primary,string,1.9.1,0.20000000000000004,False,False,False,0.1774193548387097,"['FutureWarning: The `probability` parameter was deprecated in 1.9 and will be removed in version 1.11. Use `CalibratedClassifierCV(SVC(), ensemble=False)` instead of `SVC(probability=True)`']",3.3.0
0,SVM,k=50,58,ECOM,71,13,12.013309955596924,0.18309859154929578,470,21597,26457,26997,540,541,0,5400,48.99444444444445,/home/ahmeda/ER_Transformer_Reproducible_RUN/scripts/analysis16_clean_2x2.py,0.8687615526802218,43,primary,string,1.9.1,0.1,True,False,True,0.208955223880597,"['FutureWarning: The `probability` parameter was deprecated in 1.9 and will be removed in version 1.11. Use `CalibratedClassifierCV(SVC(), ensemble=False)` instead of `SVC(probability=True)`']",3.3.0
0,SVM,k=50,61,ECOM,68,7,11.323601484298706,0.10294117647058823,473,21595,26454,26994,540,541,0,5399,48.98888888888889,/home/ahmeda/ER_Transformer_Reproducible_RUN/scripts/analysis16_clean_2x2.py,0.8743068391866913,44,primary,string,1.9.1,0.1,True,False,True,0.16666666666666666,"['FutureWarning: The `probability` parameter was deprecated in 1.9 and will be removed in version 1.11. Use `CalibratedClassifierCV(SVC(), ensemble=False)` instead of `SVC(probability=True)`']",3.3.0
0,SVM,k=50,196,ECOM,243,47,5.593626260757446,0.1934156378600823,298,21597,26457,26997,540,541,0,5400,48.99444444444445,/home/ahmeda/ER_Transformer_Reproducible_RUN/scripts/analysis16_clean_2x2.py,0.5508317929759704,42,primary,bi-encoder,1.9.1,0.1,True,False,True,0.3953488372093023,"['FutureWarning: The `probability` parameter was deprecated in 1.9 and will be removed in version 1.11. Use `CalibratedClassifierCV(SVC(), ensemble=False)` instead of `SVC(probability=True)`']",3.3.0
0,SVM,k=50,131,ECOM,160,29,5.94314169883728,0.18125,381,21597,26457,26997,540,541,0,5400,48.99444444444445,/home/ahmeda/ER_Transformer_Reproducible_RUN/scripts/analysis16_clean_2x2.py,0.7042513863216266,43,primary,bi-encoder,1.9.1,0.1,True,False,True,0.38509316770186336,"['FutureWarning: The `probability` parameter was deprecated in 1.9 and will be removed in version 1.11. Use `CalibratedClassifierCV(SVC(), ensemble=False)` instead of `SVC(probability=True)`']",3.3.0
0,SVM,k=50,159,ECOM,214,55,5.21814489364624,0.2570093457943925,327,21595,26454,26994,540,541,0,5399,48.98888888888889,/home/ahmeda/ER_Transformer_Reproducible_RUN/scripts/analysis16_clean_2x2.py,0.6044362292051756,44,primary,bi-encoder,1.9.1,0.1,True,False,True,0.37735849056603776,"['FutureWarning: The `probability` parameter was deprecated in 1.9 and will be removed in version 1.11. Use `CalibratedClassifierCV(SVC(), ensemble=False)` instead of `SVC(probability=True)`']",3.3.0
