dataset,fraction,seed,role,scheme,record_index,ida,has_true_match,n_valid_matches,retained_idb,top1_idb,top1_is_any_valid,top1_score,top2_score,score_gap,threshold,declared,category,legacy_threshold,legacy_declared,legacy_category,direct_threshold,direct_threshold_sigmoid_equivalent,direct_declared,direct_category
ECOM,0.8,45,inner,bootstrap_OOB,0,20534,True,1,203022202,203022202,True,0.99996211591544,4.896730412348653e-05,0.9999131486113164,0.5500000000000002,True,correct,0.5500000000000002,True,correct,0.15000000000000002,0.5374298453437496,True,correct
ECOM,0.8,45,inner,bootstrap_OOB,1,38295,True,1,210258472,210258472,True,0.9999893242189926,0.0006135449873204,0.999375779231672,0.5500000000000002,True,correct,0.5500000000000002,True,correct,0.15000000000000002,0.5374298453437496,True,correct
ECOM,0.8,45,inner,bootstrap_OOB,2,37322,True,1,209307663,209307663,True,0.9999735942295636,1.2768427558634668e-05,0.999960825802005,0.5500000000000002,True,correct,0.5500000000000002,True,correct,0.15000000000000002,0.5374298453437496,True,correct
ECOM,0.8,45,inner,bootstrap_OOB,3,36021,True,1,208226693,208226693,True,0.9999555335011038,0.0239057143397518,0.976049819161352,0.5500000000000002,True,correct,0.5500000000000002,True,correct,0.15000000000000002,0.5374298453437496,True,correct
ECOM,0.8,45,inner,bootstrap_OOB,4,35216,True,1,208294701,208294701,True,0.9999868609686444,1.6954107917852484e-05,0.9999699068607264,0.5500000000000002,True,correct,0.5500000000000002,True,correct,0.15000000000000002,0.5374298453437496,True,correct
ECOM,0.8,45,inner,bootstrap_OOB,5,27810,True,1,204563770,204563770,True,0.9999907614146052,0.9998718146985016,0.0001189467161036,0.5500000000000002,True,correct,0.5500000000000002,True,correct,0.15000000000000002,0.5374298453437496,True,correct
ECOM,0.8,45,inner,bootstrap_OOB,6,36118,True,1,203142471,203142471,True,0.999984276718546,1.585190401408505e-05,0.999968424814532,0.5500000000000002,True,correct,0.5500000000000002,True,correct,0.15000000000000002,0.5374298453437496,True,correct
ECOM,0.8,45,inner,bootstrap_OOB,7,29392,True,1,204295637,204295637,True,0.9999862787136572,0.0001432295443192,0.999843049169338,0.5500000000000002,True,correct,0.5500000000000002,True,correct,0.15000000000000002,0.5374298453437496,True,correct
ECOM,0.8,45,inner,bootstrap_OOB,8,34303,True,1,207900179,207900179,True,0.9999863124195892,2.3398101800976606e-05,0.9999629143177884,0.5500000000000002,True,correct,0.5500000000000002,True,correct,0.15000000000000002,0.5374298453437496,True,correct
ECOM,0.8,45,inner,bootstrap_OOB,9,24386,True,1,203340101,203340101,True,0.9999895827725844,0.0001255729429168,0.9998640098296674,0.5500000000000002,True,correct,0.5500000000000002,True,correct,0.15000000000000002,0.5374298453437496,True,correct
ECOM,0.8,45,inner,bootstrap_OOB,10,10101,True,1,90106172,90106172,True,0.9994130536635292,0.97294654150629,0.0264665121572392,0.5500000000000002,True,correct,0.5500000000000002,True,correct,0.15000000000000002,0.5374298453437496,True,correct
ECOM,0.8,45,inner,bootstrap_OOB,11,22212,True,1,90131741,90131741,True,0.9999817993809657,0.001022714066533,0.9989590853144326,0.5500000000000002,True,correct,0.5500000000000002,True,correct,0.15000000000000002,0.5374298453437496,True,correct
ECOM,0.8,45,inner,bootstrap_OOB,12,32280,True,1,205985719,205985718,False,0.5484656030866555,0.5484656030866555,0.0,0.5500000000000002,False,missing_match,0.5500000000000002,False,missing_match,0.15000000000000002,0.5374298453437496,True,false_link
ECOM,0.8,45,inner,bootstrap_OOB,13,34286,True,1,207945552,207945552,True,0.992997766496408,6.034005314732511e-05,0.9929374264432608,0.5500000000000002,True,correct,0.5500000000000002,True,correct,0.15000000000000002,0.5374298453437496,True,correct
ECOM,0.8,45,inner,bootstrap_OOB,14,6284,True,1,202812567,202812567,True,0.0020123195977476,8.86496062557701e-06,0.002003454637122,0.5500000000000002,False,missing_match,0.5500000000000002,False,missing_match,0.15000000000000002,0.5374298453437496,False,missing_match
ECOM,0.8,45,inner,bootstrap_OOB,15,38329,True,1,210227282,210227282,True,0.123515792356798,0.0001553544841887,0.1233604378726092,0.5500000000000002,False,missing_match,0.5500000000000002,False,missing_match,0.15000000000000002,0.5374298453437496,False,missing_match
ECOM,0.8,45,inner,bootstrap_OOB,16,28180,True,1,202916534,202916534,True,0.9999881625406768,1.0688616915734194e-05,0.9999774739237608,0.5500000000000002,True,correct,0.5500000000000002,True,correct,0.15000000000000002,0.5374298453437496,True,correct
ECOM,0.8,45,inner,bootstrap_OOB,17,25318,True,1,202049393,202049393,True,0.999973640674348,4.714571945045766e-05,0.9999264949548976,0.5500000000000002,True,correct,0.5500000000000002,True,correct,0.15000000000000002,0.5374298453437496,True,correct
ECOM,0.8,45,inner,bootstrap_OOB,18,38466,True,1,206576716,206576716,True,0.9999885394002485,2.832336697457828e-05,0.999960216033274,0.5500000000000002,True,correct,0.5500000000000002,True,correct,0.15000000000000002,0.5374298453437496,True,correct
ECOM,0.8,45,inner,bootstrap_OOB,19,14715,True,1,203021705,203021705,True,0.9999627616592204,8.043888796446718e-06,0.9999547177704238,0.5500000000000002,True,correct,0.5500000000000002,True,correct,0.15000000000000002,0.5374298453437496,True,correct
ECOM,0.8,45,inner,bootstrap_OOB,20,17906,True,1,204274644,204274644,True,0.9999897135378254,0.0007349082511428,0.9992548052866826,0.5500000000000002,True,correct,0.5500000000000002,True,correct,0.15000000000000002,0.5374298453437496,True,correct
ECOM,0.8,45,inner,bootstrap_OOB,21,23965,True,1,203322272,203322272,True,0.9999879751209446,8.70540354651101e-06,0.999979269717398,0.5500000000000002,True,correct,0.5500000000000002,True,correct,0.15000000000000002,0.5374298453437496,True,correct
ECOM,0.8,45,inner,bootstrap_OOB,22,31337,True,1,203884610,203884610,True,0.999987916170654,0.0665708630612958,0.933417053109358,0.5500000000000002,True,correct,0.5500000000000002,True,correct,0.15000000000000002,0.5374298453437496,True,correct
ECOM,0.8,45,inner,bootstrap_OOB,23,34557,True,1,207907559,207907559,True,0.9934324569648928,0.0004231205143748,0.993009336450518,0.5500000000000002,True,correct,0.5500000000000002,True,correct,0.15000000000000002,0.5374298453437496,True,correct
ECOM,0.8,45,inner,bootstrap_OOB,24,25732,True,1,203341506,203341506,True,0.9999890298480762,1.880965144237973e-05,0.9999702201966338,0.5500000000000002,True,correct,0.5500000000000002,True,correct,0.15000000000000002,0.5374298453437496,True,correct
ECOM,0.8,45,inner,bootstrap_OOB,25,36127,True,1,210402579,210402579,True,0.9999891081565686,1.630646727392779e-05,0.9999728016892948,0.5500000000000002,True,correct,0.5500000000000002,True,correct,0.15000000000000002,0.5374298453437496,True,correct
ECOM,0.8,45,inner,bootstrap_OOB,26,28978,True,1,204519849,204519849,True,0.9972763789572464,0.0003239450506961,0.9969524339065504,0.5500000000000002,True,correct,0.5500000000000002,True,correct,0.15000000000000002,0.5374298453437496,True,correct
ECOM,0.8,45,inner,bootstrap_OOB,27,32358,True,1,208295050,208295050,True,0.9999883695768864,0.9992382227608684,0.0007501468160181,0.5500000000000002,True,correct,0.5500000000000002,True,correct,0.15000000000000002,0.5374298453437496,True,correct
ECOM,0.8,45,inner,bootstrap_OOB,28,34969,True,1,208294720,208294720,True,0.9999884314355052,2.5057204438270543e-05,0.9999633742310672,0.5500000000000002,True,correct,0.5500000000000002,True,correct,0.15000000000000002,0.5374298453437496,True,correct
ECOM,0.8,45,inner,bootstrap_OOB,29,32584,True,1,206179562,206179562,True,0.9999823219077508,7.165163814750034e-06,0.999975156743936,0.5500000000000002,True,correct,0.5500000000000002,True,correct,0.15000000000000002,0.5374298453437496,True,correct
ECOM,0.8,45,inner,bootstrap_OOB,30,27194,True,1,204318283,204318283,True,0.9999838735431584,0.7555793409977525,0.244404532545406,0.5500000000000002,True,correct,0.5500000000000002,True,correct,0.15000000000000002,0.5374298453437496,True,correct
ECOM,0.8,45,inner,bootstrap_OOB,31,34559,True,1,207907557,207907557,True,0.5497302333803583,3.643132699535108e-05,0.5496938020533629,0.5500000000000002,False,missing_match,0.5500000000000002,False,missing_match,0.15000000000000002,0.5374298453437496,True,correct
ECOM,0.8,45,inner,bootstrap_OOB,32,16765,True,1,204569335,204569335,True,0.9999887024566768,0.000138782284064,0.9998499201726128,0.5500000000000002,True,correct,0.5500000000000002,True,correct,0.15000000000000002,0.5374298453437496,True,correct
ECOM,0.8,45,inner,bootstrap_OOB,33,23350,True,1,50012447,50009858,False,0.9740940548426992,2.4242004970508992e-05,0.9740698128377288,0.5500000000000002,True,false_link,0.5500000000000002,True,false_link,0.15000000000000002,0.5374298453437496,True,false_link
ECOM,0.8,45,inner,bootstrap_OOB,34,7783,True,1,202900227,202900227,True,0.9999334392309168,3.387175118293588e-05,0.999899567479734,0.5500000000000002,True,correct,0.5500000000000002,True,correct,0.15000000000000002,0.5374298453437496,True,correct
ECOM,0.8,45,inner,bootstrap_OOB,35,20448,True,1,10377226,10377226,True,0.9999597807365836,8.517503126888587e-05,0.9998746057053148,0.5500000000000002,True,correct,0.5500000000000002,True,correct,0.15000000000000002,0.5374298453437496,True,correct
ECOM,0.8,45,inner,bootstrap_OOB,36,26929,True,1,203651765,203651765,True,0.9998712221000112,0.0005152460389778,0.9993559760610334,0.5500000000000002,True,correct,0.5500000000000002,True,correct,0.15000000000000002,0.5374298453437496,True,correct
ECOM,0.8,45,inner,bootstrap_OOB,37,37235,True,1,210256478,210256478,True,0.999973242892524,8.858233627757218e-06,0.9999643846588964,0.5500000000000002,True,correct,0.5500000000000002,True,correct,0.15000000000000002,0.5374298453437496,True,correct
ECOM,0.8,45,inner,bootstrap_OOB,38,21175,True,1,10412788,10412788,True,0.9999890323795488,0.0065488501355634,0.9934401822439852,0.5500000000000002,True,correct,0.5500000000000002,True,correct,0.15000000000000002,0.5374298453437496,True,correct
ECOM,0.8,45,inner,bootstrap_OOB,39,38164,True,1,209700735,209700735,True,0.9999889866605188,5.895292785535956e-05,0.9999300337326632,0.5500000000000002,True,correct,0.5500000000000002,True,correct,0.15000000000000002,0.5374298453437496,True,correct
ECOM,0.8,45,inner,bootstrap_OOB,40,22558,True,1,10412590,10412590,True,0.9999847924490072,1.048018330148682e-05,0.9999743122657055,0.5500000000000002,True,correct,0.5500000000000002,True,correct,0.15000000000000002,0.5374298453437496,True,correct
ECOM,0.8,45,inner,bootstrap_OOB,41,24921,True,1,203340806,203340806,True,0.9998785042297514,0.0003768323706564,0.999501671859095,0.5500000000000002,True,correct,0.5500000000000002,True,correct,0.15000000000000002,0.5374298453437496,True,correct
ECOM,0.8,45,inner,bootstrap_OOB,42,32875,True,1,202870173,202870172,False,0.9997478123094524,0.9980187337459108,0.0017290785635417,0.5500000000000002,True,false_link,0.5500000000000002,True,false_link,0.15000000000000002,0.5374298453437496,True,false_link
ECOM,0.8,45,inner,bootstrap_OOB,43,25388,True,1,90145568,90145568,True,0.9999729130866636,0.0001057616549724,0.9998671514316912,0.5500000000000002,True,correct,0.5500000000000002,True,correct,0.15000000000000002,0.5374298453437496,True,correct
ECOM,0.8,45,inner,bootstrap_OOB,44,37145,True,1,208941080,208941080,True,0.0285594407637334,0.0006191098098937,0.0279403309538396,0.5500000000000002,False,missing_match,0.5500000000000002,False,missing_match,0.15000000000000002,0.5374298453437496,False,missing_match
ECOM,0.8,45,inner,bootstrap_OOB,45,29338,True,1,202143947,202143947,True,0.999970254555934,2.8490513023351343e-05,0.9999417640429108,0.5500000000000002,True,correct,0.5500000000000002,True,correct,0.15000000000000002,0.5374298453437496,True,correct
ECOM,0.8,45,inner,bootstrap_OOB,46,19204,True,1,203389382,203389382,True,0.9999824234592334,0.1733596371382461,0.8266227863209873,0.5500000000000002,True,correct,0.5500000000000002,True,correct,0.15000000000000002,0.5374298453437496,True,correct
ECOM,0.8,45,inner,bootstrap_OOB,47,34719,True,1,207543188,207543188,True,0.999985972363164,4.7422038080465465e-05,0.9999385503250836,0.5500000000000002,True,correct,0.5500000000000002,True,correct,0.15000000000000002,0.5374298453437496,True,correct
ECOM,0.8,45,inner,bootstrap_OOB,48,27783,True,1,202293522,202293522,True,0.999989808963952,2.186756921195036e-05,0.99996794139474,0.5500000000000002,True,correct,0.5500000000000002,True,correct,0.15000000000000002,0.5374298453437496,True,correct
ECOM,0.8,45,inner,bootstrap_OOB,49,26861,True,1,203388612,203388612,True,0.9999883501505438,0.0036640775851543,0.9963242725653896,0.5500000000000002,True,correct,0.5500000000000002,True,correct,0.15000000000000002,0.5374298453437496,True,correct
ECOM,0.8,45,inner,bootstrap_OOB,50,35990,True,1,204049431,204049431,True,0.8212640187709709,1.594371934204143e-05,0.8212480750516289,0.5500000000000002,True,correct,0.5500000000000002,True,correct,0.15000000000000002,0.5374298453437496,True,correct
ECOM,0.8,45,inner,bootstrap_OOB,51,34966,True,1,207965387,207965387,True,0.9999771671911348,1.4275344492188996e-05,0.9999628918466428,0.5500000000000002,True,correct,0.5500000000000002,True,correct,0.15000000000000002,0.5374298453437496,True,correct
ECOM,0.8,45,inner,bootstrap_OOB,52,16309,True,1,203022472,203022472,True,0.9999873821804904,1.4882726105588222e-05,0.9999724994543848,0.5500000000000002,True,correct,0.5500000000000002,True,correct,0.15000000000000002,0.5374298453437496,True,correct
ECOM,0.8,45,inner,bootstrap_OOB,53,35309,True,1,208504378,208504378,True,0.9999855979507236,2.005921148049872e-05,0.9999655387392432,0.5500000000000002,True,correct,0.5500000000000002,True,correct,0.15000000000000002,0.5374298453437496,True,correct
ECOM,0.8,45,inner,bootstrap_OOB,54,34154,True,1,207390673,207390673,True,0.9998258413569412,6.849239349571031e-05,0.9997573489634454,0.5500000000000002,True,correct,0.5500000000000002,True,correct,0.15000000000000002,0.5374298453437496,True,correct
ECOM,0.8,45,inner,bootstrap_OOB,55,13213,True,1,203025617,203025617,True,0.9999900136676676,1.4456100219255424e-05,0.9999755575674484,0.5500000000000002,True,correct,0.5500000000000002,True,correct,0.15000000000000002,0.5374298453437496,True,correct
ECOM,0.8,45,inner,bootstrap_OOB,56,34928,True,1,208117931,208117929,False,0.0958789588718806,0.0958789588718806,0.0,0.5500000000000002,False,missing_match,0.5500000000000002,False,missing_match,0.15000000000000002,0.5374298453437496,False,missing_match
ECOM,0.8,45,inner,bootstrap_OOB,57,33938,True,1,208464825,208464825,True,0.999958303613802,0.0001110484944594,0.9998472551193426,0.5500000000000002,True,correct,0.5500000000000002,True,correct,0.15000000000000002,0.5374298453437496,True,correct
ECOM,0.8,45,inner,bootstrap_OOB,58,34881,True,1,208294718,208294718,True,0.9999836961606005,0.0744532736788663,0.925530422481734,0.5500000000000002,True,correct,0.5500000000000002,True,correct,0.15000000000000002,0.5374298453437496,True,correct
ECOM,0.8,45,inner,bootstrap_OOB,59,30058,True,1,209028436,209028436,True,0.9828526239986388,8.504888354809033e-06,0.982844119110284,0.5500000000000002,True,correct,0.5500000000000002,True,correct,0.15000000000000002,0.5374298453437496,True,correct
ECOM,0.8,45,inner,bootstrap_OOB,60,30734,True,1,207907430,207907430,True,0.9999560426008568,0.0004930423498616,0.9994630002509952,0.5500000000000002,True,correct,0.5500000000000002,True,correct,0.15000000000000002,0.5374298453437496,True,correct
ECOM,0.8,45,inner,bootstrap_OOB,61,35810,True,1,10326220,10326220,True,0.999987340428774,9.306702721253914e-06,0.9999780337260528,0.5500000000000002,True,correct,0.5500000000000002,True,correct,0.15000000000000002,0.5374298453437496,True,correct
ECOM,0.8,45,inner,bootstrap_OOB,62,36029,True,1,202785722,202785722,True,0.9999885131940496,0.0002376715357193,0.9997508416583302,0.5500000000000002,True,correct,0.5500000000000002,True,correct,0.15000000000000002,0.5374298453437496,True,correct
ECOM,0.8,45,inner,bootstrap_OOB,63,38794,True,1,209704118,209704118,True,0.9999918054673308,1.468558187786354e-05,0.9999771198854528,0.5500000000000002,True,correct,0.5500000000000002,True,correct,0.15000000000000002,0.5374298453437496,True,correct
ECOM,0.8,45,inner,bootstrap_OOB,64,33440,True,1,207464921,207464921,True,0.9999834752756726,2.588640808954027e-05,0.999957588867583,0.5500000000000002,True,correct,0.5500000000000002,True,correct,0.15000000000000002,0.5374298453437496,True,correct
ECOM,0.8,45,inner,bootstrap_OOB,65,38106,True,1,202026554,202026554,True,0.9999893152864248,0.0007131320684868,0.999276183217938,0.5500000000000002,True,correct,0.5500000000000002,True,correct,0.15000000000000002,0.5374298453437496,True,correct
ECOM,0.8,45,inner,bootstrap_OOB,66,30575,True,1,209297205,209297205,True,0.9999887615159762,0.0006136794975663,0.9993750820184096,0.5500000000000002,True,correct,0.5500000000000002,True,correct,0.15000000000000002,0.5374298453437496,True,correct
ECOM,0.8,45,inner,bootstrap_OOB,67,37495,True,1,206746475,206746475,True,0.0063991657342455,0.0019639846281708,0.0044351811060747,0.5500000000000002,False,missing_match,0.5500000000000002,False,missing_match,0.15000000000000002,0.5374298453437496,False,missing_match
ECOM,0.8,45,inner,bootstrap_OOB,68,33765,True,1,208455897,207910212,False,0.9999476326494572,0.7610704691421302,0.2388771635073269,0.5500000000000002,True,false_link,0.5500000000000002,True,false_link,0.15000000000000002,0.5374298453437496,True,false_link
ECOM,0.8,45,inner,bootstrap_OOB,69,38798,True,1,205852250,205852250,True,0.99998628072867,0.0005210985818219,0.999465182146848,0.5500000000000002,True,correct,0.5500000000000002,True,correct,0.15000000000000002,0.5374298453437496,True,correct
ECOM,0.8,45,inner,bootstrap_OOB,70,27091,True,1,203136113,203136113,True,0.9903540108710348,0.0037184639314452,0.9866355469395895,0.5500000000000002,True,correct,0.5500000000000002,True,correct,0.15000000000000002,0.5374298453437496,True,correct
ECOM,0.8,45,inner,bootstrap_OOB,71,36620,True,1,208453646,208453646,True,0.9999699552961862,0.0001650977134539,0.9998048575827322,0.5500000000000002,True,correct,0.5500000000000002,True,correct,0.15000000000000002,0.5374298453437496,True,correct
ECOM,0.8,45,inner,bootstrap_OOB,72,32187,True,1,209896109,209896109,True,0.999989754080242,0.0152031565889473,0.9847865974912944,0.5500000000000002,True,correct,0.5500000000000002,True,correct,0.15000000000000002,0.5374298453437496,True,correct
ECOM,0.8,45,inner,bootstrap_OOB,73,33643,True,1,206928605,206928605,True,0.9999681377975986,0.0004626878136784,0.99950544998392,0.5500000000000002,True,correct,0.5500000000000002,True,correct,0.15000000000000002,0.5374298453437496,True,correct
ECOM,0.8,45,inner,bootstrap_OOB,74,25111,True,1,203017912,203017912,True,0.9999499244188634,0.99888232656387,0.0010675978549934,0.5500000000000002,True,correct,0.5500000000000002,True,correct,0.15000000000000002,0.5374298453437496,True,correct
ECOM,0.8,45,inner,bootstrap_OOB,75,37652,True,1,210254965,210254965,True,0.9999862450034306,0.0001385732204579,0.9998476717829726,0.5500000000000002,True,correct,0.5500000000000002,True,correct,0.15000000000000002,0.5374298453437496,True,correct
ECOM,0.8,45,inner,bootstrap_OOB,76,33985,True,1,208504045,207388755,False,0.9999843537666148,0.9999837863237334,5.674428812385557e-07,0.5500000000000002,True,false_link,0.5500000000000002,True,false_link,0.15000000000000002,0.5374298453437496,True,false_link
ECOM,0.8,45,inner,bootstrap_OOB,77,29008,True,1,204792886,204792886,True,0.7545424039136215,0.0657714138710757,0.6887709900425458,0.5500000000000002,True,correct,0.5500000000000002,True,correct,0.15000000000000002,0.5374298453437496,True,correct
ECOM,0.8,45,inner,bootstrap_OOB,78,37767,True,1,204588748,204588748,True,0.9999905644557904,8.574058334659269e-05,0.9999048238724436,0.5500000000000002,True,correct,0.5500000000000002,True,correct,0.15000000000000002,0.5374298453437496,True,correct
ECOM,0.8,45,inner,bootstrap_OOB,79,34666,True,1,207876534,207876534,True,0.9999853631726462,0.9999834535140124,1.9096586337807864e-06,0.5500000000000002,True,correct,0.5500000000000002,True,correct,0.15000000000000002,0.5374298453437496,True,correct
ECOM,0.8,45,inner,bootstrap_OOB,80,27364,True,1,204791586,204791586,True,0.999986041395122,0.0001597235735133,0.9998263178216086,0.5500000000000002,True,correct,0.5500000000000002,True,correct,0.15000000000000002,0.5374298453437496,True,correct
ECOM,0.8,45,inner,bootstrap_OOB,81,38777,True,1,204587960,206917816,False,0.0013615263660037,0.0001993092773398,0.0011622170886639,0.5500000000000002,False,missing_match,0.5500000000000002,False,missing_match,0.15000000000000002,0.5374298453437496,False,missing_match
ECOM,0.8,45,inner,bootstrap_OOB,82,32431,True,1,202827677,202827677,True,0.0057850712891516,1.1666548682495248e-05,0.0057734047404691,0.5500000000000002,False,missing_match,0.5500000000000002,False,missing_match,0.15000000000000002,0.5374298453437496,False,missing_match
ECOM,0.8,45,inner,bootstrap_OOB,83,30951,True,1,205599984,205599985,False,0.823816008735227,0.7070185711990646,0.1167974375361623,0.5500000000000002,True,false_link,0.5500000000000002,True,false_link,0.15000000000000002,0.5374298453437496,True,false_link
ECOM,0.8,45,inner,bootstrap_OOB,84,35498,True,1,90144998,90144998,True,0.999986081857414,0.0454988785928163,0.9544872032645978,0.5500000000000002,True,correct,0.5500000000000002,True,correct,0.15000000000000002,0.5374298453437496,True,correct
ECOM,0.8,45,inner,bootstrap_OOB,85,38296,True,1,210647824,210647824,True,0.9999895874209112,0.000361780553612,0.999627806867299,0.5500000000000002,True,correct,0.5500000000000002,True,correct,0.15000000000000002,0.5374298453437496,True,correct
ECOM,0.8,45,inner,bootstrap_OOB,86,31032,True,1,210251970,210251970,True,0.9999820630344252,1.0165468773925668e-05,0.9999718975656512,0.5500000000000002,True,correct,0.5500000000000002,True,correct,0.15000000000000002,0.5374298453437496,True,correct
ECOM,0.8,45,inner,bootstrap_OOB,87,23325,True,2,202456903,202456903,True,0.9999899265295772,0.0042179425823597,0.9957719839472174,0.5500000000000002,True,correct,0.5500000000000002,True,correct,0.15000000000000002,0.5374298453437496,True,correct
ECOM,0.8,45,inner,bootstrap_OOB,88,16394,True,1,203111424,203111424,True,0.999938941442955,0.0001754316514715,0.9997635097914837,0.5500000000000002,True,correct,0.5500000000000002,True,correct,0.15000000000000002,0.5374298453437496,True,correct
ECOM,0.8,45,inner,bootstrap_OOB,89,37499,True,1,208043057,208043057,True,0.9999722038259276,4.521842918518143e-05,0.9999269853967424,0.5500000000000002,True,correct,0.5500000000000002,True,correct,0.15000000000000002,0.5374298453437496,True,correct
ECOM,0.8,45,inner,bootstrap_OOB,90,36264,True,1,209000383,209000383,True,0.9999871705921658,9.17429072168232e-06,0.999977996301444,0.5500000000000002,True,correct,0.5500000000000002,True,correct,0.15000000000000002,0.5374298453437496,True,correct
ECOM,0.8,45,inner,bootstrap_OOB,91,28397,True,1,203087319,203087319,True,0.0670856911694076,2.911615932738339e-05,0.0670565750100803,0.5500000000000002,False,missing_match,0.5500000000000002,False,missing_match,0.15000000000000002,0.5374298453437496,False,missing_match
ECOM,0.8,45,inner,bootstrap_OOB,92,38693,True,1,208710842,208710842,True,0.9999864062759954,1.6230585388823155e-05,0.9999701756906066,0.5500000000000002,True,correct,0.5500000000000002,True,correct,0.15000000000000002,0.5374298453437496,True,correct
ECOM,0.8,45,inner,bootstrap_OOB,93,27391,True,1,204791643,204791643,True,0.999985290744521,0.9996598436504828,0.0003254470940382,0.5500000000000002,True,correct,0.5500000000000002,True,correct,0.15000000000000002,0.5374298453437496,True,correct
ECOM,0.8,45,inner,bootstrap_OOB,94,37354,True,1,207390184,207390184,True,0.0381912949230466,7.368944325519502e-05,0.0381176054797914,0.5500000000000002,False,missing_match,0.5500000000000002,False,missing_match,0.15000000000000002,0.5374298453437496,False,missing_match
ECOM,0.8,45,inner,bootstrap_OOB,95,35623,True,1,207514417,207514417,True,0.9999882037974506,1.5164176987387236e-05,0.9999730396204632,0.5500000000000002,True,correct,0.5500000000000002,True,correct,0.15000000000000002,0.5374298453437496,True,correct
ECOM,0.8,45,inner,bootstrap_OOB,96,34227,True,1,210521551,210521551,True,0.9999840876326508,2.276805619629861e-05,0.9999613195764544,0.5500000000000002,True,correct,0.5500000000000002,True,correct,0.15000000000000002,0.5374298453437496,True,correct
ECOM,0.8,45,inner,bootstrap_OOB,97,30590,True,1,90138537,90138537,True,0.999963994159988,4.000711065604145e-05,0.999923987049332,0.5500000000000002,True,correct,0.5500000000000002,True,correct,0.15000000000000002,0.5374298453437496,True,correct
ECOM,0.8,45,inner,bootstrap_OOB,98,9546,True,1,208294904,208294904,True,0.999985781610784,0.0001156201759797,0.999870161434804,0.5500000000000002,True,correct,0.5500000000000002,True,correct,0.15000000000000002,0.5374298453437496,True,correct
ECOM,0.8,45,inner,bootstrap_OOB,99,36143,True,1,207907552,207907552,True,0.9999706651954472,0.0059207266277214,0.9940499385677256,0.5500000000000002,True,correct,0.5500000000000002,True,correct,0.15000000000000002,0.5374298453437496,True,correct
ECOM,0.8,45,inner,bootstrap_OOB,100,31881,True,1,203514371,203514371,True,0.9999812710571014,4.184057740423682e-05,0.9999394304796972,0.5500000000000002,True,correct,0.5500000000000002,True,correct,0.15000000000000002,0.5374298453437496,True,correct
ECOM,0.8,45,inner,bootstrap_OOB,101,29032,True,1,205145879,205145879,True,0.9999859822724708,0.0003712879064528,0.999614694366018,0.5500000000000002,True,correct,0.5500000000000002,True,correct,0.15000000000000002,0.5374298453437496,True,correct
ECOM,0.8,45,inner,bootstrap_OOB,102,33026,True,1,204230770,204230770,True,0.9999104717300376,0.0001016048357806,0.9998088668942569,0.5500000000000002,True,correct,0.5500000000000002,True,correct,0.15000000000000002,0.5374298453437496,True,correct
ECOM,0.8,45,inner,bootstrap_OOB,103,9312,True,1,90114398,90114398,True,0.0043827777295403,9.6904669536363e-06,0.0043730872625867,0.5500000000000002,False,missing_match,0.5500000000000002,False,missing_match,0.15000000000000002,0.5374298453437496,False,missing_match
ECOM,0.8,45,inner,bootstrap_OOB,104,17479,True,1,90145972,90145972,True,0.9999851883245432,0.0009875270284814,0.9989976612960616,0.5500000000000002,True,correct,0.5500000000000002,True,correct,0.15000000000000002,0.5374298453437496,True,correct
ECOM,0.8,45,inner,bootstrap_OOB,105,33499,True,1,206725198,206725198,True,0.9995441727432568,7.195708997826154e-05,0.9994722156532784,0.5500000000000002,True,correct,0.5500000000000002,True,correct,0.15000000000000002,0.5374298453437496,True,correct
ECOM,0.8,45,inner,bootstrap_OOB,106,34092,True,2,207679756,207679756,True,0.9999876599548968,0.9999826841339589,4.9758209379469065e-06,0.5500000000000002,True,correct,0.5500000000000002,True,correct,0.15000000000000002,0.5374298453437496,True,correct
ECOM,0.8,45,inner,bootstrap_OOB,107,31332,True,1,205761272,205761272,True,0.5015672972548536,3.7819543253330645e-05,0.5015294777116003,0.5500000000000002,False,missing_match,0.5500000000000002,False,missing_match,0.15000000000000002,0.5374298453437496,False,missing_match
ECOM,0.8,45,inner,bootstrap_OOB,108,19132,True,1,202778315,202778315,True,0.9999897727456976,3.4074433501476726e-05,0.999955698312196,0.5500000000000002,True,correct,0.5500000000000002,True,correct,0.15000000000000002,0.5374298453437496,True,correct
ECOM,0.8,45,inner,bootstrap_OOB,109,37309,True,1,209901964,209901964,True,0.9999307615953328,0.0012594878426576,0.9986712737526752,0.5500000000000002,True,correct,0.5500000000000002,True,correct,0.15000000000000002,0.5374298453437496,True,correct
ECOM,0.8,45,inner,bootstrap_OOB,110,17372,True,1,10363243,10363243,True,0.9999781999976896,8.469840895499035e-06,0.999969730156794,0.5500000000000002,True,correct,0.5500000000000002,True,correct,0.15000000000000002,0.5374298453437496,True,correct
ECOM,0.8,45,inner,bootstrap_OOB,111,38208,True,1,207527632,207527632,True,0.999920537393436,4.672882040020575e-05,0.9998738085730358,0.5500000000000002,True,correct,0.5500000000000002,True,correct,0.15000000000000002,0.5374298453437496,True,correct
ECOM,0.8,45,inner,bootstrap_OOB,112,20453,True,1,201692677,201692677,True,0.2775803141492539,7.131305223445751e-05,0.2775090010970194,0.5500000000000002,False,missing_match,0.5500000000000002,False,missing_match,0.15000000000000002,0.5374298453437496,False,missing_match
ECOM,0.8,45,inner,bootstrap_OOB,113,22729,True,1,202473822,202473822,True,0.9999785885855196,3.134091061646705e-05,0.9999472476749032,0.5500000000000002,True,correct,0.5500000000000002,True,correct,0.15000000000000002,0.5374298453437496,True,correct
ECOM,0.8,45,inner,bootstrap_OOB,114,27182,True,1,206481908,206481908,True,0.9944966768183608,0.0035252788885868,0.990971397929774,0.5500000000000002,True,correct,0.5500000000000002,True,correct,0.15000000000000002,0.5374298453437496,True,correct
ECOM,0.8,45,inner,bootstrap_OOB,115,36993,True,1,206928378,206928378,True,0.999985682881716,1.8096014188188297e-05,0.9999675868675276,0.5500000000000002,True,correct,0.5500000000000002,True,correct,0.15000000000000002,0.5374298453437496,True,correct
ECOM,0.8,45,inner,bootstrap_OOB,116,36345,True,1,204407682,204407682,True,0.99964075173934,0.0001180064879604,0.9995227452513796,0.5500000000000002,True,correct,0.5500000000000002,True,correct,0.15000000000000002,0.5374298453437496,True,correct
ECOM,0.8,45,inner,bootstrap_OOB,117,37142,True,1,209194241,209194241,True,0.9999819000334376,0.9999814942469526,4.0578648485833924e-07,0.5500000000000002,True,correct,0.5500000000000002,True,correct,0.15000000000000002,0.5374298453437496,True,correct
ECOM,0.8,45,inner,bootstrap_OOB,118,9646,True,1,203111113,203111113,True,0.996384213450316,6.618429987730085e-05,0.9963180291504388,0.5500000000000002,True,correct,0.5500000000000002,True,correct,0.15000000000000002,0.5374298453437496,True,correct
ECOM,0.8,45,inner,bootstrap_OOB,119,35925,True,2,202592699,202592699,True,0.9999891181548104,0.962665684152122,0.0373234340026883,0.5500000000000002,True,correct,0.5500000000000002,True,correct,0.15000000000000002,0.5374298453437496,True,correct
ECOM,0.8,45,inner,bootstrap_OOB,120,25858,True,1,202870184,202870184,True,0.9885324734701298,2.7614660987665986e-05,0.9885048588091422,0.5500000000000002,True,correct,0.5500000000000002,True,correct,0.15000000000000002,0.5374298453437496,True,correct
ECOM,0.8,45,inner,bootstrap_OOB,121,29902,True,2,205144562,205144562,True,0.9999902865593122,0.9999858036279394,4.482931372784549e-06,0.5500000000000002,True,correct,0.5500000000000002,True,correct,0.15000000000000002,0.5374298453437496,True,correct
ECOM,0.8,45,inner,bootstrap_OOB,122,33488,True,1,208154765,208154765,True,0.9999877080870264,0.0001304017181199,0.9998573063689064,0.5500000000000002,True,correct,0.5500000000000002,True,correct,0.15000000000000002,0.5374298453437496,True,correct
ECOM,0.8,45,inner,bootstrap_OOB,123,33522,True,2,207654106,207654106,True,0.999840266069755,0.998297964740157,0.0015423013295979,0.5500000000000002,True,correct,0.5500000000000002,True,correct,0.15000000000000002,0.5374298453437496,True,correct
ECOM,0.8,45,inner,bootstrap_OOB,124,33569,True,1,207388757,207388757,True,0.999980498381447,0.0268637768199916,0.9731167215614552,0.5500000000000002,True,correct,0.5500000000000002,True,correct,0.15000000000000002,0.5374298453437496,True,correct
ECOM,0.8,45,inner,bootstrap_OOB,125,34659,True,1,208504191,208504191,True,0.9999775610747402,0.000433461624421,0.9995440994503192,0.5500000000000002,True,correct,0.5500000000000002,True,correct,0.15000000000000002,0.5374298453437496,True,correct
ECOM,0.8,45,inner,bootstrap_OOB,126,33723,True,1,206356234,206356234,True,0.999982200428914,2.4289837865987587e-05,0.999957910591048,0.5500000000000002,True,correct,0.5500000000000002,True,correct,0.15000000000000002,0.5374298453437496,True,correct
ECOM,0.8,45,inner,bootstrap_OOB,127,36053,True,1,90141687,90141687,True,0.9999897808865196,0.0005261647847637,0.999463616101756,0.5500000000000002,True,correct,0.5500000000000002,True,correct,0.15000000000000002,0.5374298453437496,True,correct
ECOM,0.8,45,inner,bootstrap_OOB,128,31414,True,1,204222915,204222915,True,0.9999667851082064,0.00012379870513,0.9998429864030765,0.5500000000000002,True,correct,0.5500000000000002,True,correct,0.15000000000000002,0.5374298453437496,True,correct
ECOM,0.8,45,inner,bootstrap_OOB,129,29906,True,1,202139744,202139744,True,0.9999871284963052,0.0001879613347119,0.9997991671615934,0.5500000000000002,True,correct,0.5500000000000002,True,correct,0.15000000000000002,0.5374298453437496,True,correct
ECOM,0.8,45,inner,bootstrap_OOB,130,26241,True,1,208456199,208456199,True,0.9999881360384728,0.0013531516205787,0.998634984417894,0.5500000000000002,True,correct,0.5500000000000002,True,correct,0.15000000000000002,0.5374298453437496,True,correct
ECOM,0.8,45,inner,bootstrap_OOB,131,19358,True,1,90144996,90144998,False,0.9999484003685762,0.9998998683192006,4.8532049375604736e-05,0.5500000000000002,True,false_link,0.5500000000000002,True,false_link,0.15000000000000002,0.5374298453437496,True,false_link
ECOM,0.8,45,inner,bootstrap_OOB,132,24648,True,1,203491687,203491687,True,0.0003110722205647,1.370273063464586e-05,0.0002973694899301,0.5500000000000002,False,missing_match,0.5500000000000002,False,missing_match,0.15000000000000002,0.5374298453437496,False,missing_match
ECOM,0.8,45,inner,bootstrap_OOB,133,16758,True,1,90137168,90137168,True,0.0053360078292806,9.40954785714158e-06,0.0053265982814235,0.5500000000000002,False,missing_match,0.5500000000000002,False,missing_match,0.15000000000000002,0.5374298453437496,False,missing_match
ECOM,0.8,45,inner,bootstrap_OOB,134,36123,True,1,208504432,208504432,True,0.9999889254791472,3.931501907076899e-05,0.9999496104600764,0.5500000000000002,True,correct,0.5500000000000002,True,correct,0.15000000000000002,0.5374298453437496,True,correct
ECOM,0.8,45,inner,bootstrap_OOB,135,18567,True,1,208456203,208456203,True,0.9990645295083566,0.0761842771071521,0.9228802524012044,0.5500000000000002,True,correct,0.5500000000000002,True,correct,0.15000000000000002,0.5374298453437496,True,correct
ECOM,0.8,45,inner,bootstrap_OOB,136,28225,True,1,205592439,205592439,True,0.9999867364967512,0.0001034891265678,0.9998832473701832,0.5500000000000002,True,correct,0.5500000000000002,True,correct,0.15000000000000002,0.5374298453437496,True,correct
ECOM,0.8,45,inner,bootstrap_OOB,137,31014,True,1,205777541,205777541,True,0.9996589368700826,0.0012640516697713,0.9983948852003112,0.5500000000000002,True,correct,0.5500000000000002,True,correct,0.15000000000000002,0.5374298453437496,True,correct
ECOM,0.8,45,inner,bootstrap_OOB,138,30219,True,1,207910337,207910337,True,0.9999859914667478,1.0148391821925693e-05,0.999975843074926,0.5500000000000002,True,correct,0.5500000000000002,True,correct,0.15000000000000002,0.5374298453437496,True,correct
ECOM,0.8,45,inner,bootstrap_OOB,139,32874,True,1,202870171,202870171,True,0.9999822523634572,0.999939566023996,4.268633946091782e-05,0.5500000000000002,True,correct,0.5500000000000002,True,correct,0.15000000000000002,0.5374298453437496,True,correct
ECOM,0.8,45,inner,bootstrap_OOB,140,28979,True,1,204559213,204559213,True,0.9999910059768988,0.0002114621256011,0.9997795438512976,0.5500000000000002,True,correct,0.5500000000000002,True,correct,0.15000000000000002,0.5374298453437496,True,correct
ECOM,0.8,45,inner,bootstrap_OOB,141,36027,True,1,203396159,203396159,True,0.9999876170913088,0.9972735682524252,0.0027140488388834,0.5500000000000002,True,correct,0.5500000000000002,True,correct,0.15000000000000002,0.5374298453437496,True,correct
ECOM,0.8,45,inner,bootstrap_OOB,142,22042,True,2,202145734,202238311,True,0.9928812747511484,0.6559238936859245,0.3369573810652239,0.5500000000000002,True,correct,0.5500000000000002,True,correct,0.15000000000000002,0.5374298453437496,True,correct
ECOM,0.8,45,inner,bootstrap_OOB,143,34395,True,1,206362749,206362749,True,0.9998456781224552,1.6602598843674418e-05,0.9998290755236116,0.5500000000000002,True,correct,0.5500000000000002,True,correct,0.15000000000000002,0.5374298453437496,True,correct
ECOM,0.8,45,inner,bootstrap_OOB,144,37825,True,1,205505156,205505156,True,0.999990753314188,4.1964692428129184e-05,0.9999487886217598,0.5500000000000002,True,correct,0.5500000000000002,True,correct,0.15000000000000002,0.5374298453437496,True,correct
ECOM,0.8,45,inner,bootstrap_OOB,145,33669,True,1,206917815,206917815,True,0.9999223797023016,0.9656721632594956,0.0342502164428057,0.5500000000000002,True,correct,0.5500000000000002,True,correct,0.15000000000000002,0.5374298453437496,True,correct
ECOM,0.8,45,inner,bootstrap_OOB,146,26805,True,1,203900180,203900180,True,0.9999260687816652,6.674560492184372e-05,0.9998593231767434,0.5500000000000002,True,correct,0.5500000000000002,True,correct,0.15000000000000002,0.5374298453437496,True,correct
ECOM,0.8,45,inner,bootstrap_OOB,147,37331,True,1,207686317,207686317,True,0.9999869298289276,1.0417416173570138e-05,0.999976512412754,0.5500000000000002,True,correct,0.5500000000000002,True,correct,0.15000000000000002,0.5374298453437496,True,correct
ECOM,0.8,45,inner,bootstrap_OOB,148,37474,True,1,209310245,209310245,True,0.9999903110392874,0.9999882304737988,2.080565488560282e-06,0.5500000000000002,True,correct,0.5500000000000002,True,correct,0.15000000000000002,0.5374298453437496,True,correct
ECOM,0.8,45,inner,bootstrap_OOB,149,26346,True,1,202537962,202537962,True,0.9999867582350166,0.9999843758641808,2.382370835940506e-06,0.5500000000000002,True,correct,0.5500000000000002,True,correct,0.15000000000000002,0.5374298453437496,True,correct
ECOM,0.8,45,inner,bootstrap_OOB,150,38173,True,1,210441817,210441817,True,0.9999820798072864,3.96771269092908e-05,0.9999424026803772,0.5500000000000002,True,correct,0.5500000000000002,True,correct,0.15000000000000002,0.5374298453437496,True,correct
ECOM,0.8,45,inner,bootstrap_OOB,151,35011,True,1,208117936,208117936,True,0.1934502849291223,0.1934502849291223,0.0,0.5500000000000002,False,missing_match,0.5500000000000002,False,missing_match,0.15000000000000002,0.5374298453437496,False,missing_match
ECOM,0.8,45,inner,bootstrap_OOB,152,38346,True,1,208167531,208167531,True,0.99999018209436,2.0669121399478864e-05,0.9999695129729604,0.5500000000000002,True,correct,0.5500000000000002,True,correct,0.15000000000000002,0.5374298453437496,True,correct
ECOM,0.8,45,inner,bootstrap_OOB,153,36097,True,2,205838157,208131008,True,0.9999709630339758,0.9979036952325973,0.0020672678013785,0.5500000000000002,True,correct,0.5500000000000002,True,correct,0.15000000000000002,0.5374298453437496,True,correct
ECOM,0.8,45,inner,bootstrap_OOB,154,36052,True,1,90142591,90142591,True,0.9999885172574672,3.033892990686276e-05,0.9999581783275604,0.5500000000000002,True,correct,0.5500000000000002,True,correct,0.15000000000000002,0.5374298453437496,True,correct
ECOM,0.8,45,inner,bootstrap_OOB,155,34127,True,1,203165922,203165922,True,0.9999509552117212,0.0084814249083669,0.9914695303033542,0.5500000000000002,True,correct,0.5500000000000002,True,correct,0.15000000000000002,0.5374298453437496,True,correct
ECOM,0.8,45,inner,bootstrap_OOB,156,24368,True,1,202899996,202899996,True,0.999977194001648,0.0001034865607972,0.9998737074408508,0.5500000000000002,True,correct,0.5500000000000002,True,correct,0.15000000000000002,0.5374298453437496,True,correct
ECOM,0.8,45,inner,bootstrap_OOB,157,34363,True,1,206892902,206892902,True,0.9991567404143809,9.16875414609943e-06,0.9991475716602346,0.5500000000000002,True,correct,0.5500000000000002,True,correct,0.15000000000000002,0.5374298453437496,True,correct
ECOM,0.8,45,inner,bootstrap_OOB,158,34001,True,1,209297154,209297154,True,0.0474852564369461,0.0003394716565629,0.0471457847803831,0.5500000000000002,False,missing_match,0.5500000000000002,False,missing_match,0.15000000000000002,0.5374298453437496,False,missing_match
ECOM,0.8,45,inner,bootstrap_OOB,159,34981,True,1,208504339,208504339,True,0.9999815475380348,0.9999747453592556,6.802178779019563e-06,0.5500000000000002,True,correct,0.5500000000000002,True,correct,0.15000000000000002,0.5374298453437496,True,correct
ECOM,0.8,45,inner,bootstrap_OOB,160,33382,True,1,207910214,207910214,True,0.999989013201137,0.0002642063595623,0.9997248068415746,0.5500000000000002,True,correct,0.5500000000000002,True,correct,0.15000000000000002,0.5374298453437496,True,correct
ECOM,0.8,45,inner,bootstrap_OOB,161,23864,True,1,204636071,204636071,True,0.0046464484077553,5.431323825010309e-05,0.0045921351695052,0.5500000000000002,False,missing_match,0.5500000000000002,False,missing_match,0.15000000000000002,0.5374298453437496,False,missing_match
ECOM,0.8,45,inner,bootstrap_OOB,162,38221,True,1,203343197,203343197,True,0.9999898730806288,0.0002329669801331,0.9997569061004956,0.5500000000000002,True,correct,0.5500000000000002,True,correct,0.15000000000000002,0.5374298453437496,True,correct
ECOM,0.8,45,inner,bootstrap_OOB,163,34899,True,1,207959814,207959814,True,0.999985853672676,1.5744017727415974e-05,0.9999701096549484,0.5500000000000002,True,correct,0.5500000000000002,True,correct,0.15000000000000002,0.5374298453437496,True,correct
ECOM,0.8,45,inner,bootstrap_OOB,164,33431,True,1,207390644,207390644,True,0.9999712910227996,9.548969881026007e-06,0.9999617420529188,0.5500000000000002,True,correct,0.5500000000000002,True,correct,0.15000000000000002,0.5374298453437496,True,correct
ECOM,0.8,45,inner,bootstrap_OOB,165,32322,True,1,203405815,203405815,True,0.0093785541106212,8.556391529280068e-05,0.0092929901953284,0.5500000000000002,False,missing_match,0.5500000000000002,False,missing_match,0.15000000000000002,0.5374298453437496,False,missing_match
ECOM,0.8,45,inner,bootstrap_OOB,166,34266,True,1,207900180,207900180,True,0.9999770590866028,1.5814924910580732e-05,0.9999612441616922,0.5500000000000002,True,correct,0.5500000000000002,True,correct,0.15000000000000002,0.5374298453437496,True,correct
ECOM,0.8,45,inner,bootstrap_OOB,167,33219,True,1,205562000,205562000,True,0.9999892079431248,0.0002143334025686,0.999774874540556,0.5500000000000002,True,correct,0.5500000000000002,True,correct,0.15000000000000002,0.5374298453437496,True,correct
ECOM,0.8,45,inner,bootstrap_OOB,168,34959,True,1,207383660,207383660,True,0.0235971573854776,3.3556926812958447e-05,0.0235636004586646,0.5500000000000002,False,missing_match,0.5500000000000002,False,missing_match,0.15000000000000002,0.5374298453437496,False,missing_match
ECOM,0.8,45,inner,bootstrap_OOB,169,16668,True,1,90148258,90148258,True,0.9999356066275964,0.0073132145388998,0.9926223920886966,0.5500000000000002,True,correct,0.5500000000000002,True,correct,0.15000000000000002,0.5374298453437496,True,correct
ECOM,0.8,45,inner,bootstrap_OOB,170,36161,True,1,208171631,208171631,True,0.9999858012991224,0.0001043591156933,0.9998814421834292,0.5500000000000002,True,correct,0.5500000000000002,True,correct,0.15000000000000002,0.5374298453437496,True,correct
ECOM,0.8,45,inner,bootstrap_OOB,171,36361,True,1,208226689,208226689,True,0.9998526092768864,0.2482008415358088,0.7516517677410774,0.5500000000000002,True,correct,0.5500000000000002,True,correct,0.15000000000000002,0.5374298453437496,True,correct
ECOM,0.8,45,inner,bootstrap_OOB,172,22798,True,1,202143942,202143942,True,0.9999769965188464,0.0001074778017063,0.99986951871714,0.5500000000000002,True,correct,0.5500000000000002,True,correct,0.15000000000000002,0.5374298453437496,True,correct
ECOM,0.8,45,inner,bootstrap_OOB,173,34897,True,1,208504421,208504421,True,0.9999849473570392,0.0006209650870976,0.9993639822699416,0.5500000000000002,True,correct,0.5500000000000002,True,correct,0.15000000000000002,0.5374298453437496,True,correct
ECOM,0.8,45,inner,bootstrap_OOB,174,34002,True,1,208105467,208105467,True,0.9999346900003304,0.003580918427794,0.9963537715725362,0.5500000000000002,True,correct,0.5500000000000002,True,correct,0.15000000000000002,0.5374298453437496,True,correct
ECOM,0.8,45,inner,bootstrap_OOB,175,37808,True,1,204740188,204740188,True,0.9398599524250476,1.3899824374967995e-05,0.9398460526006728,0.5500000000000002,True,correct,0.5500000000000002,True,correct,0.15000000000000002,0.5374298453437496,True,correct
ECOM,0.8,45,inner,bootstrap_OOB,176,27729,True,1,203379250,203379250,True,0.9999849918493948,0.0223479964267121,0.9776369954226828,0.5500000000000002,True,correct,0.5500000000000002,True,correct,0.15000000000000002,0.5374298453437496,True,correct
ECOM,0.8,45,inner,bootstrap_OOB,177,30808,True,1,204345240,204345240,True,0.9999887263067732,1.5138544033849205e-05,0.9999735877627391,0.5500000000000002,True,correct,0.5500000000000002,True,correct,0.15000000000000002,0.5374298453437496,True,correct
ECOM,0.8,45,inner,bootstrap_OOB,178,30585,True,1,204206934,204206934,True,0.8031034562934516,9.93390750500202e-05,0.8030041172184016,0.5500000000000002,True,correct,0.5500000000000002,True,correct,0.15000000000000002,0.5374298453437496,True,correct
ECOM,0.8,45,inner,bootstrap_OOB,179,33863,True,1,207391013,207391013,True,0.9999889106516292,0.0049639312034696,0.9950249794481596,0.5500000000000002,True,correct,0.5500000000000002,True,correct,0.15000000000000002,0.5374298453437496,True,correct
ECOM,0.8,45,inner,bootstrap_OOB,180,39090,True,1,208504394,208504394,True,0.999981590460678,3.47639681666711e-05,0.9999468264925112,0.5500000000000002,True,correct,0.5500000000000002,True,correct,0.15000000000000002,0.5374298453437496,True,correct
ECOM,0.8,45,inner,bootstrap_OOB,181,37496,True,1,202985950,202985950,True,0.9999607559271624,0.0110262509107268,0.9889345050164356,0.5500000000000002,True,correct,0.5500000000000002,True,correct,0.15000000000000002,0.5374298453437496,True,correct
ECOM,0.8,45,inner,bootstrap_OOB,182,36502,True,1,209306029,209306029,True,0.9999769928550214,2.2945420637466205e-05,0.999954047434384,0.5500000000000002,True,correct,0.5500000000000002,True,correct,0.15000000000000002,0.5374298453437496,True,correct
ECOM,0.8,45,inner,bootstrap_OOB,183,34595,True,1,203199121,203199121,True,0.999985966275031,7.79066101348104e-06,0.9999781756140176,0.5500000000000002,True,correct,0.5500000000000002,True,correct,0.15000000000000002,0.5374298453437496,True,correct
ECOM,0.8,45,inner,bootstrap_OOB,184,20450,True,1,201692660,201692660,True,0.0023346316710127,0.0001186028043486,0.0022160288666641,0.5500000000000002,False,missing_match,0.5500000000000002,False,missing_match,0.15000000000000002,0.5374298453437496,False,missing_match
ECOM,0.8,45,inner,bootstrap_OOB,185,33160,True,1,207390655,207390655,True,0.9999821179280308,0.0026655089393327,0.997316608988698,0.5500000000000002,True,correct,0.5500000000000002,True,correct,0.15000000000000002,0.5374298453437496,True,correct
ECOM,0.8,45,inner,bootstrap_OOB,186,38449,True,1,206576717,206576717,True,0.9999834620643986,0.0207726956578662,0.9792107664065324,0.5500000000000002,True,correct,0.5500000000000002,True,correct,0.15000000000000002,0.5374298453437496,True,correct
ECOM,0.8,45,inner,bootstrap_OOB,187,29007,True,1,204792885,204792885,True,0.9999882053610416,0.0213480916206141,0.9786401137404276,0.5500000000000002,True,correct,0.5500000000000002,True,correct,0.15000000000000002,0.5374298453437496,True,correct
ECOM,0.8,45,inner,bootstrap_OOB,188,32744,True,1,204832843,204832843,True,0.999986325701416,9.094806662731044e-05,0.9998953776347886,0.5500000000000002,True,correct,0.5500000000000002,True,correct,0.15000000000000002,0.5374298453437496,True,correct
ECOM,0.8,45,inner,bootstrap_OOB,189,32033,True,1,204465488,204465488,True,0.9999877841048008,0.0181262949454039,0.981861489159397,0.5500000000000002,True,correct,0.5500000000000002,True,correct,0.15000000000000002,0.5374298453437496,True,correct
ECOM,0.8,45,inner,bootstrap_OOB,190,33921,True,1,207925431,207925431,True,0.9999549196938684,3.6952965131419785e-05,0.999917966728737,0.5500000000000002,True,correct,0.5500000000000002,True,correct,0.15000000000000002,0.5374298453437496,True,correct
ECOM,0.8,45,inner,bootstrap_OOB,191,37110,True,1,209114551,209114551,True,0.9999897735551952,0.0002187074156672,0.999771066139528,0.5500000000000002,True,correct,0.5500000000000002,True,correct,0.15000000000000002,0.5374298453437496,True,correct
ECOM,0.8,45,inner,bootstrap_OOB,192,32488,True,1,206179525,206179525,True,0.9999859005293908,0.0009603496849454,0.9990255508444452,0.5500000000000002,True,correct,0.5500000000000002,True,correct,0.15000000000000002,0.5374298453437496,True,correct
ECOM,0.8,45,inner,bootstrap_OOB,193,20447,True,1,90128026,90128026,True,0.9999890107071584,2.043366240807581e-05,0.9999685770447502,0.5500000000000002,True,correct,0.5500000000000002,True,correct,0.15000000000000002,0.5374298453437496,True,correct
ECOM,0.8,45,inner,bootstrap_OOB,194,36718,True,1,208930723,208930723,True,0.0020311833000645,3.047146939064937e-05,0.0020007118306738,0.5500000000000002,False,missing_match,0.5500000000000002,False,missing_match,0.15000000000000002,0.5374298453437496,False,missing_match
ECOM,0.8,45,inner,bootstrap_OOB,195,29880,True,1,206728281,206728281,True,0.9999255546000796,2.894437677811852e-05,0.9998966102233016,0.5500000000000002,True,correct,0.5500000000000002,True,correct,0.15000000000000002,0.5374298453437496,True,correct
ECOM,0.8,45,inner,bootstrap_OOB,196,33639,True,1,206928608,208791921,False,0.0009312911839642,0.0002031310110765,0.0007281601728877,0.5500000000000002,False,missing_match,0.5500000000000002,False,missing_match,0.15000000000000002,0.5374298453437496,False,missing_match
ECOM,0.8,45,inner,bootstrap_OOB,197,34156,True,1,208289997,208289997,True,0.9999892022913394,0.9256195416073112,0.074369660684028,0.5500000000000002,True,correct,0.5500000000000002,True,correct,0.15000000000000002,0.5374298453437496,True,correct
ECOM,0.8,45,inner,bootstrap_OOB,198,32493,True,1,203324970,203324970,True,0.9999740108653272,2.0571153095573647e-05,0.9999534397122316,0.5500000000000002,True,correct,0.5500000000000002,True,correct,0.15000000000000002,0.5374298453437496,True,correct
ECOM,0.8,45,inner,bootstrap_OOB,199,36381,True,1,208226695,208226695,True,0.9999712965252964,0.0061037061243518,0.9938675904009444,0.5500000000000002,True,correct,0.5500000000000002,True,correct,0.15000000000000002,0.5374298453437496,True,correct
ECOM,0.8,45,inner,bootstrap_OOB,200,38644,True,1,208344063,208344063,True,0.9998003234208273,7.415154090626403e-06,0.9997929082667364,0.5500000000000002,True,correct,0.5500000000000002,True,correct,0.15000000000000002,0.5374298453437496,True,correct
ECOM,0.8,45,inner,bootstrap_OOB,201,25855,True,1,205986339,205986339,True,0.9999849160879029,0.0014727055069907,0.998512210580912,0.5500000000000002,True,correct,0.5500000000000002,True,correct,0.15000000000000002,0.5374298453437496,True,correct
ECOM,0.8,45,inner,bootstrap_OOB,202,38475,True,1,10140760,10140760,True,0.9999850691954668,0.0004796996814912,0.9995053695139756,0.5500000000000002,True,correct,0.5500000000000002,True,correct,0.15000000000000002,0.5374298453437496,True,correct
ECOM,0.8,45,inner,bootstrap_OOB,203,37477,True,1,209634135,209634135,True,0.9999903669366472,0.9999231187913344,6.724814531289258e-05,0.5500000000000002,True,correct,0.5500000000000002,True,correct,0.15000000000000002,0.5374298453437496,True,correct
ECOM,0.8,45,inner,bootstrap_OOB,204,17220,True,1,90141074,90141074,True,0.0224072432369382,1.1093833293506202e-05,0.0223961494036447,0.5500000000000002,False,missing_match,0.5500000000000002,False,missing_match,0.15000000000000002,0.5374298453437496,False,missing_match
ECOM,0.8,45,inner,bootstrap_OOB,205,38796,True,1,209310279,209310279,True,0.9999893303767872,9.659317954702194e-06,0.9999796710588325,0.5500000000000002,True,correct,0.5500000000000002,True,correct,0.15000000000000002,0.5374298453437496,True,correct
ECOM,0.8,45,inner,bootstrap_OOB,206,33537,True,1,206898358,206898358,True,0.9999879644971824,8.914924923716397e-05,0.9998988152479452,0.5500000000000002,True,correct,0.5500000000000002,True,correct,0.15000000000000002,0.5374298453437496,True,correct
ECOM,0.8,45,inner,bootstrap_OOB,207,31374,True,1,208455792,208455792,True,0.9999686015319228,0.9971150836619735,0.0028535178699491,0.5500000000000002,True,correct,0.5500000000000002,True,correct,0.15000000000000002,0.5374298453437496,True,correct
ECOM,0.8,45,inner,bootstrap_OOB,208,26445,True,1,203407043,203407043,True,0.9999209615093516,0.0016853741660132,0.9982355873433384,0.5500000000000002,True,correct,0.5500000000000002,True,correct,0.15000000000000002,0.5374298453437496,True,correct
ECOM,0.8,45,inner,bootstrap_OOB,209,28256,True,1,204563763,204563763,True,0.9999856331370914,4.718971039246075e-05,0.999938443426699,0.5500000000000002,True,correct,0.5500000000000002,True,correct,0.15000000000000002,0.5374298453437496,True,correct
ECOM,0.8,45,inner,bootstrap_OOB,210,33271,True,1,206808431,206808431,True,0.9999892910177802,8.677633063744898e-05,0.9999025146871428,0.5500000000000002,True,correct,0.5500000000000002,True,correct,0.15000000000000002,0.5374298453437496,True,correct
ECOM,0.8,45,inner,bootstrap_OOB,211,35485,True,1,206901613,206901613,True,0.9999587669250438,2.931134289035933e-05,0.9999294555821534,0.5500000000000002,True,correct,0.5500000000000002,True,correct,0.15000000000000002,0.5374298453437496,True,correct
ECOM,0.8,45,inner,bootstrap_OOB,212,29758,True,1,201953029,201953029,True,0.9993712144825124,0.1145917560788214,0.8847794584036911,0.5500000000000002,True,correct,0.5500000000000002,True,correct,0.15000000000000002,0.5374298453437496,True,correct
ECOM,0.8,45,inner,bootstrap_OOB,213,35748,True,1,210435439,210435439,True,0.999990355317636,0.0002657248779763,0.9997246304396596,0.5500000000000002,True,correct,0.5500000000000002,True,correct,0.15000000000000002,0.5374298453437496,True,correct
ECOM,0.8,45,inner,bootstrap_OOB,214,36458,True,1,208237795,208237795,True,0.9997538863838236,5.757687531387697e-05,0.9996963095085096,0.5500000000000002,True,correct,0.5500000000000002,True,correct,0.15000000000000002,0.5374298453437496,True,correct
ECOM,0.8,45,inner,bootstrap_OOB,215,22382,True,1,90131941,90131941,True,0.9999878301047552,0.0001269111794231,0.999860918925332,0.5500000000000002,True,correct,0.5500000000000002,True,correct,0.15000000000000002,0.5374298453437496,True,correct
ECOM,0.8,45,inner,bootstrap_OOB,216,36988,True,1,209253739,209253739,True,0.9999852113309052,0.000604462469406,0.9993807488614992,0.5500000000000002,True,correct,0.5500000000000002,True,correct,0.15000000000000002,0.5374298453437496,True,correct
ECOM,0.8,45,inner,bootstrap_OOB,217,35060,True,1,207653535,203389382,False,0.0403844579347226,0.0109204471594086,0.029464010775314,0.5500000000000002,False,missing_match,0.5500000000000002,False,missing_match,0.15000000000000002,0.5374298453437496,False,missing_match
ECOM,0.8,45,inner,bootstrap_OOB,218,32563,True,1,206615085,206615085,True,0.9999911282903468,0.0001637928187392,0.9998273354716076,0.5500000000000002,True,correct,0.5500000000000002,True,correct,0.15000000000000002,0.5374298453437496,True,correct
ECOM,0.8,45,inner,bootstrap_OOB,219,29238,True,1,204206937,204206937,True,0.9999827600772486,0.0003292449647317,0.9996535151125168,0.5500000000000002,True,correct,0.5500000000000002,True,correct,0.15000000000000002,0.5374298453437496,True,correct
ECOM,0.8,45,inner,bootstrap_OOB,220,36454,True,1,208237793,208237793,True,0.9997373918812652,0.0001097979055545,0.9996275939757104,0.5500000000000002,True,correct,0.5500000000000002,True,correct,0.15000000000000002,0.5374298453437496,True,correct
ECOM,0.8,45,inner,bootstrap_OOB,221,9355,True,1,203151776,206725198,False,0.0093288420034454,0.0020424683188139,0.0072863736846314,0.5500000000000002,False,missing_match,0.5500000000000002,False,missing_match,0.15000000000000002,0.5374298453437496,False,missing_match
ECOM,0.8,45,inner,bootstrap_OOB,222,25857,True,1,202870177,202870171,False,0.9979259849843016,0.925190593664524,0.0727353913197776,0.5500000000000002,True,false_link,0.5500000000000002,True,false_link,0.15000000000000002,0.5374298453437496,True,false_link
ECOM,0.8,45,inner,bootstrap_OOB,223,34016,True,1,208042911,208042911,True,0.9999884238316046,0.0002792857460245,0.99970913808558,0.5500000000000002,True,correct,0.5500000000000002,True,correct,0.15000000000000002,0.5374298453437496,True,correct
ECOM,0.8,45,inner,bootstrap_OOB,224,34379,True,1,208112355,208112355,True,0.9998996267416036,0.0001126393770163,0.9997869873645872,0.5500000000000002,True,correct,0.5500000000000002,True,correct,0.15000000000000002,0.5374298453437496,True,correct
ECOM,0.8,45,inner,bootstrap_OOB,225,33638,True,1,207659192,207659192,True,0.9999875081004932,0.0001468243053965,0.9998406837950968,0.5500000000000002,True,correct,0.5500000000000002,True,correct,0.15000000000000002,0.5374298453437496,True,correct
ECOM,0.8,45,inner,bootstrap_OOB,226,35591,True,1,208171946,208171946,True,0.9999863147428822,1.2834045706900688e-05,0.9999734806971752,0.5500000000000002,True,correct,0.5500000000000002,True,correct,0.15000000000000002,0.5374298453437496,True,correct
ECOM,0.8,45,inner,bootstrap_OOB,227,36102,True,1,90139585,90139585,True,0.9999830223668889,0.0006560682577684,0.9993269541091202,0.5500000000000002,True,correct,0.5500000000000002,True,correct,0.15000000000000002,0.5374298453437496,True,correct
ECOM,0.8,45,inner,bootstrap_OOB,228,34963,True,1,208114682,208114682,True,0.9809265734322192,0.1004059550062119,0.8805206184260074,0.5500000000000002,True,correct,0.5500000000000002,True,correct,0.15000000000000002,0.5374298453437496,True,correct
ECOM,0.8,45,inner,bootstrap_OOB,229,37421,True,1,209896693,209896693,True,0.9999788370620554,1.0438678270682938e-05,0.9999683983837848,0.5500000000000002,True,correct,0.5500000000000002,True,correct,0.15000000000000002,0.5374298453437496,True,correct
ECOM,0.8,45,inner,bootstrap_OOB,230,33582,True,1,207388758,207876534,False,0.9999854637043436,0.9999800944957218,5.36920862170831e-06,0.5500000000000002,True,false_link,0.5500000000000002,True,false_link,0.15000000000000002,0.5374298453437496,True,false_link
ECOM,0.8,45,inner,bootstrap_OOB,231,34948,True,1,208114675,208114681,False,0.5977023110141346,0.5533589432652901,0.0443433677488445,0.5500000000000002,True,false_link,0.5500000000000002,True,false_link,0.15000000000000002,0.5374298453437496,True,false_link
ECOM,0.8,45,inner,bootstrap_OOB,232,33175,True,1,207542598,207542598,True,0.9999839127583452,0.0001235706086711,0.999860342149674,0.5500000000000002,True,correct,0.5500000000000002,True,correct,0.15000000000000002,0.5374298453437496,True,correct
ECOM,0.8,45,inner,bootstrap_OOB,233,37231,True,1,209114390,209114390,True,0.9999825350235456,1.1708937521066348e-05,0.9999708260860246,0.5500000000000002,True,correct,0.5500000000000002,True,correct,0.15000000000000002,0.5374298453437496,True,correct
ECOM,0.8,45,inner,bootstrap_OOB,234,37934,True,1,208710844,208710844,True,0.9999841798407524,0.0001631260438237,0.9998210537969284,0.5500000000000002,True,correct,0.5500000000000002,True,correct,0.15000000000000002,0.5374298453437496,True,correct
ECOM,0.8,45,inner,bootstrap_OOB,235,39088,True,1,205074757,205074757,True,0.9999864712116928,2.0600875861398236e-05,0.9999658703358312,0.5500000000000002,True,correct,0.5500000000000002,True,correct,0.15000000000000002,0.5374298453437496,True,correct
ECOM,0.8,45,inner,bootstrap_OOB,236,33508,True,1,206928380,206928380,True,0.999582127321882,1.1805520899050505e-05,0.9995703218009828,0.5500000000000002,True,correct,0.5500000000000002,True,correct,0.15000000000000002,0.5374298453437496,True,correct
ECOM,0.8,45,inner,bootstrap_OOB,237,31635,True,1,206460118,206460118,True,0.9994620497724196,9.12942438873099e-05,0.9993707555285324,0.5500000000000002,True,correct,0.5500000000000002,True,correct,0.15000000000000002,0.5374298453437496,True,correct
ECOM,0.8,45,inner,bootstrap_OOB,238,33044,True,1,203514305,203514305,True,0.999929028868565,0.0013714638928744,0.9985575649756906,0.5500000000000002,True,correct,0.5500000000000002,True,correct,0.15000000000000002,0.5374298453437496,True,correct
ECOM,0.8,45,inner,bootstrap_OOB,239,37807,True,1,207682397,207682397,True,0.9999899283931072,0.0001160216345364,0.9998739067585708,0.5500000000000002,True,correct,0.5500000000000002,True,correct,0.15000000000000002,0.5374298453437496,True,correct
ECOM,0.8,45,inner,bootstrap_OOB,240,33630,True,1,207659194,207659194,True,0.9999874927947616,5.2927239564926216e-05,0.9999345655551968,0.5500000000000002,True,correct,0.5500000000000002,True,correct,0.15000000000000002,0.5374298453437496,True,correct
ECOM,0.8,45,inner,bootstrap_OOB,241,30591,True,1,204849801,204849801,True,0.9999898790569716,7.802318734825171e-05,0.9999118558696234,0.5500000000000002,True,correct,0.5500000000000002,True,correct,0.15000000000000002,0.5374298453437496,True,correct
ECOM,0.8,45,inner,bootstrap_OOB,242,28340,True,1,208456215,205664972,False,0.0018825138039151,0.0001401493736124,0.0017423644303027,0.5500000000000002,False,missing_match,0.5500000000000002,False,missing_match,0.15000000000000002,0.5374298453437496,False,missing_match
ECOM,0.8,45,inner,bootstrap_OOB,243,31273,True,1,203086857,203086857,True,0.9999871027051404,3.565611428893509e-05,0.9999514465908516,0.5500000000000002,True,correct,0.5500000000000002,True,correct,0.15000000000000002,0.5374298453437496,True,correct
ECOM,0.8,45,inner,bootstrap_OOB,244,29133,True,1,206887553,206887553,True,0.9999815557893296,0.0013192677510261,0.9986622880383036,0.5500000000000002,True,correct,0.5500000000000002,True,correct,0.15000000000000002,0.5374298453437496,True,correct
ECOM,0.8,45,inner,bootstrap_OOB,245,32017,True,1,202916547,202916547,True,0.999975273439504,1.2979112326368098e-05,0.9999622943271778,0.5500000000000002,True,correct,0.5500000000000002,True,correct,0.15000000000000002,0.5374298453437496,True,correct
ECOM,0.8,45,inner,bootstrap_OOB,246,26622,True,1,203201062,203201062,True,0.9999885470811504,3.837086303266367e-05,0.9999501762181175,0.5500000000000002,True,correct,0.5500000000000002,True,correct,0.15000000000000002,0.5374298453437496,True,correct
ECOM,0.8,45,inner,bootstrap_OOB,247,36258,True,1,10376165,10376165,True,0.0016595891956784,1.7204906174006563e-05,0.0016423842895044,0.5500000000000002,False,missing_match,0.5500000000000002,False,missing_match,0.15000000000000002,0.5374298453437496,False,missing_match
ECOM,0.8,45,inner,bootstrap_OOB,248,38483,True,1,210259873,210259873,True,0.9999888918006424,0.973796886253315,0.0261920055473275,0.5500000000000002,True,correct,0.5500000000000002,True,correct,0.15000000000000002,0.5374298453437496,True,correct
ECOM,0.8,45,inner,bootstrap_OOB,249,33177,True,1,207390617,207390617,True,0.9999820151258704,4.908048712605552e-05,0.9999329346387444,0.5500000000000002,True,correct,0.5500000000000002,True,correct,0.15000000000000002,0.5374298453437496,True,correct
ECOM,0.8,45,inner,bootstrap_OOB,250,34361,True,1,207642497,207642497,True,0.9999888023832324,0.0001100075052278,0.9998787948780048,0.5500000000000002,True,correct,0.5500000000000002,True,correct,0.15000000000000002,0.5374298453437496,True,correct
ECOM,0.8,45,inner,bootstrap_OOB,251,33962,True,1,207391022,207391022,True,0.9999659870561128,0.0001496800390648,0.999816307017048,0.5500000000000002,True,correct,0.5500000000000002,True,correct,0.15000000000000002,0.5374298453437496,True,correct
ECOM,0.8,45,inner,bootstrap_OOB,252,38880,True,1,210634626,210634626,True,0.999976355494428,0.380589257642536,0.6193870978518918,0.5500000000000002,True,correct,0.5500000000000002,True,correct,0.15000000000000002,0.5374298453437496,True,correct
ECOM,0.8,45,inner,bootstrap_OOB,253,19112,True,1,90148541,90148541,True,0.999963190253056,0.0068165775228561,0.9931466127302,0.5500000000000002,True,correct,0.5500000000000002,True,correct,0.15000000000000002,0.5374298453437496,True,correct
ECOM,0.8,45,inner,bootstrap_OOB,254,27985,True,1,204740191,204740191,True,0.9999875081362324,9.68014050741698e-06,0.9999778279957248,0.5500000000000002,True,correct,0.5500000000000002,True,correct,0.15000000000000002,0.5374298453437496,True,correct
ECOM,0.8,45,inner,bootstrap_OOB,255,35231,True,1,208114686,208114681,False,0.3445934275958352,0.2544826641290544,0.0901107634667808,0.5500000000000002,False,missing_match,0.5500000000000002,False,missing_match,0.15000000000000002,0.5374298453437496,False,missing_match
ECOM,0.8,45,inner,bootstrap_OOB,256,20459,True,1,201953025,201953025,True,0.9999858084874372,0.9058501598925434,0.0941356485948938,0.5500000000000002,True,correct,0.5500000000000002,True,correct,0.15000000000000002,0.5374298453437496,True,correct
ECOM,0.8,45,inner,bootstrap_OOB,257,28148,True,1,203131413,203131413,True,0.0483144368257853,0.0117855540864529,0.0365288827393323,0.5500000000000002,False,missing_match,0.5500000000000002,False,missing_match,0.15000000000000002,0.5374298453437496,False,missing_match
ECOM,0.8,45,inner,bootstrap_OOB,258,34442,True,1,208455894,208455894,True,0.999957146448354,0.0005662093614799,0.9993909370868742,0.5500000000000002,True,correct,0.5500000000000002,True,correct,0.15000000000000002,0.5374298453437496,True,correct
ECOM,0.8,45,inner,bootstrap_OOB,259,34941,True,1,208504307,208504307,True,0.9999871838846328,0.5848192968564798,0.4151678870281531,0.5500000000000002,True,correct,0.5500000000000002,True,correct,0.15000000000000002,0.5374298453437496,True,correct
ECOM,0.8,45,inner,bootstrap_OOB,260,34278,True,1,207934190,207934190,True,0.9999816855803624,2.275896034371192e-05,0.9999589266200184,0.5500000000000002,True,correct,0.5500000000000002,True,correct,0.15000000000000002,0.5374298453437496,True,correct
ECOM,0.8,45,inner,bootstrap_OOB,261,14033,True,1,90105156,90105156,True,7.629991112293529e-05,4.0559673258708734e-05,3.574023786422655e-05,0.5500000000000002,False,missing_match,0.5500000000000002,False,missing_match,0.15000000000000002,0.5374298453437496,False,missing_match
ECOM,0.8,45,inner,bootstrap_OOB,262,18087,True,1,203150909,203150909,True,0.9999763625285524,3.981930971878232e-05,0.9999365432188336,0.5500000000000002,True,correct,0.5500000000000002,True,correct,0.15000000000000002,0.5374298453437496,True,correct
ECOM,0.8,45,inner,bootstrap_OOB,263,34150,True,1,207514563,207514563,True,0.9999837824731596,5.922813975421635e-05,0.9999245543334052,0.5500000000000002,True,correct,0.5500000000000002,True,correct,0.15000000000000002,0.5374298453437496,True,correct
ECOM,0.8,45,inner,bootstrap_OOB,264,35165,True,1,208117924,208117924,True,0.3021218986287485,0.0300021483451168,0.2721197502836316,0.5500000000000002,False,missing_match,0.5500000000000002,False,missing_match,0.15000000000000002,0.5374298453437496,False,missing_match
ECOM,0.8,45,inner,bootstrap_OOB,265,36305,True,1,202899626,202899626,True,0.9999857756569084,7.753012127454792e-05,0.9999082455356338,0.5500000000000002,True,correct,0.5500000000000002,True,correct,0.15000000000000002,0.5374298453437496,True,correct
ECOM,0.8,45,inner,bootstrap_OOB,266,35034,True,1,208504369,208504369,True,0.9999895096572872,3.069209536837334e-05,0.999958817561919,0.5500000000000002,True,correct,0.5500000000000002,True,correct,0.15000000000000002,0.5374298453437496,True,correct
ECOM,0.8,45,inner,bootstrap_OOB,267,38550,True,1,208296017,208296017,True,0.9999891318757484,7.042820333869135e-05,0.9999187036724098,0.5500000000000002,True,correct,0.5500000000000002,True,correct,0.15000000000000002,0.5374298453437496,True,correct
ECOM,0.8,45,inner,bootstrap_OOB,268,22101,True,1,201953039,201953039,True,0.999980308865943,0.9994522785351836,0.0005280303307593,0.5500000000000002,True,correct,0.5500000000000002,True,correct,0.15000000000000002,0.5374298453437496,True,correct
ECOM,0.8,45,inner,bootstrap_OOB,269,34000,True,1,207934192,207934192,True,0.999974211067974,0.9999211996238916,5.301144408231817e-05,0.5500000000000002,True,correct,0.5500000000000002,True,correct,0.15000000000000002,0.5374298453437496,True,correct
ECOM,0.8,45,inner,bootstrap_OOB,270,38400,True,1,209208547,209208547,True,0.9999857657101424,4.888709846826397e-05,0.999936878611674,0.5500000000000002,True,correct,0.5500000000000002,True,correct,0.15000000000000002,0.5374298453437496,True,correct
ECOM,0.8,45,inner,bootstrap_OOB,271,33966,True,1,205561996,205561996,True,0.9999895025918976,7.088739483475867e-05,0.9999186151970628,0.5500000000000002,True,correct,0.5500000000000002,True,correct,0.15000000000000002,0.5374298453437496,True,correct
ECOM,0.8,45,inner,bootstrap_OOB,272,39176,True,1,10380060,10380060,True,0.0002811658089026,2.5053835355072704e-05,0.0002561119735475,0.5500000000000002,False,missing_match,0.5500000000000002,False,missing_match,0.15000000000000002,0.5374298453437496,False,missing_match
ECOM,0.8,45,inner,bootstrap_OOB,273,36705,True,1,208930722,208930722,True,0.999959911695432,3.1014421977484386e-05,0.9999288972734546,0.5500000000000002,True,correct,0.5500000000000002,True,correct,0.15000000000000002,0.5374298453437496,True,correct
ECOM,0.8,45,inner,bootstrap_OOB,274,32630,True,1,207554111,207554111,True,0.9999886513802856,3.021431351427683e-05,0.9999584370667712,0.5500000000000002,True,correct,0.5500000000000002,True,correct,0.15000000000000002,0.5374298453437496,True,correct
ECOM,0.8,45,inner,bootstrap_OOB,275,38826,True,1,208294970,206725198,False,0.007310985535106,0.0008626258408371,0.0064483596942689,0.5500000000000002,False,missing_match,0.5500000000000002,False,missing_match,0.15000000000000002,0.5374298453437496,False,missing_match
ECOM,0.8,45,inner,bootstrap_OOB,276,19631,True,1,202812646,207390309,False,9.574942039941284e-05,6.396398337839004e-05,3.178543702102281e-05,0.5500000000000002,False,missing_match,0.5500000000000002,False,missing_match,0.15000000000000002,0.5374298453437496,False,missing_match
ECOM,0.8,45,inner,bootstrap_OOB,277,37198,True,1,209656957,209656957,True,0.9999887998627616,0.000132980673946,0.9998558191888156,0.5500000000000002,True,correct,0.5500000000000002,True,correct,0.15000000000000002,0.5374298453437496,True,correct
ECOM,0.8,45,inner,bootstrap_OOB,278,17094,True,1,203151930,201959840,False,0.9991825510295532,0.0011592385766156,0.9980233124529376,0.5500000000000002,True,false_link,0.5500000000000002,True,false_link,0.15000000000000002,0.5374298453437496,True,false_link
ECOM,0.8,45,inner,bootstrap_OOB,279,38957,True,1,207535265,207535265,True,0.9999799806340488,1.3688898859036004e-05,0.99996629173519,0.5500000000000002,True,correct,0.5500000000000002,True,correct,0.15000000000000002,0.5374298453437496,True,correct
ECOM,0.8,45,inner,bootstrap_OOB,280,29892,True,1,208715736,208715736,True,0.9999757555212326,3.7399058455505273e-05,0.9999383564627772,0.5500000000000002,True,correct,0.5500000000000002,True,correct,0.15000000000000002,0.5374298453437496,True,correct
ECOM,0.8,45,inner,bootstrap_OOB,281,37192,True,1,209656955,209656955,True,0.9999881515627326,4.008490227326072e-05,0.9999480666604592,0.5500000000000002,True,correct,0.5500000000000002,True,correct,0.15000000000000002,0.5374298453437496,True,correct
ECOM,0.8,45,inner,bootstrap_OOB,282,20458,True,1,201953021,201953021,True,0.9999877957723684,0.9981048594256824,0.0018829363466857,0.5500000000000002,True,correct,0.5500000000000002,True,correct,0.15000000000000002,0.5374298453437496,True,correct
ECOM,0.8,45,inner,bootstrap_OOB,283,25814,True,1,202973396,202973396,True,0.9995993274190188,6.692514608637721e-05,0.9995324022729324,0.5500000000000002,True,correct,0.5500000000000002,True,correct,0.15000000000000002,0.5374298453437496,True,correct
ECOM,0.8,45,inner,bootstrap_OOB,284,18516,True,1,202045875,202045875,True,0.999948638617014,0.8397711685567161,0.160177470060298,0.5500000000000002,True,correct,0.5500000000000002,True,correct,0.15000000000000002,0.5374298453437496,True,correct
ECOM,0.8,45,inner,bootstrap_OOB,285,4696,True,1,90049928,90049928,True,0.9999794208805448,8.112313676086309e-06,0.9999713085668688,0.5500000000000002,True,correct,0.5500000000000002,True,correct,0.15000000000000002,0.5374298453437496,True,correct
ECOM,0.8,45,inner,bootstrap_OOB,286,34880,True,1,207929461,208893644,False,0.9999760228845108,0.999974683894226,1.3389902847604771e-06,0.5500000000000002,True,false_link,0.5500000000000002,True,false_link,0.15000000000000002,0.5374298453437496,True,false_link
ECOM,0.8,45,inner,bootstrap_OOB,287,37340,True,1,208890876,208890876,True,0.5291708854025655,3.605394336673073e-05,0.5291348314591988,0.5500000000000002,False,missing_match,0.5500000000000002,False,missing_match,0.15000000000000002,0.5374298453437496,False,missing_match
ECOM,0.8,45,inner,bootstrap_OOB,288,37010,True,1,210399855,208186248,False,0.0071672288965614,7.446528016068174e-05,0.0070927636164007,0.5500000000000002,False,missing_match,0.5500000000000002,False,missing_match,0.15000000000000002,0.5374298453437496,False,missing_match
ECOM,0.8,45,inner,bootstrap_OOB,289,38944,True,1,201965217,201965217,True,0.9999895496977826,5.5683307336630926e-05,0.999933866390446,0.5500000000000002,True,correct,0.5500000000000002,True,correct,0.15000000000000002,0.5374298453437496,True,correct
ECOM,0.8,45,inner,bootstrap_OOB,290,6742,True,1,202845629,202845629,True,0.9999859533272992,9.632475420760116e-06,0.9999763208518786,0.5500000000000002,True,correct,0.5500000000000002,True,correct,0.15000000000000002,0.5374298453437496,True,correct
ECOM,0.8,45,inner,bootstrap_OOB,291,33047,True,1,201692665,201692677,False,0.9942555029103464,0.0471040988504634,0.9471514040598829,0.5500000000000002,True,false_link,0.5500000000000002,True,false_link,0.15000000000000002,0.5374298453437496,True,false_link
ECOM,0.8,45,inner,bootstrap_OOB,292,21875,True,1,201700823,201700823,True,0.9999700485566724,0.0001119719877647,0.9998580765689076,0.5500000000000002,True,correct,0.5500000000000002,True,correct,0.15000000000000002,0.5374298453437496,True,correct
ECOM,0.8,45,inner,bootstrap_OOB,293,28971,True,1,204679144,204679144,True,0.9999854859092596,0.0032943396730856,0.996691146236174,0.5500000000000002,True,correct,0.5500000000000002,True,correct,0.15000000000000002,0.5374298453437496,True,correct
ECOM,0.8,45,inner,bootstrap_OOB,294,35981,True,1,207539418,207539418,True,0.9999874221512992,1.3667310582193264e-05,0.9999737548407172,0.5500000000000002,True,correct,0.5500000000000002,True,correct,0.15000000000000002,0.5374298453437496,True,correct
ECOM,0.8,45,inner,bootstrap_OOB,295,33157,True,1,207390654,207390654,True,0.9999602797527016,0.0004024940635015,0.9995577856892,0.5500000000000002,True,correct,0.5500000000000002,True,correct,0.15000000000000002,0.5374298453437496,True,correct
ECOM,0.8,45,inner,bootstrap_OOB,296,34004,True,1,207652055,207652055,True,0.9999805257196752,2.6286001042284144e-05,0.9999542397186332,0.5500000000000002,True,correct,0.5500000000000002,True,correct,0.15000000000000002,0.5374298453437496,True,correct
ECOM,0.8,45,inner,bootstrap_OOB,297,37052,True,1,208941076,208941076,True,0.9999636010037836,0.0227859656586727,0.9771776353451108,0.5500000000000002,True,correct,0.5500000000000002,True,correct,0.15000000000000002,0.5374298453437496,True,correct
ECOM,0.8,45,inner,bootstrap_OOB,298,38873,True,1,210399907,210399907,True,0.305411987037752,5.6363507245143006e-05,0.3053556235305069,0.5500000000000002,False,missing_match,0.5500000000000002,False,missing_match,0.15000000000000002,0.5374298453437496,False,missing_match
ECOM,0.8,45,inner,bootstrap_OOB,299,34947,True,1,208114673,208114681,False,0.0884059856795521,0.0753015811277705,0.0131044045517815,0.5500000000000002,False,missing_match,0.5500000000000002,False,missing_match,0.15000000000000002,0.5374298453437496,False,missing_match
ECOM,0.8,45,inner,bootstrap_OOB,300,33600,True,1,207388755,207388755,True,0.999983373412364,0.9999811558761552,2.217536208659609e-06,0.5500000000000002,True,correct,0.5500000000000002,True,correct,0.15000000000000002,0.5374298453437496,True,correct
ECOM,0.8,45,inner,bootstrap_OOB,301,35415,True,1,206827757,206827757,True,0.9999895381307324,0.0016026610755873,0.998386877055145,0.5500000000000002,True,correct,0.5500000000000002,True,correct,0.15000000000000002,0.5374298453437496,True,correct
ECOM,0.8,45,inner,bootstrap_OOB,302,35530,True,1,210252184,210252184,True,0.999979806664672,0.0001254179744613,0.9998543886902108,0.5500000000000002,True,correct,0.5500000000000002,True,correct,0.15000000000000002,0.5374298453437496,True,correct
ECOM,0.8,45,inner,bootstrap_OOB,303,18970,True,1,202045862,202045862,True,0.9996462952885472,5.96767075059712e-05,0.9995866185810413,0.5500000000000002,True,correct,0.5500000000000002,True,correct,0.15000000000000002,0.5374298453437496,True,correct
ECOM,0.8,45,inner,bootstrap_OOB,304,34640,True,1,206120294,206120294,True,0.9999878997725542,1.4372371811222978e-05,0.999973527400743,0.5500000000000002,True,correct,0.5500000000000002,True,correct,0.15000000000000002,0.5374298453437496,True,correct
ECOM,0.8,45,inner,bootstrap_OOB,305,27853,True,1,202985798,202985798,True,0.9999840765206914,0.0002554451643615,0.99972863135633,0.5500000000000002,True,correct,0.5500000000000002,True,correct,0.15000000000000002,0.5374298453437496,True,correct
ECOM,0.8,45,inner,bootstrap_OOB,306,36033,True,1,202861078,202861078,True,0.9999851360678258,0.0003452188060548,0.9996399172617708,0.5500000000000002,True,correct,0.5500000000000002,True,correct,0.15000000000000002,0.5374298453437496,True,correct
ECOM,0.8,45,inner,bootstrap_OOB,307,38800,True,1,207654105,207654105,True,0.999890838285854,0.99629434595382,0.003596492332034,0.5500000000000002,True,correct,0.5500000000000002,True,correct,0.15000000000000002,0.5374298453437496,True,correct
ECOM,0.8,45,inner,bootstrap_OOB,308,33510,True,1,205516750,205516750,True,8.669221551552725e-05,8.287379370302204e-06,7.840483614522504e-05,0.5500000000000002,False,missing_match,0.5500000000000002,False,missing_match,0.15000000000000002,0.5374298453437496,False,missing_match
ECOM,0.8,45,inner,bootstrap_OOB,309,28982,True,1,204559208,204559208,True,0.9999890579126122,0.0013126188503328,0.9986764390622792,0.5500000000000002,True,correct,0.5500000000000002,True,correct,0.15000000000000002,0.5374298453437496,True,correct
ECOM,0.8,45,inner,bootstrap_OOB,310,34552,True,1,208504187,208504187,True,0.9999847024255882,1.5800648657428983e-05,0.9999689017769308,0.5500000000000002,True,correct,0.5500000000000002,True,correct,0.15000000000000002,0.5374298453437496,True,correct
ECOM,0.8,45,inner,bootstrap_OOB,311,38640,True,1,209890560,209890560,True,0.999984498366876,7.359372116571073e-06,0.9999771389947592,0.5500000000000002,True,correct,0.5500000000000002,True,correct,0.15000000000000002,0.5374298453437496,True,correct
ECOM,0.8,45,inner,bootstrap_OOB,312,28980,True,1,204559211,204559211,True,0.9999891149372716,0.9999546988741056,3.4416063166009536e-05,0.5500000000000002,True,correct,0.5500000000000002,True,correct,0.15000000000000002,0.5374298453437496,True,correct
ECOM,0.8,45,inner,bootstrap_OOB,313,34009,True,1,207595882,207595882,True,0.9999849758106374,2.773030094084278e-05,0.9999572455096966,0.5500000000000002,True,correct,0.5500000000000002,True,correct,0.15000000000000002,0.5374298453437496,True,correct
ECOM,0.8,45,inner,bootstrap_OOB,314,34065,True,1,207643194,207643194,True,0.9999761140140804,0.3839908255315595,0.6159852884825208,0.5500000000000002,True,correct,0.5500000000000002,True,correct,0.15000000000000002,0.5374298453437496,True,correct
ECOM,0.8,45,inner,bootstrap_OOB,315,9314,True,1,90138520,90138520,True,0.0437320312684367,9.856190463866782e-06,0.0437221750779728,0.5500000000000002,False,missing_match,0.5500000000000002,False,missing_match,0.15000000000000002,0.5374298453437496,False,missing_match
ECOM,0.8,45,inner,bootstrap_OOB,316,34091,True,1,207686156,207686156,True,0.999988061447911,9.95208341383666e-05,0.9998885406137726,0.5500000000000002,True,correct,0.5500000000000002,True,correct,0.15000000000000002,0.5374298453437496,True,correct
ECOM,0.8,45,inner,bootstrap_OOB,317,25364,True,1,203201060,203201060,True,0.999987764657399,0.0002367810544688,0.9997509836029302,0.5500000000000002,True,correct,0.5500000000000002,True,correct,0.15000000000000002,0.5374298453437496,True,correct
ECOM,0.8,45,inner,bootstrap_OOB,318,34260,True,1,207390507,207390507,True,0.0009426424768215,4.072524761320065e-05,0.0009019172292083,0.5500000000000002,False,missing_match,0.5500000000000002,False,missing_match,0.15000000000000002,0.5374298453437496,False,missing_match
ECOM,0.8,45,inner,bootstrap_OOB,319,32688,True,1,208033808,208033808,True,0.9929376094152972,2.060356755586788e-05,0.9929170058477412,0.5500000000000002,True,correct,0.5500000000000002,True,correct,0.15000000000000002,0.5374298453437496,True,correct
