record_index,ida,has_true_match,n_valid_matches,ft_lr_top1_idb,ft_lr_top1_score,ft_lr_top2_score,ft_lr_gap,ft_lr_threshold,ft_lr_declared,ft_lr_category,dataset,seed,ce_direct_declared,ce_direct_category
0,32889,True,1,208085178,0.4151412173602133,0.1686101240316054,0.2465310933286079,0.40000000000000013,True,correct,ECOM,42,True,correct
1,33936,True,1,207391019,0.8439571110369359,0.1230452302532499,0.7209118807836861,0.40000000000000013,True,correct,ECOM,42,True,correct
2,35175,True,1,209297205,0.03522344860160584,0.0108141639632743,0.024409284638331537,0.40000000000000013,False,missing_match,ECOM,42,False,missing_match
3,34126,True,1,203166120,0.8224068409983271,0.7827753889483449,0.039631452049982197,0.40000000000000013,True,correct,ECOM,42,True,correct
4,38773,True,1,210441166,0.7827102843052697,0.07417057251873871,0.708539711786531,0.40000000000000013,True,correct,ECOM,42,True,correct
5,34301,True,1,206615080,0.9585527913049968,0.897404649926195,0.06114814137880187,0.40000000000000013,True,correct,ECOM,42,True,correct
6,38096,True,1,207391434,0.9721622634387785,0.05969267364606779,0.9124695897927108,0.40000000000000013,True,correct,ECOM,42,True,correct
7,38106,True,1,202026554,0.9624691168807188,0.2232620893624909,0.7392070275182279,0.40000000000000013,True,correct,ECOM,42,True,correct
8,38957,True,1,207535265,0.4921353737686074,0.022610444413091034,0.4695249293555164,0.40000000000000013,True,correct,ECOM,42,False,missing_match
9,37211,True,1,209310260,0.5720018206553654,0.10808433030744136,0.46391749034792407,0.40000000000000013,True,correct,ECOM,42,True,correct
10,38735,True,1,203329570,0.7867234724059476,0.4060119810191141,0.3807114913868335,0.40000000000000013,True,correct,ECOM,42,True,correct
11,34092,True,2,207679756,0.9582950822305895,0.8041607189393845,0.154134363291205,0.40000000000000013,True,correct,ECOM,42,True,correct
12,34476,True,1,206888012,0.0454147054829695,0.02700310298742958,0.018411602495539917,0.40000000000000013,False,missing_match,ECOM,42,False,missing_match
13,25136,True,1,203087638,0.695979653054943,0.09612198098784501,0.5998576720670981,0.40000000000000013,True,correct,ECOM,42,True,correct
14,31881,True,1,203514371,0.9169565776414043,0.2361539550878567,0.6808026225535475,0.40000000000000013,True,correct,ECOM,42,True,correct
15,33220,True,1,208653767,0.9353983600821817,0.10759300468317695,0.8278053553990048,0.40000000000000013,True,correct,ECOM,42,True,correct
16,30602,True,1,208111280,0.05774437873175722,0.02043224247698878,0.03731213625476844,0.40000000000000013,False,missing_match,ECOM,42,True,correct
17,33562,True,1,207542597,0.8699873903994868,0.03379194927932124,0.8361954411201655,0.40000000000000013,True,correct,ECOM,42,True,correct
18,37182,True,1,209705774,0.7107505263246072,0.04205702158289726,0.66869350474171,0.40000000000000013,True,correct,ECOM,42,True,correct
19,37039,True,1,208504461,0.671149973270817,0.02743015712636642,0.6437198161444506,0.40000000000000013,True,correct,ECOM,42,True,correct
20,17187,True,1,202041204,0.6542459655226437,0.08702882102171092,0.5672171445009327,0.40000000000000013,True,correct,ECOM,42,True,correct
21,18441,True,1,209002546,0.2767270618346377,0.0021699557120415727,0.2745571061225961,0.40000000000000013,False,missing_match,ECOM,42,True,correct
22,33493,True,1,206928744,0.932435070764836,0.06817539036014032,0.8642596804046957,0.40000000000000013,True,correct,ECOM,42,True,correct
23,32280,True,1,205985718,0.18365308190722213,0.18365308190722213,0.0,0.40000000000000013,False,missing_match,ECOM,42,False,missing_match
24,33758,True,1,207910212,0.9632232311167991,0.9473029724038157,0.015920258712983415,0.40000000000000013,True,correct,ECOM,42,True,correct
25,37964,True,1,209310243,0.9173854353048752,0.3591951630137201,0.558190272291155,0.40000000000000013,True,correct,ECOM,42,True,correct
26,36345,True,1,204407682,0.8206828131852691,0.6423060817476841,0.17837673143758503,0.40000000000000013,True,correct,ECOM,42,True,correct
27,31992,True,1,203952966,0.9829456152075554,0.902081503323785,0.0808641118837704,0.40000000000000013,True,correct,ECOM,42,True,correct
28,38483,True,1,204407682,0.9272928032464296,0.7634768086234082,0.16381599462302143,0.40000000000000013,True,false_link,ECOM,42,True,correct
29,35477,True,1,206359209,0.9321657394477457,0.06814148436468838,0.8640242550830574,0.40000000000000013,True,correct,ECOM,42,True,correct
30,34708,True,1,208186248,0.18938400919611625,0.042532285679792406,0.14685172351632386,0.40000000000000013,False,missing_match,ECOM,42,False,missing_match
31,34880,True,1,207929461,0.48831221964077354,0.15221988495043606,0.3360923346903375,0.40000000000000013,True,correct,ECOM,42,True,correct
32,16765,True,1,204569335,0.9103577717952712,0.1688105926144627,0.7415471791808085,0.40000000000000013,True,correct,ECOM,42,True,correct
33,29133,True,1,206887553,0.7509527070028669,0.013688815813498591,0.7372638911893683,0.40000000000000013,True,correct,ECOM,42,True,correct
34,25813,True,1,202973389,0.1629657576171892,0.01938737503793045,0.14357838257925876,0.40000000000000013,False,missing_match,ECOM,42,True,correct
35,34303,True,1,207900179,0.961483664548652,0.5298506037043207,0.4316330608443313,0.40000000000000013,True,correct,ECOM,42,True,correct
36,35485,True,1,206901613,0.8755228575569916,0.054394454864922934,0.8211284026920687,0.40000000000000013,True,correct,ECOM,42,True,correct
37,19672,True,1,203088013,0.8962287597404247,0.04053661931011486,0.8556921404303098,0.40000000000000013,True,correct,ECOM,42,True,correct
38,30058,True,1,209028436,0.6126558106339159,0.0183473273149504,0.5943084833189656,0.40000000000000013,True,correct,ECOM,42,True,correct
39,39090,True,1,208504394,0.7004867181587902,0.009407889956763572,0.6910788282020266,0.40000000000000013,True,correct,ECOM,42,True,correct
40,32314,True,1,207509842,0.9463195428814503,0.05541015922568428,0.890909383655766,0.40000000000000013,True,correct,ECOM,42,True,correct
41,34968,True,1,209297152,0.6840449967046915,0.09823529035340955,0.5858097063512819,0.40000000000000013,True,correct,ECOM,42,True,correct
42,34864,True,1,208294717,0.8933832456790899,0.7316090212146094,0.16177422446448053,0.40000000000000013,True,correct,ECOM,42,True,correct
43,37531,True,1,204226641,0.8136627091961299,0.005391763798766589,0.8082709453973633,0.40000000000000013,True,correct,ECOM,42,True,correct
44,38098,True,1,209026630,0.7553781357130276,0.023482554830709202,0.7318955808823184,0.40000000000000013,True,correct,ECOM,42,True,correct
45,22100,True,1,201953026,0.06368120079198296,0.05003799112066151,0.013643209671321446,0.40000000000000013,False,missing_match,ECOM,42,True,correct
46,20447,True,1,90128026,0.8138719610385453,0.05224493710140965,0.7616270239371357,0.40000000000000013,True,correct,ECOM,42,True,correct
47,13945,True,1,207544306,0.6884632927666633,0.08270661104727202,0.6057566817193912,0.40000000000000013,True,correct,ECOM,42,True,correct
48,35925,True,2,202592699,0.8139008162727801,0.046540152829351415,0.7673606634434287,0.40000000000000013,True,correct,ECOM,42,True,correct
49,33908,True,1,208111903,0.2312363500718168,0.04717910236048593,0.18405724771133086,0.40000000000000013,False,missing_match,ECOM,42,True,correct
50,26444,True,1,203407045,0.2863892371656593,0.11374063317097287,0.1726486039946864,0.40000000000000013,False,missing_match,ECOM,42,True,correct
51,33536,True,1,206898357,0.7233079035157647,0.0493948305107113,0.6739130730050534,0.40000000000000013,True,correct,ECOM,42,True,correct
52,32112,True,1,206356230,0.9067643652602444,0.45803250139536045,0.44873186386488395,0.40000000000000013,True,correct,ECOM,42,True,correct
53,26622,True,1,203201062,0.8677434566486047,0.14981879058365855,0.7179246660649462,0.40000000000000013,True,correct,ECOM,42,True,correct
54,34361,True,1,207642497,0.2849975581587961,0.01889010430618468,0.2661074538526115,0.40000000000000013,False,missing_match,ECOM,42,True,correct
55,36388,True,1,208226694,0.7942499417447915,0.06726209384756975,0.7269878478972217,0.40000000000000013,True,correct,ECOM,42,True,correct
56,37310,True,1,209901965,0.8027113860412003,0.7351262953613793,0.06758509067982099,0.40000000000000013,True,false_link,ECOM,42,True,correct
57,34725,True,1,207666381,0.9472604791959962,0.4142895311517603,0.532970948044236,0.40000000000000013,True,correct,ECOM,42,True,correct
58,33275,True,1,206808430,0.8334259853454637,0.10479819971408329,0.7286277856313804,0.40000000000000013,True,correct,ECOM,42,True,correct
59,36906,True,1,208656495,0.18785697445620436,0.015470295853640003,0.17238667860256435,0.40000000000000013,False,missing_match,ECOM,42,True,correct
60,33158,True,1,207338961,0.6839879511011191,0.1291762651365348,0.5548116859645843,0.40000000000000013,True,correct,ECOM,42,True,correct
61,38826,True,1,208294970,0.5673895607417729,0.5624535007164695,0.004936060025303446,0.40000000000000013,True,correct,ECOM,42,False,missing_match
62,34934,True,1,208117929,0.046300325928840834,0.046300325928840834,0.0,0.40000000000000013,False,missing_match,ECOM,42,False,missing_match
63,29574,True,1,204559209,0.9020245745378934,0.43706412179819465,0.46496045273969877,0.40000000000000013,True,correct,ECOM,42,True,correct
64,36494,True,1,204740975,0.8868624778653672,0.37817196322163615,0.508690514643731,0.40000000000000013,True,correct,ECOM,42,True,correct
65,36168,True,1,208171630,0.928279760426057,0.8434481519507632,0.08483160847529381,0.40000000000000013,True,correct,ECOM,42,True,correct
66,36816,True,1,208893656,0.15748671544683046,0.1414586377053804,0.01602807774145007,0.40000000000000013,False,missing_match,ECOM,42,True,false_link
67,33471,True,1,208294727,0.9155819708454992,0.8048910485016515,0.1106909223438477,0.40000000000000013,True,correct,ECOM,42,True,correct
68,33767,True,1,208112357,0.9167017513175932,0.8838547650233302,0.03284698629426308,0.40000000000000013,True,correct,ECOM,42,True,false_link
69,36249,True,1,208504437,0.17582236679221486,0.01479652960898551,0.16102583718322935,0.40000000000000013,False,missing_match,ECOM,42,False,missing_match
70,33997,True,1,207390717,0.8549671608552987,0.6495000907463507,0.20546707010894794,0.40000000000000013,True,correct,ECOM,42,True,correct
71,38388,True,1,210399777,0.7722808747892433,0.007408705870454228,0.7648721689187891,0.40000000000000013,True,correct,ECOM,42,True,correct
72,34154,True,1,207390673,0.8642243933299322,0.7525850770336843,0.1116393162962479,0.40000000000000013,True,correct,ECOM,42,True,correct
73,32034,True,1,10333368,0.7206512017196601,0.003760390277706315,0.7168908114419538,0.40000000000000013,True,correct,ECOM,42,True,correct
74,22242,True,1,203198950,0.604561701197455,0.12191941988925116,0.48264228130820386,0.40000000000000013,True,correct,ECOM,42,True,correct
75,34076,True,1,207959750,0.7105479552672531,0.23164832807159072,0.47889962719566237,0.40000000000000013,True,correct,ECOM,42,True,correct
76,39054,True,1,207390496,0.05369396460329926,0.009039715967007922,0.04465424863629134,0.40000000000000013,False,missing_match,ECOM,42,False,missing_match
77,37477,True,1,209634135,0.631212586584592,0.5339422415542917,0.0972703450303003,0.40000000000000013,True,correct,ECOM,42,True,correct
78,36864,True,1,210442350,0.9170958039053465,0.5268577903235919,0.3902380135817546,0.40000000000000013,True,correct,ECOM,42,True,correct
79,37462,True,1,209026638,0.6908773916387239,0.140532386847386,0.5503450047913379,0.40000000000000013,True,correct,ECOM,42,True,correct
80,28350,True,1,204206935,0.21872869575667436,0.20861730959365343,0.01011138616302093,0.40000000000000013,False,missing_match,ECOM,42,True,correct
81,34280,True,1,207900177,0.8608949813433194,0.8518941661299346,0.009000815213384805,0.40000000000000013,True,correct,ECOM,42,True,correct
82,21989,True,1,204274645,0.8577788699097761,0.07968322825526643,0.7780956416545097,0.40000000000000013,True,correct,ECOM,42,True,correct
83,17372,True,1,10363243,0.819396291873445,0.017238800212173253,0.8021574916612717,0.40000000000000013,True,correct,ECOM,42,True,correct
84,35277,True,1,208085253,0.8838505066103687,0.2450877148428733,0.6387627917674954,0.40000000000000013,True,correct,ECOM,42,True,correct
85,31273,True,1,203086857,0.9378626841746017,0.14133797406138793,0.7965247101132138,0.40000000000000013,True,correct,ECOM,42,True,correct
86,35024,True,1,208156877,0.008611865178348613,0.008611865178348613,0.0,0.40000000000000013,False,missing_match,ECOM,42,False,missing_match
87,32560,True,1,207540310,0.6365072106123669,0.3193996210644162,0.3171075895479507,0.40000000000000013,True,correct,ECOM,42,True,correct
88,38939,True,1,204823067,0.34810854696768545,0.050022720058922894,0.29808582690876256,0.40000000000000013,False,missing_match,ECOM,42,True,correct
89,11801,True,1,210239335,0.3011070624997938,0.15800419273804386,0.14310286976174993,0.40000000000000013,False,missing_match,ECOM,42,True,correct
90,37139,True,1,208893658,0.31814807218028873,0.02563884276249755,0.2925092294177912,0.40000000000000013,False,missing_match,ECOM,42,True,correct
91,24346,True,1,208972043,0.68815010551995,0.008688759621469692,0.6794613458984804,0.40000000000000013,True,correct,ECOM,42,True,correct
92,33582,True,1,207388758,0.6191064870071957,0.5407755737937652,0.07833091321343055,0.40000000000000013,True,correct,ECOM,42,True,false_link
93,33157,True,1,207390654,0.7386241647823396,0.17326704182033256,0.565357122962007,0.40000000000000013,True,correct,ECOM,42,False,missing_match
94,31373,True,1,208455791,0.850504765320493,0.8397779996091917,0.010726765711301267,0.40000000000000013,True,correct,ECOM,42,True,correct
95,38619,True,1,202985806,0.9151386544231563,0.13133804966507576,0.7838006047580806,0.40000000000000013,True,correct,ECOM,42,True,correct
96,36969,True,1,203474227,0.047420782091619866,0.008853076491630781,0.03856770559998909,0.40000000000000013,False,missing_match,ECOM,42,False,missing_match
97,33431,True,1,207390644,0.36435491562675715,0.012604922634447669,0.35174999299230947,0.40000000000000013,False,missing_match,ECOM,42,True,correct
98,21182,True,1,202486964,0.5989142927665863,0.012268833366754297,0.5866454593998319,0.40000000000000013,True,correct,ECOM,42,True,correct
99,25857,True,1,202870172,0.5029006168487792,0.1779897281103479,0.32491088873843127,0.40000000000000013,True,false_link,ECOM,42,False,missing_match
100,33998,True,1,208112354,0.9000914538859929,0.6302935511363722,0.2697979027496207,0.40000000000000013,True,correct,ECOM,42,True,correct
101,35981,True,1,207539418,0.9561156668774446,0.0011565449112156062,0.954959121966229,0.40000000000000013,True,correct,ECOM,42,True,correct
102,37646,True,1,209122918,0.47011777617511896,0.11404624929577849,0.35607152687934046,0.40000000000000013,True,correct,ECOM,42,True,correct
103,38173,True,1,210441817,0.6437384372067545,0.06733631860635551,0.576402118600399,0.40000000000000013,True,correct,ECOM,42,True,correct
104,30708,True,1,205083947,0.8501392211540908,0.028664618914940182,0.8214746022391506,0.40000000000000013,True,correct,ECOM,42,True,correct
105,34096,True,1,207642358,0.8896454367182889,0.11566178247040355,0.7739836542478853,0.40000000000000013,True,correct,ECOM,42,True,correct
106,33726,True,1,207993409,0.5943766600456886,0.16268056135534772,0.43169609869034087,0.40000000000000013,True,correct,ECOM,42,True,correct
107,16741,True,1,201959840,0.9168660985530483,0.1433984564055302,0.7734676421475182,0.40000000000000013,True,correct,ECOM,42,True,correct
108,36123,True,1,208504432,0.7270030547307214,0.2470909558943196,0.47991209883640173,0.40000000000000013,True,correct,ECOM,42,True,correct
109,34944,True,1,208042977,0.835587232558627,0.1184362679207595,0.7171509646378675,0.40000000000000013,True,correct,ECOM,42,True,correct
110,34465,True,1,209890796,0.38689554037147816,0.006311084866831179,0.380584455504647,0.40000000000000013,False,missing_match,ECOM,42,True,correct
111,37872,True,1,210190818,0.5330013698631073,0.0047191388066034875,0.5282822310565038,0.40000000000000013,True,correct,ECOM,42,True,correct
112,18960,True,1,202067544,0.5251940139475098,0.024717623022622447,0.5004763909248873,0.40000000000000013,True,correct,ECOM,42,True,correct
113,37915,True,1,207465595,0.7656018485534702,0.2911796116178573,0.4744222369356129,0.40000000000000013,True,correct,ECOM,42,True,correct
114,7936,True,1,90104307,0.39705369263292106,0.08925588546109618,0.30779780717182487,0.40000000000000013,False,missing_match,ECOM,42,True,correct
115,35033,True,1,208156877,0.05006992510213021,0.05006992510213021,0.0,0.40000000000000013,False,missing_match,ECOM,42,True,correct
116,26617,True,1,201692705,0.1615652889889667,0.016949751428489247,0.14461553756047743,0.40000000000000013,False,missing_match,ECOM,42,True,correct
117,30603,True,1,202755491,0.043217780027431305,0.022941788995222007,0.020275991032209298,0.40000000000000013,False,missing_match,ECOM,42,True,correct
118,27137,True,1,204049780,0.7576885862017686,0.18123934331834451,0.576449242883424,0.40000000000000013,True,correct,ECOM,42,True,correct
119,29612,True,1,202870448,0.2172587807781614,0.13901304112375404,0.07824573965440737,0.40000000000000013,False,missing_match,ECOM,42,False,missing_match
120,36450,True,1,209393872,0.8548294577164335,0.1516725676794988,0.7031568900369347,0.40000000000000013,True,correct,ECOM,42,True,correct
121,27479,True,1,10351869,0.9569036620785766,0.004189365932282481,0.9527142961462941,0.40000000000000013,True,correct,ECOM,42,True,correct
122,28175,True,1,204318286,0.8109742086559918,0.5575346367460317,0.25343957190996014,0.40000000000000013,True,correct,ECOM,42,True,correct
123,33690,True,1,207391431,0.9668745768153695,0.10064294533235883,0.8662316314830106,0.40000000000000013,True,correct,ECOM,42,True,correct
124,33439,True,1,207464920,0.9341114707616784,0.9141876043897629,0.019923866371915566,0.40000000000000013,True,correct,ECOM,42,True,correct
125,20466,True,1,203185276,0.4961417011839854,0.04046411028945606,0.4556775908945293,0.40000000000000013,True,false_link,ECOM,42,False,missing_match
126,19604,True,1,203025446,0.896275383609346,0.41862033981346763,0.47765504379587836,0.40000000000000013,True,correct,ECOM,42,True,correct
127,33280,True,1,206808434,0.9412756777377567,0.6714583437501012,0.2698173339876555,0.40000000000000013,True,correct,ECOM,42,True,correct
128,38468,True,1,210435432,0.6959419129299749,0.008240081275864125,0.6877018316541107,0.40000000000000013,True,correct,ECOM,42,True,correct
129,36149,True,1,207907550,0.36636216632210383,0.2233232564703363,0.14303890985176754,0.40000000000000013,False,missing_match,ECOM,42,True,correct
130,35012,True,1,207900343,0.49534338404116945,0.4340704049981407,0.06127297904302875,0.40000000000000013,True,false_link,ECOM,42,True,correct
131,38231,True,1,201744288,0.8905135294415969,0.0863915377044046,0.8041219917371923,0.40000000000000013,True,correct,ECOM,42,True,correct
132,29758,True,1,203185276,0.06712722060832116,0.03173740767900209,0.035389812929319066,0.40000000000000013,False,missing_match,ECOM,42,False,missing_match
133,24153,True,1,208715855,0.7092545625187577,0.028347178140490634,0.6809073843782671,0.40000000000000013,True,correct,ECOM,42,True,correct
134,35467,True,1,201699873,0.8599566973615135,0.006744322442054773,0.8532123749194587,0.40000000000000013,True,correct,ECOM,42,True,correct
135,35694,True,1,208184891,0.8237920937988104,0.7628776289624633,0.060914464836347104,0.40000000000000013,True,correct,ECOM,42,True,correct
136,35018,True,1,207900343,0.578372733235024,0.2561772763472832,0.3221954568877408,0.40000000000000013,True,correct,ECOM,42,True,correct
137,38726,True,1,204080936,0.5561613129208856,0.022967576158300366,0.5331937367625852,0.40000000000000013,True,correct,ECOM,42,False,missing_match
138,33044,True,1,203514305,0.30718684215480013,0.02955347393166163,0.2776333682231385,0.40000000000000013,False,missing_match,ECOM,42,True,correct
139,19112,True,1,90148541,0.8881045856350099,0.14047547885266332,0.7476291067823466,0.40000000000000013,True,correct,ECOM,42,True,correct
140,33804,True,1,206575951,0.8236155647338389,0.06689307601093054,0.7567224887229084,0.40000000000000013,True,correct,ECOM,42,True,correct
141,27182,True,1,206481908,0.18243357537017796,0.012594283557754727,0.16983929181242324,0.40000000000000013,False,missing_match,ECOM,42,True,correct
142,37231,True,1,209114390,0.7783949432258178,0.009274419269634994,0.7691205239561828,0.40000000000000013,True,correct,ECOM,42,True,correct
143,33377,True,1,10346525,0.9342143912007504,0.2105269672495825,0.7236874239511679,0.40000000000000013,True,correct,ECOM,42,True,correct
144,36023,True,1,202451162,0.7659051341689037,0.2921729042150813,0.4737322299538224,0.40000000000000013,True,correct,ECOM,42,True,correct
145,15046,True,1,209297200,0.8130968957663152,0.0940355893000712,0.719061306466244,0.40000000000000013,True,correct,ECOM,42,True,correct
146,13701,True,1,90108521,0.8341248257678384,0.6728889400579787,0.1612358857098597,0.40000000000000013,True,correct,ECOM,42,True,correct
147,38644,True,1,208344063,0.17680838726957387,0.002798403939280397,0.17400998333029347,0.40000000000000013,False,missing_match,ECOM,42,True,correct
148,23864,True,1,204636071,0.5877921415645007,0.005895574530471821,0.5818965670340288,0.40000000000000013,True,correct,ECOM,42,True,correct
149,17067,True,1,90140498,0.8771883163447038,0.04155284483681021,0.8356354715078936,0.40000000000000013,True,correct,ECOM,42,True,correct
150,36367,True,1,208464207,0.08524111409082022,0.02749862906071206,0.05774248503010816,0.40000000000000013,False,missing_match,ECOM,42,False,missing_match
151,29029,True,1,204679142,0.8708669498640084,0.01549045309623979,0.8553764967677686,0.40000000000000013,True,correct,ECOM,42,True,correct
152,37210,True,1,209656961,0.7622401914027153,0.2917359887707755,0.47050420263193976,0.40000000000000013,True,correct,ECOM,42,True,correct
153,34007,True,1,207660497,0.9634506605099927,0.7814175297286478,0.18203313078134498,0.40000000000000013,True,correct,ECOM,42,True,correct
154,32416,True,1,205664913,0.7636623854217585,0.03527065671203713,0.7283917287097214,0.40000000000000013,True,correct,ECOM,42,True,correct
155,5644,True,1,203023505,0.8883622153220228,0.1612181252220256,0.7271440900999971,0.40000000000000013,True,correct,ECOM,42,True,correct
156,29933,True,1,202139765,0.6596083427108793,0.07368077334383853,0.5859275693670408,0.40000000000000013,True,correct,ECOM,42,True,correct
157,29827,True,1,205664966,0.0953924310794127,0.04158290022749916,0.05380953085191354,0.40000000000000013,False,missing_match,ECOM,42,True,false_link
158,38751,True,1,204389692,0.67239228692754,0.03133032122222007,0.64106196570532,0.40000000000000013,True,correct,ECOM,42,True,correct
159,34697,True,1,206783262,0.9322825183839737,0.08645718831998732,0.8458253300639864,0.40000000000000013,True,correct,ECOM,42,True,correct
160,37311,True,1,209901965,0.9084259647193391,0.8474112353918093,0.061014729327529826,0.40000000000000013,True,false_link,ECOM,42,True,correct
161,35415,True,1,206827757,0.8427725545714048,0.36384553088388066,0.4789270236875241,0.40000000000000013,True,correct,ECOM,42,True,correct
162,33612,True,1,207506250,0.5991565461134216,0.009111693087985486,0.5900448530254361,0.40000000000000013,True,correct,ECOM,42,True,correct
163,17220,True,1,208504190,0.00972456595396978,0.002001924148611292,0.007722641805358487,0.40000000000000013,False,missing_match,ECOM,42,True,correct
164,17653,True,1,206928605,0.02372240055824682,0.023008750754295905,0.0007136498039509165,0.40000000000000013,False,missing_match,ECOM,42,False,missing_match
165,33053,True,1,10221960,0.9511497146288658,0.23825611380629266,0.7128936008225731,0.40000000000000013,True,correct,ECOM,42,True,correct
166,31284,True,1,204049534,0.49189868346546367,0.014053429523313198,0.4778452539421505,0.40000000000000013,True,correct,ECOM,42,False,missing_match
167,21175,True,1,10412788,0.9292719804996914,0.3838186718525503,0.5454533086471411,0.40000000000000013,True,correct,ECOM,42,True,correct
168,25670,True,1,203389465,0.39264525028796504,0.042299030622210035,0.350346219665755,0.40000000000000013,False,missing_match,ECOM,42,True,correct
169,34125,True,2,203165921,0.8572501522862649,0.8160456160586657,0.04120453622759923,0.40000000000000013,True,correct,ECOM,42,True,correct
170,30594,True,1,202139765,0.20507816219026814,0.09494145015961748,0.11013671203065066,0.40000000000000013,False,missing_match,ECOM,42,True,correct
171,38782,True,1,210566840,0.9279646698903816,0.008614855136956723,0.9193498147534249,0.40000000000000013,True,correct,ECOM,42,True,correct
172,34003,True,1,207637777,0.9614844495484779,0.6943332945533319,0.26715115499514597,0.40000000000000013,True,correct,ECOM,42,True,correct
173,33763,True,1,208112356,0.9063050209517718,0.8755583742401847,0.03074664671158711,0.40000000000000013,True,correct,ECOM,42,True,false_link
174,28137,True,1,204254634,0.8485655279231376,0.09258658778961494,0.7559789401335226,0.40000000000000013,True,correct,ECOM,42,True,correct
175,28138,True,1,204327516,0.8002632793181679,0.2300712005065118,0.5701920788116561,0.40000000000000013,True,correct,ECOM,42,True,correct
176,33160,True,1,207390655,0.6921095255790504,0.07939357365088646,0.6127159519281639,0.40000000000000013,True,correct,ECOM,42,True,correct
177,32878,True,1,204219387,0.7112208592248702,0.47393264856766404,0.23728821065720618,0.40000000000000013,True,correct,ECOM,42,True,correct
178,33640,True,1,206928606,0.9052735641431562,0.027757943313569986,0.8775156208295862,0.40000000000000013,True,correct,ECOM,42,True,correct
179,27186,True,1,208464825,0.09484575333959358,0.09311935846218453,0.0017263948774090543,0.40000000000000013,False,missing_match,ECOM,42,False,missing_match
180,17906,True,1,204274644,0.8575863205105307,0.0789846379580499,0.7786016825524809,0.40000000000000013,True,correct,ECOM,42,True,correct
181,29816,True,1,208455891,0.6247612991114542,0.062096467227270295,0.5626648318841839,0.40000000000000013,True,correct,ECOM,42,True,correct
182,18040,True,1,203151779,0.0815276129808871,0.019755234785714063,0.06177237819517303,0.40000000000000013,False,missing_match,ECOM,42,False,missing_match
183,35800,True,1,208504190,0.6832322085366795,0.0034889549114191704,0.6797432536252603,0.40000000000000013,True,correct,ECOM,42,True,correct
184,8552,True,1,90138609,0.8870413582182314,0.5548408494591381,0.33220050875909324,0.40000000000000013,True,correct,ECOM,42,True,correct
185,30593,True,1,204860316,0.8768057275066969,0.25262944236156304,0.6241762851451339,0.40000000000000013,True,correct,ECOM,42,True,correct
186,33671,True,1,206917816,0.8046079695166414,0.03086686296362492,0.7737411065530164,0.40000000000000013,True,correct,ECOM,42,True,correct
187,33024,True,1,90049752,0.7294241505911483,0.003144633482554659,0.7262795171085936,0.40000000000000013,True,correct,ECOM,42,True,correct
188,33965,True,1,206780877,0.3558265180565499,0.059019230264704604,0.2968072877918453,0.40000000000000013,False,missing_match,ECOM,42,True,correct
189,37150,True,1,208791918,0.7635565894569075,0.22601927341036296,0.5375373160465445,0.40000000000000013,True,correct,ECOM,42,True,correct
190,35019,True,1,208156877,0.008167504718759133,0.008167504718759133,0.0,0.40000000000000013,False,missing_match,ECOM,42,False,missing_match
191,26059,True,1,203870569,0.5375863373227135,0.2739470046383022,0.26363933268441136,0.40000000000000013,True,correct,ECOM,42,True,correct
192,30338,True,1,206460113,0.6925698543803692,0.14969515893699997,0.5428746954433692,0.40000000000000013,True,correct,ECOM,42,True,false_link
193,27364,True,1,204791586,0.9200509304803651,0.344231821707226,0.5758191087731391,0.40000000000000013,True,correct,ECOM,42,True,correct
194,33177,True,1,207390617,0.9021877792520607,0.46520169743187256,0.43698608182018817,0.40000000000000013,True,correct,ECOM,42,True,correct
195,29829,True,1,208715736,0.16330368289141267,0.020910480200896968,0.1423932026905157,0.40000000000000013,False,missing_match,ECOM,42,True,false_link
196,38574,True,1,210190784,0.2016837049497018,0.13680641552718664,0.06487728942251517,0.40000000000000013,False,missing_match,ECOM,42,True,correct
197,38507,True,1,206181767,0.9253644806818254,0.012080179581861425,0.913284301099964,0.40000000000000013,True,correct,ECOM,42,True,correct
198,36451,True,1,208237792,0.09992673384737823,0.062196826233716015,0.03772990761366221,0.40000000000000013,False,missing_match,ECOM,42,True,correct
199,36761,True,1,208453648,0.9433959006618252,0.09484086420144296,0.8485550364603822,0.40000000000000013,True,correct,ECOM,42,True,correct
200,27840,True,1,203379249,0.3573812989097879,0.1406470483632284,0.21673425054655954,0.40000000000000013,False,missing_match,ECOM,42,True,correct
201,38492,True,1,206725966,0.7450479959335508,0.017422932719389068,0.7276250632141616,0.40000000000000013,True,correct,ECOM,42,True,correct
202,31014,True,1,205777541,0.2848909502438419,0.10363073957082324,0.18126021067301867,0.40000000000000013,False,missing_match,ECOM,42,False,missing_match
203,4696,True,1,90049928,0.847463208490471,0.008830180604208879,0.838633027886262,0.40000000000000013,True,correct,ECOM,42,True,correct
204,33537,True,1,206898358,0.7997930559315205,0.19796214082182068,0.6018309151096999,0.40000000000000013,True,correct,ECOM,42,True,correct
205,35183,True,1,208117918,0.8125289268608292,0.7508884235251367,0.06164050333569249,0.40000000000000013,True,false_link,ECOM,42,True,false_link
206,36053,True,1,90141687,0.9733904478614324,0.15722435529751644,0.8161660925639159,0.40000000000000013,True,correct,ECOM,42,True,correct
207,36861,True,1,210442348,0.9246944267557323,0.5994508013900891,0.3252436253656432,0.40000000000000013,True,correct,ECOM,42,True,correct
208,38550,True,1,207978102,0.1620005473069649,0.15684122084329805,0.005159326463666847,0.40000000000000013,False,missing_match,ECOM,42,True,correct
209,30219,True,1,207910337,0.9124890080993481,0.029165767274973397,0.8833232408243746,0.40000000000000013,True,correct,ECOM,42,True,correct
210,33653,True,1,207391014,0.7687502945155933,0.4041981219726666,0.3645521725429267,0.40000000000000013,True,correct,ECOM,42,True,correct
211,36383,True,1,208226699,0.14369511057835171,0.10336637719314865,0.04032873338520307,0.40000000000000013,False,missing_match,ECOM,42,True,correct
212,37196,True,1,209656956,0.9042072328484506,0.03165438628614293,0.8725528465623077,0.40000000000000013,True,correct,ECOM,42,True,correct
213,35334,True,1,208504396,0.909401260330841,0.26840009592861047,0.6410011644022305,0.40000000000000013,True,correct,ECOM,42,True,correct
214,32625,True,2,201935116,0.803549885137199,0.15120559910676226,0.6523442860304368,0.40000000000000013,True,correct,ECOM,42,True,correct
215,29072,True,1,208456130,0.6378007322357133,0.014269273748686393,0.623531458487027,0.40000000000000013,True,correct,ECOM,42,True,correct
216,38327,True,1,207390671,0.9334318696907493,0.07735888170164168,0.8560729879891076,0.40000000000000013,True,correct,ECOM,42,True,correct
217,34395,True,1,206362749,0.26352244737713393,0.03659006347339633,0.2269323839037376,0.40000000000000013,False,missing_match,ECOM,42,False,missing_match
218,34610,True,1,207543191,0.8212014527744604,0.2971990921616029,0.5240023606128575,0.40000000000000013,True,correct,ECOM,42,True,correct
219,36931,True,1,208370418,0.8354127465021127,0.26264302608834555,0.5727697204137672,0.40000000000000013,True,correct,ECOM,42,True,correct
220,34135,True,1,207900170,0.9211862758590768,0.3240210262131774,0.5971652496458993,0.40000000000000013,True,correct,ECOM,42,True,correct
221,30951,True,1,205599985,0.3861892067414986,0.25330430676268495,0.13288489997881364,0.40000000000000013,False,missing_match,ECOM,42,False,missing_match
222,36471,True,1,209208661,0.8927269721927955,0.1147595261434549,0.7779674460493406,0.40000000000000013,True,correct,ECOM,42,True,correct
223,30158,True,1,204937142,0.21437414732607238,0.06299732579522457,0.1513768215308478,0.40000000000000013,False,missing_match,ECOM,42,True,correct
224,29950,True,1,204559209,0.7308537148932273,0.5889243468287731,0.1419293680644541,0.40000000000000013,True,false_link,ECOM,42,True,correct
225,35194,True,1,208504297,0.9257039000743691,0.40971484693284893,0.5159890531415201,0.40000000000000013,True,correct,ECOM,42,True,correct
226,27975,True,1,10360978,0.865696515743479,0.8009462653541731,0.06475025038930582,0.40000000000000013,True,correct,ECOM,42,True,correct
227,30436,True,1,204505951,0.4264172649944347,0.13091710847468846,0.29550015651974626,0.40000000000000013,True,correct,ECOM,42,False,missing_match
228,29906,True,1,202139744,0.8561958715079931,0.07949019627393086,0.7767056752340623,0.40000000000000013,True,correct,ECOM,42,True,correct
229,37767,True,1,204588748,0.9674400826460081,0.01705181370489456,0.9503882689411136,0.40000000000000013,True,correct,ECOM,42,True,correct
230,31176,True,1,205844279,0.36015804660863,0.07729359639229598,0.282864450216334,0.40000000000000013,False,missing_match,ECOM,42,True,correct
231,21875,True,1,201700823,0.4895452664709961,0.02327094005988081,0.4662743264111153,0.40000000000000013,True,correct,ECOM,42,True,correct
232,34256,True,1,206888011,0.36488479131100054,0.11610181269899425,0.2487829786120063,0.40000000000000013,False,missing_match,ECOM,42,False,missing_match
233,17094,True,1,201959840,0.8018092397020976,0.09251030636117519,0.7092989333409224,0.40000000000000013,True,false_link,ECOM,42,True,false_link
234,27197,True,1,204318288,0.6421566395863315,0.46073639248703996,0.18142024709929155,0.40000000000000013,True,correct,ECOM,42,True,correct
235,22940,True,1,203472622,0.8659938927455508,0.030185850457793376,0.8358080422877574,0.40000000000000013,True,correct,ECOM,42,True,correct
236,33971,True,1,207391020,0.289404444548832,0.008021644995931812,0.2813827995529002,0.40000000000000013,False,missing_match,ECOM,42,True,correct
237,13202,True,1,10379358,0.9212104471758582,0.013657366722846759,0.9075530804530114,0.40000000000000013,True,correct,ECOM,42,True,correct
238,18524,True,1,90145972,0.8155190978997626,0.43263413232673203,0.3828849655730306,0.40000000000000013,True,false_link,ECOM,42,True,correct
239,38008,True,1,208710844,0.25600488098202895,0.22471322676428918,0.03129165421773977,0.40000000000000013,False,missing_match,ECOM,42,True,correct
240,16309,True,1,203022472,0.9226346058487176,0.023160653760496572,0.899473952088221,0.40000000000000013,True,correct,ECOM,42,True,correct
241,34220,True,1,209869342,0.7517446244136724,0.07001091444520872,0.6817337099684637,0.40000000000000013,True,correct,ECOM,42,True,correct
242,33564,True,1,208504179,0.9489774289556155,0.23428897199155813,0.7146884569640575,0.40000000000000013,True,correct,ECOM,42,True,correct
243,35219,True,1,208504334,0.8598271525979041,0.5789288014042107,0.28089835119369344,0.40000000000000013,True,correct,ECOM,42,True,correct
244,29238,True,1,204206937,0.4326767976911123,0.07464835395286236,0.35802844373824994,0.40000000000000013,True,correct,ECOM,42,True,correct
245,38781,True,1,207920831,0.36456423500371954,0.010832028491331405,0.3537322065123881,0.40000000000000013,False,missing_match,ECOM,42,False,missing_match
246,32315,True,1,205083968,0.9159768721527156,0.7180370229340745,0.19793984921864116,0.40000000000000013,True,correct,ECOM,42,True,correct
247,32664,True,1,208409785,0.2371691788248091,0.18258267937372974,0.05458649945107935,0.40000000000000013,False,missing_match,ECOM,42,True,false_link
248,32630,True,1,207554111,0.8359340000595268,0.00699044157777715,0.8289435584817496,0.40000000000000013,True,correct,ECOM,42,True,correct
249,29392,True,1,204295637,0.9421957318772133,0.0646898920274652,0.8775058398497481,0.40000000000000013,True,correct,ECOM,42,True,correct
250,30585,True,1,204206934,0.3171645012561418,0.18841438091649168,0.12875012033965014,0.40000000000000013,False,missing_match,ECOM,42,True,correct
251,35218,True,1,207536225,0.9323964128811015,0.3437621859825373,0.5886342268985643,0.40000000000000013,True,correct,ECOM,42,True,correct
252,32893,True,1,208085182,0.8075327814250288,0.3218619963151634,0.48567078510986544,0.40000000000000013,True,correct,ECOM,42,True,correct
253,35201,True,1,208504318,0.933564270535124,0.2927405452097265,0.6408237253253976,0.40000000000000013,True,correct,ECOM,42,True,correct
254,28500,True,1,203445749,0.8739806196319523,0.2584252842940657,0.6155553353378866,0.40000000000000013,True,correct,ECOM,42,True,correct
255,33510,True,1,205516750,0.06571378124535504,0.004609019072487383,0.06110476217286766,0.40000000000000013,False,missing_match,ECOM,42,False,missing_match
256,34727,True,1,207666379,0.9468111460684542,0.08954154889384044,0.8572695971746137,0.40000000000000013,True,correct,ECOM,42,True,correct
257,31635,True,1,206460118,0.7934900651881925,0.19033389673983891,0.6031561684483536,0.40000000000000013,True,correct,ECOM,42,False,missing_match
258,31414,True,1,204222915,0.5419906219210363,0.042062405245256264,0.49992821667578,0.40000000000000013,True,correct,ECOM,42,True,correct
259,37403,True,1,209705778,0.15385675081822842,0.1181566807195034,0.035700070098725015,0.40000000000000013,False,missing_match,ECOM,42,True,correct
260,17417,True,1,90120953,0.5001216964817597,0.1295394946928549,0.3705822017889049,0.40000000000000013,True,correct,ECOM,42,True,correct
261,32990,True,1,206928604,0.24442555901733168,0.08360667728062564,0.16081888173670605,0.40000000000000013,False,missing_match,ECOM,42,True,correct
262,20454,True,1,203514305,0.025289080304212713,0.02019241662929203,0.005096663674920683,0.40000000000000013,False,missing_match,ECOM,42,True,correct
263,34894,True,1,208504340,0.871400646612287,0.7554041613509016,0.1159964852613854,0.40000000000000013,True,correct,ECOM,42,True,correct
264,28971,True,1,204679144,0.8545240424772487,0.04996408320976151,0.8045599592674871,0.40000000000000013,True,correct,ECOM,42,True,correct
265,35276,True,1,208084021,0.9208960304758613,0.5246712677043109,0.3962247627715504,0.40000000000000013,True,correct,ECOM,42,True,correct
266,37623,True,1,208809705,0.7783399510861896,0.7739575456772618,0.004382405408927759,0.40000000000000013,True,correct,ECOM,42,True,correct
267,32358,True,1,208295050,0.8357860579994573,0.6729830604345777,0.1628029975648796,0.40000000000000013,True,correct,ECOM,42,True,correct
268,30355,True,1,206460124,0.9474182920633292,0.005720700768093948,0.9416975912952352,0.40000000000000013,True,correct,ECOM,42,True,correct
269,25950,True,1,202870170,0.7814256677016811,0.06388833383945614,0.717537333862225,0.40000000000000013,True,correct,ECOM,42,True,correct
270,33668,True,1,206917817,0.6865906347031605,0.10395760883676083,0.5826330258663996,0.40000000000000013,True,correct,ECOM,42,True,correct
271,29823,True,1,204792884,0.871570124166775,0.1970094948050765,0.6745606293616986,0.40000000000000013,True,correct,ECOM,42,True,correct
272,22101,True,1,201692665,0.0793245238805357,0.015771676387956655,0.06355284749257904,0.40000000000000013,False,missing_match,ECOM,42,True,correct
273,37181,True,1,209705773,0.7615882950692155,0.03130401193097414,0.7302842831382415,0.40000000000000013,True,correct,ECOM,42,True,correct
274,37174,True,1,209208663,0.9358471643638151,0.5336027761264486,0.4022443882373665,0.40000000000000013,True,correct,ECOM,42,True,correct
275,33601,True,1,204071217,0.4417209528636765,0.14655502626429917,0.29516592659937735,0.40000000000000013,True,false_link,ECOM,42,True,correct
276,36957,True,1,207390709,0.9007618558380953,0.8713198753599072,0.029441980478188134,0.40000000000000013,True,correct,ECOM,42,True,correct
277,36151,True,1,207907558,0.4194414519602294,0.2406674288145939,0.1787740231456355,0.40000000000000013,True,correct,ECOM,42,True,correct
278,34102,True,1,205886768,0.20449404706546906,0.18274717986539707,0.02174686720007199,0.40000000000000013,False,missing_match,ECOM,42,True,false_link
279,28554,True,1,204443417,0.8209678983822507,0.02384237840751631,0.7971255199747344,0.40000000000000013,True,correct,ECOM,42,True,correct
280,34905,True,1,207514568,0.8882701963120995,0.13982565105164083,0.7484445452604587,0.40000000000000013,True,correct,ECOM,42,True,correct
281,33717,True,1,206928604,0.7702868278882568,0.024754639176883895,0.7455321887113728,0.40000000000000013,True,correct,ECOM,42,True,correct
282,33864,True,1,207986331,0.11519362168688299,0.10967534152011217,0.00551828016677082,0.40000000000000013,False,missing_match,ECOM,42,True,correct
283,36295,True,1,90128026,0.7468919391761007,0.043476145202344905,0.7034157939737559,0.40000000000000013,True,correct,ECOM,42,True,correct
284,23965,True,1,203322272,0.8273255716718411,0.00921910034796963,0.8181064713238715,0.40000000000000013,True,correct,ECOM,42,True,correct
285,37162,True,1,209208718,0.4432369275517584,0.13693658234477696,0.30630034520698146,0.40000000000000013,True,correct,ECOM,42,True,correct
286,38346,True,1,208167531,0.9038511453010586,0.33621090859901187,0.5676402367020468,0.40000000000000013,True,correct,ECOM,42,True,correct
287,36502,True,1,209306029,0.37949050659243855,0.04475688811845918,0.33473361847397937,0.40000000000000013,False,missing_match,ECOM,42,True,correct
288,30575,True,1,209297205,0.8852927452823238,0.0677697480247359,0.8175229972575879,0.40000000000000013,True,correct,ECOM,42,True,correct
289,34496,True,1,207978102,0.9196771651666049,0.011371821967897513,0.9083053431987074,0.40000000000000013,True,correct,ECOM,42,True,correct
290,34298,True,1,207543193,0.5728559400561886,0.39419741066401054,0.17865852939217802,0.40000000000000013,True,correct,ECOM,42,True,correct
291,13700,True,1,90108521,0.7372613365234555,0.7140176002247463,0.02324373629870924,0.40000000000000013,True,false_link,ECOM,42,True,correct
292,25413,True,1,90049795,0.8773141400084958,0.0781491603164383,0.7991649796920576,0.40000000000000013,True,correct,ECOM,42,True,correct
293,28180,True,1,202916534,0.8234706441357635,0.06746444873199088,0.7560061954037727,0.40000000000000013,True,correct,ECOM,42,True,correct
294,33472,True,1,205777549,0.8767709730633605,0.8041861720976549,0.07258480096570563,0.40000000000000013,True,correct,ECOM,42,True,correct
295,30957,True,1,202046565,0.9860768976803935,0.30534289685174976,0.6807340008286438,0.40000000000000013,True,correct,ECOM,42,True,correct
296,36264,True,1,209000383,0.6204235650886262,0.15441845980373026,0.4660051052848959,0.40000000000000013,True,correct,ECOM,42,True,correct
297,35111,True,1,207900171,0.010483959037382242,0.008858474832682012,0.0016254842047002307,0.40000000000000013,False,missing_match,ECOM,42,True,correct
298,34021,True,1,207652056,0.9652321363248237,0.7445348234624669,0.22069731286235683,0.40000000000000013,True,correct,ECOM,42,True,correct
299,32059,True,1,205131849,0.05700645913208358,0.015012127908625016,0.04199433122345857,0.40000000000000013,False,missing_match,ECOM,42,True,correct
300,37499,True,1,208043057,0.8337760048054413,0.04831081755715983,0.7854651872482815,0.40000000000000013,True,correct,ECOM,42,True,correct
301,33972,True,1,204556588,0.6206501046047826,0.011044346072318589,0.609605758532464,0.40000000000000013,True,correct,ECOM,42,False,missing_match
302,17873,True,1,90145584,0.8827184537724821,0.8102365965345947,0.07248185723788747,0.40000000000000013,True,correct,ECOM,42,True,correct
303,37878,True,1,210258465,0.3962036340507838,0.17874260978757703,0.21746102426320676,0.40000000000000013,False,missing_match,ECOM,42,True,correct
304,37421,True,1,209896693,0.5894794527515692,0.014369572305377675,0.5751098804461915,0.40000000000000013,True,correct,ECOM,42,True,correct
305,31924,True,1,206356232,0.9333187198109022,0.4393738862849275,0.4939448335259747,0.40000000000000013,True,correct,ECOM,42,True,correct
306,28304,True,1,203405814,0.7429268598261078,0.005218206818293511,0.7377086530078143,0.40000000000000013,True,correct,ECOM,42,True,correct
307,35498,True,1,90144998,0.8214522025977672,0.2358710188574102,0.5855811837403571,0.40000000000000013,True,correct,ECOM,42,True,correct
308,31813,True,1,207533462,0.8384161870900707,0.0075754169952329375,0.8308407700948378,0.40000000000000013,True,correct,ECOM,42,True,correct
309,27719,True,1,203379237,0.7388384233965485,0.03833804220954119,0.7005003811870073,0.40000000000000013,True,correct,ECOM,42,True,correct
310,27964,True,1,203136103,0.8155691857835131,0.07951425673923602,0.736054929044277,0.40000000000000013,True,correct,ECOM,42,True,correct
311,32561,True,1,207338879,0.9443237493055539,0.19457981567275634,0.7497439336327976,0.40000000000000013,True,correct,ECOM,42,True,correct
312,37183,True,1,209656949,0.7758058294276745,0.10790744195986034,0.6678983874678142,0.40000000000000013,True,correct,ECOM,42,True,correct
313,29902,True,2,205144562,0.9340736095427229,0.5030963097454707,0.4309772997972522,0.40000000000000013,True,correct,ECOM,42,True,correct
314,35431,True,1,207506251,0.8570833928247906,0.008275957339296426,0.8488074354854942,0.40000000000000013,True,correct,ECOM,42,True,correct
315,35987,True,1,207464939,0.645361248346586,0.027579341997448083,0.617781906349138,0.40000000000000013,True,correct,ECOM,42,False,missing_match
316,38475,True,1,10140760,0.7645847080380876,0.013536705607773184,0.7510480024303144,0.40000000000000013,True,correct,ECOM,42,True,correct
317,28190,True,1,208464837,0.5566089586612365,0.05301255348942136,0.5035964051718151,0.40000000000000013,True,correct,ECOM,42,True,correct
318,36909,True,1,208656497,0.18902395789676013,0.025091346822580744,0.1639326110741794,0.40000000000000013,False,missing_match,ECOM,42,True,correct
319,33279,True,1,206808440,0.6417175569557689,0.10227139122684552,0.5394461657289235,0.40000000000000013,True,correct,ECOM,42,True,correct
320,18516,True,1,204559214,0.1523432600912071,0.1357972881517189,0.016545971939488202,0.40000000000000013,False,missing_match,ECOM,42,True,correct
321,20459,True,1,201953025,0.07323712335261634,0.04770902808391574,0.025528095268700597,0.40000000000000013,False,missing_match,ECOM,42,True,correct
322,13996,True,1,203025174,0.30653759677682063,0.01373428019509438,0.29280331658172626,0.40000000000000013,False,missing_match,ECOM,42,True,correct
323,35226,True,1,209869989,0.9319214242026445,0.27102576035253406,0.6608956638501104,0.40000000000000013,True,correct,ECOM,42,True,correct
324,28433,True,1,203142438,0.7596119962717032,0.008295274803853286,0.7513167214678499,0.40000000000000013,True,correct,ECOM,42,True,correct
325,26929,True,1,203651765,0.6874032774015106,0.053886451928188646,0.633516825473322,0.40000000000000013,True,correct,ECOM,42,True,correct
326,32986,True,1,206179521,0.8105429333899048,0.1964213008551809,0.6141216325347238,0.40000000000000013,True,correct,ECOM,42,True,correct
327,36127,True,1,210402579,0.927573740751279,0.014911224488687804,0.9126625162625912,0.40000000000000013,True,correct,ECOM,42,True,correct
328,35666,True,1,208289990,0.9108425766144437,0.04123387200057953,0.8696087046138642,0.40000000000000013,True,correct,ECOM,42,True,correct
329,18970,True,1,202045862,0.2501982419862699,0.2171770305048481,0.033021211481421786,0.40000000000000013,False,missing_match,ECOM,42,True,correct
330,19628,True,1,202778257,0.05651793778652814,0.02227702739138125,0.03424091039514689,0.40000000000000013,False,missing_match,ECOM,42,True,correct
331,34300,True,1,207543192,0.5551365695356263,0.3717647535219075,0.18337181601371877,0.40000000000000013,True,correct,ECOM,42,True,correct
332,19358,True,1,90144996,0.4260438063515152,0.19751949424010543,0.22852431211140975,0.40000000000000013,True,correct,ECOM,42,True,false_link
333,37354,True,1,207390184,0.3699455544824667,0.03075566782677833,0.33918988665568833,0.40000000000000013,False,missing_match,ECOM,42,True,correct
334,33485,True,1,208792604,0.934025278620058,0.5972308482074522,0.3367944304126058,0.40000000000000013,True,correct,ECOM,42,True,correct
335,38767,True,1,204154429,0.921315513963976,0.027637968229585995,0.8936775457343901,0.40000000000000013,True,correct,ECOM,42,True,correct
336,34151,True,1,206854516,0.8058948470722727,0.36099821405190796,0.4448966330203647,0.40000000000000013,True,correct,ECOM,42,True,correct
337,38522,True,1,210267015,0.6539856877991947,0.05856834879228857,0.5954173390069062,0.40000000000000013,True,correct,ECOM,42,True,correct
338,36117,True,1,206901652,0.5263545584229758,0.015487925317223847,0.510866633105752,0.40000000000000013,True,correct,ECOM,42,True,correct
339,36305,True,1,202899626,0.8357628072137504,0.18784195651641838,0.647920850697332,0.40000000000000013,True,correct,ECOM,42,True,correct
340,6493,True,1,203017999,0.9184158381920108,0.03344444854835162,0.8849713896436592,0.40000000000000013,True,correct,ECOM,42,True,correct
341,30093,True,1,205467942,0.7323196984509192,0.04941512607041524,0.682904572380504,0.40000000000000013,True,correct,ECOM,42,True,correct
342,36207,True,1,10363070,0.38490054736570173,0.009508358260019546,0.3753921891056822,0.40000000000000013,False,missing_match,ECOM,42,True,correct
343,21297,True,1,202070149,0.936057276679229,0.08885971486881426,0.8471975618104147,0.40000000000000013,True,correct,ECOM,42,True,correct
344,20532,True,1,90105654,0.7423923937469976,0.02282823288894909,0.7195641608580485,0.40000000000000013,True,correct,ECOM,42,True,correct
345,31337,True,1,203884610,0.9804359201676092,0.19776978073852836,0.7826661394290808,0.40000000000000013,True,correct,ECOM,42,True,correct
346,34349,True,1,207660498,0.9653097183570475,0.20202984516822406,0.7632798731888234,0.40000000000000013,True,correct,ECOM,42,True,correct
347,30196,True,1,205593367,0.512781400886545,0.1499401846258468,0.3628412162606982,0.40000000000000013,True,correct,ECOM,42,True,correct
348,37893,True,1,208937534,0.7416829977079592,0.08486090696067462,0.6568220907472846,0.40000000000000013,True,correct,ECOM,42,True,correct
349,34218,True,1,208294712,0.6515821545965647,0.6062713463876032,0.045310808208961495,0.40000000000000013,True,correct,ECOM,42,True,correct
350,38001,True,1,209871973,0.9322296505709194,0.03160029054967539,0.900629360021244,0.40000000000000013,True,correct,ECOM,42,True,correct
351,29272,True,1,203900792,0.2764482042228348,0.051823861799556704,0.22462434242327808,0.40000000000000013,False,missing_match,ECOM,42,True,correct
352,34165,True,1,206928452,0.33986145200096685,0.01778576477490905,0.3220756872260578,0.40000000000000013,False,missing_match,ECOM,42,True,correct
353,28978,True,1,204559209,0.4173770274076176,0.36976385901715647,0.04761316839046115,0.40000000000000013,True,false_link,ECOM,42,True,correct
354,33790,True,1,210252356,0.7634529036938029,0.030375527521710417,0.7330773761720925,0.40000000000000013,True,correct,ECOM,42,True,correct
355,37235,True,1,210256478,0.7354405664611218,0.006217266059842693,0.729223300401279,0.40000000000000013,True,correct,ECOM,42,True,correct
356,34754,True,1,207543196,0.7437569312090435,0.5466541277770743,0.19710280343196918,0.40000000000000013,True,false_link,ECOM,42,True,correct
357,33595,True,1,208294724,0.846193524951861,0.6410689011573691,0.2051246237944918,0.40000000000000013,True,false_link,ECOM,42,True,false_link
358,38129,True,1,210227261,0.8106688490497366,0.044329671113575886,0.7663391779361607,0.40000000000000013,True,correct,ECOM,42,True,correct
359,34156,True,1,203952966,0.9440654618709339,0.9009833827555132,0.043082079115420724,0.40000000000000013,True,false_link,ECOM,42,True,correct
360,22729,True,1,202473822,0.6796426082269882,0.024909797815893014,0.6547328104110952,0.40000000000000013,True,correct,ECOM,42,True,correct
361,37287,True,1,208937533,0.6695179896172231,0.061497965865663,0.6080200237515601,0.40000000000000013,True,correct,ECOM,42,True,correct
362,28205,True,1,204419878,0.8292431674368239,0.5417620043660638,0.2874811630707601,0.40000000000000013,True,correct,ECOM,42,True,correct
363,34253,True,1,206887992,0.16414035144901692,0.03263847656657758,0.13150187488243933,0.40000000000000013,False,missing_match,ECOM,42,True,correct
364,29339,True,1,203888987,0.6827858013133905,0.06909454165778801,0.6136912596556025,0.40000000000000013,True,correct,ECOM,42,True,correct
365,33057,True,1,208033806,0.8873128906970512,0.4714723663066241,0.4158405243904271,0.40000000000000013,True,correct,ECOM,42,True,correct
366,7783,True,1,202900227,0.6348920441427597,0.27093677241417763,0.36395527172858205,0.40000000000000013,True,correct,ECOM,42,True,correct
367,32906,True,1,203324965,0.23246506878751644,0.22150035919397643,0.010964709593540012,0.40000000000000013,False,missing_match,ECOM,42,True,correct
368,26563,True,1,202125720,0.29536478947920286,0.028259339362081196,0.26710545011712167,0.40000000000000013,False,missing_match,ECOM,42,True,correct
369,34941,True,1,208504307,0.875184748571227,0.4214964290343279,0.4536883195368991,0.40000000000000013,True,correct,ECOM,42,True,correct
370,31970,True,1,206419131,0.7524227529448284,0.1682441460134721,0.5841786069313564,0.40000000000000013,True,correct,ECOM,42,True,correct
371,19204,True,1,207653535,0.594745695867014,0.47476256883155477,0.11998312703545921,0.40000000000000013,True,false_link,ECOM,42,True,correct
372,34095,True,1,207653548,0.9588693954596302,0.2108963999432126,0.7479729955164176,0.40000000000000013,True,correct,ECOM,42,True,correct
373,37340,True,1,206808431,0.04171187726705673,0.029596205965197186,0.012115671301859546,0.40000000000000013,False,missing_match,ECOM,42,False,missing_match
374,35010,True,1,208117936,0.04846505555730549,0.04846505555730549,0.0,0.40000000000000013,False,missing_match,ECOM,42,False,missing_match
375,28020,True,1,204734549,0.8146735221376336,0.020389211835657808,0.7942843103019758,0.40000000000000013,True,correct,ECOM,42,True,correct
376,36446,True,1,208226698,0.679907236862743,0.07326543270250245,0.6066418041602406,0.40000000000000013,True,correct,ECOM,42,True,correct
377,27188,True,1,204318286,0.3154524161726932,0.3115184516521731,0.0039339645205200835,0.40000000000000013,False,missing_match,ECOM,42,True,false_link
378,36169,True,2,90145444,0.3938563234790584,0.19973334540520568,0.19412297807385273,0.40000000000000013,False,missing_match,ECOM,42,False,missing_match
379,33464,True,1,210245837,0.8802152947711397,0.0118644948750859,0.8683507998960538,0.40000000000000013,True,correct,ECOM,42,True,correct
380,33950,True,1,208456233,0.8685251205283286,0.7459573391839399,0.12256778134438873,0.40000000000000013,True,correct,ECOM,42,True,correct
381,27783,True,1,202293522,0.9319155207162787,0.0866086557653968,0.8453068649508819,0.40000000000000013,True,correct,ECOM,42,True,correct
382,37812,True,1,209245958,0.9679623429880103,0.5482312565780751,0.4197310864099352,0.40000000000000013,True,correct,ECOM,42,True,correct
383,34153,True,1,207465587,0.9145349730644106,0.7556528177183169,0.15888215534609362,0.40000000000000013,True,correct,ECOM,42,True,correct
384,33272,True,1,209273200,0.7516547290878721,0.29699842779808894,0.4546563012897832,0.40000000000000013,True,correct,ECOM,42,True,correct
385,37145,True,1,208941079,0.6978713832251167,0.11107371588666584,0.5867976673384508,0.40000000000000013,True,false_link,ECOM,42,True,false_link
386,25855,True,1,205986339,0.6815977707334466,0.07252679119991978,0.6090709795335268,0.40000000000000013,True,correct,ECOM,42,True,correct
387,38697,True,1,206892248,0.9800142464446371,0.3080885366835242,0.6719257097611129,0.40000000000000013,True,correct,ECOM,42,True,correct
388,33643,True,1,206928605,0.5273145693654774,0.09089113891406808,0.4364234304514093,0.40000000000000013,True,correct,ECOM,42,True,correct
389,33476,True,1,208504178,0.879375581538323,0.7253656809995178,0.15400990053880514,0.40000000000000013,True,correct,ECOM,42,True,correct
390,38640,True,1,209890560,0.630420939397436,0.008400386635955026,0.622020552761481,0.40000000000000013,True,correct,ECOM,42,True,correct
391,36637,True,1,205728900,0.9402719352517048,0.38310437792317364,0.5571675573285312,0.40000000000000013,True,correct,ECOM,42,True,correct
392,33569,True,1,207388760,0.3903569500936531,0.37502333804124244,0.015333612052410683,0.40000000000000013,False,missing_match,ECOM,42,True,correct
393,33496,True,1,206928384,0.8139778481942349,0.7071666776997868,0.1068111704944481,0.40000000000000013,True,correct,ECOM,42,True,correct
394,6742,True,1,202845629,0.8651293885508496,0.02223476086726599,0.8428946276835837,0.40000000000000013,True,correct,ECOM,42,True,correct
395,37257,True,1,209208719,0.4463671359424865,0.03387802688242211,0.4124891090600644,0.40000000000000013,True,correct,ECOM,42,True,correct
396,25036,True,1,202502745,0.1560046002242323,0.006739953889356101,0.14926464633487618,0.40000000000000013,False,missing_match,ECOM,42,True,correct
397,31392,True,1,205753566,0.6056846380202662,0.00902830116039969,0.5966563368598665,0.40000000000000013,True,correct,ECOM,42,True,correct
398,34304,True,1,207927557,0.9714834088795887,0.6891545495689456,0.2823288593106431,0.40000000000000013,True,correct,ECOM,42,True,correct
399,27739,True,1,204644752,0.8219240288402101,0.006025691246386455,0.8158983375938237,0.40000000000000013,True,correct,ECOM,42,True,correct
400,30590,True,1,90138537,0.583344095076067,0.3739051910919113,0.2094389039841557,0.40000000000000013,True,correct,ECOM,42,True,correct
401,34751,True,1,207543189,0.6829235422343878,0.1807033960908876,0.5022201461435002,0.40000000000000013,True,correct,ECOM,42,True,correct
402,33664,True,1,205520997,0.31650871795419055,0.019326488583375438,0.2971822293708151,0.40000000000000013,False,missing_match,ECOM,42,True,correct
403,36988,True,1,209253739,0.5967543826677757,0.1572577775145677,0.439496605153208,0.40000000000000013,True,correct,ECOM,42,True,correct
404,33437,True,1,207464919,0.7820684781623803,0.7143635920478324,0.06770488611454795,0.40000000000000013,True,correct,ECOM,42,True,correct
405,34657,True,1,207938488,0.7778869054855176,0.5703129694968213,0.20757393598869633,0.40000000000000013,True,correct,ECOM,42,True,correct
406,36620,True,1,208453646,0.816458240707788,0.2676778725191637,0.5487803681886243,0.40000000000000013,True,correct,ECOM,42,True,correct
407,34648,True,1,207919773,0.8318791180630022,0.48791440244625434,0.34396471561674785,0.40000000000000013,True,correct,ECOM,42,True,correct
408,34897,True,1,208504421,0.8573949346725239,0.5579434716829625,0.2994514629895614,0.40000000000000013,True,correct,ECOM,42,True,correct
409,39176,True,1,10380060,0.0985501098267818,0.019843583585098697,0.07870652624168312,0.40000000000000013,False,missing_match,ECOM,42,True,correct
410,35903,True,1,205769439,0.8398017309720852,0.2944860715134365,0.5453156594586488,0.40000000000000013,True,correct,ECOM,42,True,correct
411,33784,True,1,207538225,0.7118989956462745,0.28880334224812215,0.4230956533981523,0.40000000000000013,True,correct,ECOM,42,True,correct
412,38399,True,1,210479062,0.47389063812258714,0.01918943284293039,0.45470120527965674,0.40000000000000013,True,correct,ECOM,42,True,correct
413,38480,True,1,204647332,0.09921341539893606,0.01069736785061658,0.08851604754831949,0.40000000000000013,False,missing_match,ECOM,42,True,correct
414,34815,True,1,208289990,0.08217513782011267,0.022200127841167715,0.05997500997894495,0.40000000000000013,False,missing_match,ECOM,42,False,missing_match
415,36102,True,1,90139585,0.6731435410776971,0.2748835083943514,0.39826003268334575,0.40000000000000013,True,correct,ECOM,42,True,correct
416,36020,True,1,202472204,0.32459870869819607,0.027055923592789962,0.2975427851054061,0.40000000000000013,False,missing_match,ECOM,42,True,correct
417,25364,True,1,203201060,0.806403682966665,0.03996057330552557,0.7664431096611394,0.40000000000000013,True,correct,ECOM,42,True,correct
418,27789,True,1,204318286,0.5810305394512197,0.4040644173698293,0.17696612208139045,0.40000000000000013,True,false_link,ECOM,42,True,false_link
419,34150,True,1,207514563,0.7583501003650287,0.08558075108343112,0.6727693492815976,0.40000000000000013,True,correct,ECOM,42,True,correct
420,36299,True,1,208342524,0.8362578940641623,0.39207876584244816,0.4441791282217141,0.40000000000000013,True,correct,ECOM,42,True,correct
421,27194,True,1,204318283,0.5050074581135283,0.38805796865554043,0.11694948945798789,0.40000000000000013,True,correct,ECOM,42,True,correct
422,36811,True,1,208930714,0.5688414081112575,0.1692659056207897,0.3995755024904678,0.40000000000000013,True,correct,ECOM,42,True,correct
423,19132,True,1,202778315,0.9526655020595115,0.15280124344986218,0.7998642586096494,0.40000000000000013,True,correct,ECOM,42,True,correct
424,24615,True,1,204587971,0.06743686923662937,0.022176855680930904,0.04526001355569846,0.40000000000000013,False,missing_match,ECOM,42,True,false_link
425,29866,True,1,204792886,0.11796743466801013,0.06542410784212493,0.052543326825885195,0.40000000000000013,False,missing_match,ECOM,42,False,missing_match
426,33219,True,1,205562000,0.14631624607352536,0.09369670785669344,0.05261953821683192,0.40000000000000013,False,missing_match,ECOM,42,True,correct
427,33021,True,1,203154818,0.7732484765396546,0.03714861996172244,0.7360998565779321,0.40000000000000013,True,correct,ECOM,42,True,correct
428,34093,True,1,207660499,0.9555750067107246,0.4327578722263634,0.5228171344843612,0.40000000000000013,True,correct,ECOM,42,True,correct
429,33765,True,1,208455897,0.9051729640293902,0.863939082914888,0.04123388111450221,0.40000000000000013,True,correct,ECOM,42,True,false_link
430,16112,True,1,202900041,0.8271654122596148,0.06287561447205722,0.7642897977875576,0.40000000000000013,True,correct,ECOM,42,True,correct
431,33263,True,1,208105573,0.22300902858046173,0.015264634589749823,0.2077443939907119,0.40000000000000013,False,missing_match,ECOM,42,True,correct
432,23658,True,1,203065730,0.4811662883005928,0.004981267074507526,0.4761850212260853,0.40000000000000013,True,correct,ECOM,42,True,correct
433,34401,True,1,208456262,0.8965798786648224,0.6662291721621639,0.23035070650265843,0.40000000000000013,True,correct,ECOM,42,True,correct
434,33478,True,1,208154550,0.9095379217274837,0.8074896406505713,0.10204828107691244,0.40000000000000013,True,correct,ECOM,42,True,correct
435,34036,True,1,207390682,0.6912023410353678,0.03539622949790068,0.6558061115374672,0.40000000000000013,True,correct,ECOM,42,True,correct
436,30134,True,1,206362873,0.32193801437748887,0.003294581772637731,0.3186434326048511,0.40000000000000013,False,missing_match,ECOM,42,True,correct
437,32584,True,1,206179562,0.8602962274362217,0.02350325512844705,0.8367929723077746,0.40000000000000013,True,correct,ECOM,42,True,correct
438,33922,True,1,207925432,0.6822585482963456,0.2985322562580382,0.3837262920383074,0.40000000000000013,True,correct,ECOM,42,True,correct
439,34946,True,1,208114686,0.14665180342385056,0.08346427541462642,0.06318752800922414,0.40000000000000013,False,missing_match,ECOM,42,False,missing_match
440,33938,True,1,208464825,0.6132513221236949,0.04372255879439124,0.5695287633293037,0.40000000000000013,True,correct,ECOM,42,True,correct
441,37301,True,1,209302310,0.854760252620158,0.11763946725409197,0.737120785366066,0.40000000000000013,True,correct,ECOM,42,True,correct
442,36607,True,1,209891039,0.7253708760172428,0.06682469203028113,0.6585461839869617,0.40000000000000013,True,correct,ECOM,42,True,correct
443,552,True,1,90132241,0.7676470649983256,0.055474423413592766,0.7121726415847328,0.40000000000000013,True,correct,ECOM,42,True,correct
444,32882,True,1,204563949,0.40364697641301384,0.10966787419521751,0.29397910221779633,0.40000000000000013,True,correct,ECOM,42,True,correct
445,31596,True,1,204587971,0.21785136099736616,0.15361251767451056,0.0642388433228556,0.40000000000000013,False,missing_match,ECOM,42,True,correct
446,32150,True,1,207390506,0.16740461923779046,0.024116496197405687,0.14328812304038477,0.40000000000000013,False,missing_match,ECOM,42,True,correct
447,30203,True,1,208156275,0.41758014119787923,0.024666014945976658,0.3929141262519026,0.40000000000000013,True,correct,ECOM,42,False,missing_match
448,36097,True,2,208131008,0.025704447898567576,0.014348380379355966,0.01135606751921161,0.40000000000000013,False,missing_match,ECOM,42,True,correct
449,34392,True,1,206362747,0.13524589079670893,0.11641698666855524,0.01882890412815369,0.40000000000000013,False,missing_match,ECOM,42,True,correct
450,33955,True,1,207391023,0.7522552794319235,0.031039588245052013,0.7212156911868715,0.40000000000000013,True,correct,ECOM,42,True,correct
451,38449,True,1,206576717,0.8979102497206708,0.23080779294615292,0.6671024567745178,0.40000000000000013,True,correct,ECOM,42,True,correct
452,38653,True,1,210571462,0.6188292669705703,0.021336418444155722,0.5974928485264146,0.40000000000000013,True,correct,ECOM,42,True,correct
453,34363,True,1,206892902,0.6017081744602178,0.007905767798552295,0.5938024066616655,0.40000000000000013,True,correct,ECOM,42,True,correct
454,25788,True,1,203396327,0.953191083389799,0.34934752436416583,0.6038435590256331,0.40000000000000013,True,correct,ECOM,42,True,correct
455,33271,True,1,206808431,0.9151751347017333,0.8123474486006621,0.10282768610107118,0.40000000000000013,True,correct,ECOM,42,True,correct
456,23325,True,2,202456903,0.875683689577235,0.05439572256740645,0.8212879670098285,0.40000000000000013,True,correct,ECOM,42,True,correct
457,37201,True,1,209656971,0.24502093714560164,0.18269754807240318,0.062323389073198454,0.40000000000000013,False,missing_match,ECOM,42,True,correct
458,34848,True,1,208117929,0.018593677690702134,0.018593677690702134,0.0,0.40000000000000013,False,missing_match,ECOM,42,False,missing_match
459,34442,True,1,208455894,0.3301158160116433,0.021104298380334872,0.3090115176313084,0.40000000000000013,False,missing_match,ECOM,42,True,correct
460,38474,True,1,10343605,0.8795867921557204,0.01043903265068107,0.8691477595050394,0.40000000000000013,True,correct,ECOM,42,True,correct
461,20450,True,1,208937347,0.009784009523583975,0.007241706595382662,0.0025423029282013124,0.40000000000000013,False,missing_match,ECOM,42,False,missing_match
462,38733,True,1,207979206,0.9514150542370685,0.004133498670080611,0.9472815555669879,0.40000000000000013,True,correct,ECOM,42,True,correct
463,25905,True,1,202479418,0.1338133942153778,0.026983016786633226,0.10683037742874457,0.40000000000000013,False,missing_match,ECOM,42,True,correct
464,31830,True,1,205557539,0.8903810484171807,0.06859015734647383,0.8217908910707068,0.40000000000000013,True,correct,ECOM,42,True,correct
465,33786,True,1,206854515,0.8070137570166158,0.3874210071335176,0.4195927498830982,0.40000000000000013,True,correct,ECOM,42,True,correct
466,29032,True,1,205145879,0.896103770497494,0.010605178496345237,0.8854985920011488,0.40000000000000013,True,correct,ECOM,42,True,correct
467,37123,True,1,209114552,0.9258049931184786,0.03544131492220639,0.8903636781962723,0.40000000000000013,True,correct,ECOM,42,True,correct
468,38434,True,1,210227285,0.7581764410496812,0.17038606698157824,0.587790374068103,0.40000000000000013,True,correct,ECOM,42,True,correct
469,18202,True,1,208131008,0.0008260398878714633,0.0006893059770322362,0.00013673391083922706,0.40000000000000013,False,missing_match,ECOM,42,False,missing_match
470,29677,True,1,204884519,0.6304257892029591,0.013980020773471723,0.6164457684294874,0.40000000000000013,True,correct,ECOM,42,True,correct
471,23635,True,1,202900002,0.08482379083948016,0.004699214835260394,0.08012457600421977,0.40000000000000013,False,missing_match,ECOM,42,False,missing_match
472,29861,True,1,204792876,0.7955365400521689,0.0257009120545331,0.7698356279976358,0.40000000000000013,True,correct,ECOM,42,True,correct
473,33883,True,1,208177785,0.8349489170431896,0.21002987624277317,0.6249190408004165,0.40000000000000013,True,correct,ECOM,42,True,correct
474,30533,True,1,205729817,0.35551320935431974,0.016331452423800723,0.339181756930519,0.40000000000000013,False,missing_match,ECOM,42,True,correct
475,24402,True,1,203897877,0.9456839367935511,0.0030670505181840274,0.9426168862753671,0.40000000000000013,True,correct,ECOM,42,True,correct
476,33831,True,1,207552185,0.8163862321120554,0.15600343196491864,0.6603828001471368,0.40000000000000013,True,correct,ECOM,42,True,correct
477,34791,True,2,203185276,0.8304612206758929,0.10285583307896257,0.7276053875969304,0.40000000000000013,True,correct,ECOM,42,True,correct
478,37803,True,1,207875395,0.9288881517681996,0.7728096868121117,0.1560784649560879,0.40000000000000013,True,correct,ECOM,42,True,correct
479,23837,True,1,202635467,0.8182721926512758,0.03215109440412583,0.78612109824715,0.40000000000000013,True,correct,ECOM,42,True,correct
480,30808,True,1,204345240,0.39159636660263814,0.05059210115255644,0.34100426545008167,0.40000000000000013,False,missing_match,ECOM,42,True,correct
481,36722,True,1,209656935,0.7946016249095639,0.014521233390214548,0.7800803915193494,0.40000000000000013,True,correct,ECOM,42,True,correct
482,25388,True,1,90145568,0.765981992988889,0.10242943574865701,0.663552557240232,0.40000000000000013,True,correct,ECOM,42,True,correct
483,13581,True,1,90125786,0.9081443291979858,0.5629835533253654,0.3451607758726204,0.40000000000000013,True,correct,ECOM,42,True,correct
484,34609,True,1,207543190,0.7112717809664884,0.4451435032761925,0.26612827769029584,0.40000000000000013,True,correct,ECOM,42,True,correct
485,26445,True,1,203407043,0.3148437369521156,0.13361987064459055,0.18122386630752504,0.40000000000000013,False,missing_match,ECOM,42,True,correct
486,34770,True,1,207959798,0.8538808845674614,0.614851210543417,0.2390296740240444,0.40000000000000013,True,correct,ECOM,42,True,correct
487,35165,True,1,209297205,0.12528392976294997,0.0333684065616403,0.09191552320130966,0.40000000000000013,False,missing_match,ECOM,42,False,missing_match
488,33045,True,1,203514304,0.1341353489342425,0.015458011108381228,0.11867733782586128,0.40000000000000013,False,missing_match,ECOM,42,True,correct
489,36142,True,1,207907548,0.5420274040424328,0.13965583426285758,0.4023715697795752,0.40000000000000013,True,correct,ECOM,42,True,correct
490,25732,True,1,203341506,0.9308527639962759,0.05289807614567729,0.8779546878505986,0.40000000000000013,True,correct,ECOM,42,True,correct
491,35035,True,1,208156877,0.04776991283194313,0.04776991283194313,0.0,0.40000000000000013,False,missing_match,ECOM,42,True,false_link
492,24316,True,1,204569292,0.9226247893018618,0.21610494607365335,0.7065198432282084,0.40000000000000013,True,correct,ECOM,42,True,correct
493,25797,True,1,204416098,0.04357032729415307,0.04351340779679625,5.691949735681795e-05,0.40000000000000013,False,missing_match,ECOM,42,False,missing_match
494,6726,True,1,203111433,0.9490936675049026,0.008463522011359194,0.9406301454935434,0.40000000000000013,True,correct,ECOM,42,True,correct
495,35186,True,1,208117919,0.8799228360447569,0.8540777592071016,0.025845076837655245,0.40000000000000013,True,correct,ECOM,42,True,correct
496,34004,True,1,207652055,0.7532436610480322,0.7141207385560547,0.03912292249197746,0.40000000000000013,True,correct,ECOM,42,True,correct
497,36990,True,1,209253738,0.42347275096666664,0.1318537708375461,0.2916189801291206,0.40000000000000013,True,correct,ECOM,42,True,correct
498,33522,True,2,207654106,0.12254633067592262,0.08321206432827027,0.039334266347652344,0.40000000000000013,False,missing_match,ECOM,42,True,correct
499,34127,True,1,203165922,0.8212910221159504,0.8059418520782391,0.015349170037711302,0.40000000000000013,True,correct,ECOM,42,True,correct
500,18564,True,1,208456203,0.6705147839158426,0.25798832154085805,0.4125264623749846,0.40000000000000013,True,false_link,ECOM,42,True,false_link
501,35853,True,1,208085175,0.802526480958721,0.033491001808778856,0.7690354791499422,0.40000000000000013,True,correct,ECOM,42,True,correct
502,33769,True,1,208504099,0.9398688869411667,0.8560837659463744,0.0837851209947923,0.40000000000000013,True,correct,ECOM,42,True,false_link
503,27985,True,1,204740191,0.5543456923648016,0.03643097476285666,0.517914717601945,0.40000000000000013,True,correct,ECOM,42,True,correct
504,24493,True,1,202900030,0.4196757709264641,0.32129690828183743,0.09837886264462664,0.40000000000000013,True,correct,ECOM,42,True,correct
505,37120,True,1,209114551,0.8187147081971436,0.17342914931003306,0.6452855588871106,0.40000000000000013,True,correct,ECOM,42,False,missing_match
506,27920,True,1,206725724,0.941351235373367,0.09507994172833983,0.8462712936450272,0.40000000000000013,True,correct,ECOM,42,True,correct
507,27589,True,1,204264643,0.5881051768165234,0.06324767409614834,0.524857502720375,0.40000000000000013,True,correct,ECOM,42,True,correct
508,27248,True,1,10360978,0.8376281747410224,0.8369063686958191,0.0007218060452032216,0.40000000000000013,True,false_link,ECOM,42,True,correct
509,35388,True,1,208294724,0.8541388467459747,0.5972743490375383,0.25686449770843645,0.40000000000000013,True,correct,ECOM,42,True,correct
510,23651,True,1,202784323,0.8217393368967437,0.01805599495473137,0.8036833419420124,0.40000000000000013,True,correct,ECOM,42,True,correct
511,39175,True,1,204822679,0.9321596801542267,0.020212513433592805,0.9119471667206339,0.40000000000000013,True,correct,ECOM,42,True,correct
512,34130,True,2,207900174,0.9439622825946944,0.0950478393929909,0.8489144432017035,0.40000000000000013,True,correct,ECOM,42,True,correct
513,35308,True,1,208270234,0.5897697357279977,0.024716326481002533,0.5650534092469952,0.40000000000000013,True,correct,ECOM,42,True,correct
514,26082,True,1,204274660,0.655029750146732,0.13094757618759673,0.5240821739591353,0.40000000000000013,True,correct,ECOM,42,True,correct
515,16000,True,1,208226457,0.8116243899380361,0.08321343676240835,0.7284109531756278,0.40000000000000013,True,correct,ECOM,42,True,correct
516,22042,True,2,202238311,0.15242962375501007,0.07811012141116833,0.07431950234384174,0.40000000000000013,False,missing_match,ECOM,42,False,missing_match
517,34858,True,1,208294698,0.9099960402964042,0.2418402699230068,0.6681557703733975,0.40000000000000013,True,correct,ECOM,42,True,correct
518,33723,True,1,206356234,0.8849822908527099,0.0494125705661954,0.8355697202865144,0.40000000000000013,True,correct,ECOM,42,True,correct
519,36029,True,1,202785722,0.9692193931046769,0.038005808009659435,0.9312135850950174,0.40000000000000013,True,correct,ECOM,42,True,correct
520,33488,True,1,208154765,0.928580398361968,0.3834319839046503,0.5451484144573178,0.40000000000000013,True,correct,ECOM,42,True,correct
521,33440,True,1,207464921,0.9311961323038832,0.3148263324747459,0.6163697998291373,0.40000000000000013,True,correct,ECOM,42,True,correct
522,13155,True,1,90109367,0.8389547407941277,0.0033905149677744763,0.8355642258263533,0.40000000000000013,True,correct,ECOM,42,True,correct
523,33788,True,1,207543197,0.7181423289854296,0.4964119662723089,0.22173036271312074,0.40000000000000013,True,correct,ECOM,42,True,correct
524,34158,True,1,206895864,0.688506683552674,0.0368058439755263,0.6517008395771476,0.40000000000000013,True,correct,ECOM,42,True,correct
525,36803,True,1,207469300,0.9547631059889171,0.08757655399428448,0.8671865519946327,0.40000000000000013,True,correct,ECOM,42,True,correct
526,36001,True,1,208504423,0.7899211702915235,0.3072482400249826,0.48267293026654096,0.40000000000000013,True,correct,ECOM,42,True,correct
527,31887,True,1,206639246,0.8936170749112673,0.1194547296301083,0.774162345281159,0.40000000000000013,True,correct,ECOM,42,True,correct
528,34829,True,1,207682340,0.37719058029641356,0.10428688092812198,0.27290369936829156,0.40000000000000013,False,missing_match,ECOM,42,True,correct
529,32187,True,1,209896109,0.3435650855697549,0.2110098759598304,0.1325552096099245,0.40000000000000013,False,missing_match,ECOM,42,True,correct
530,33276,True,1,205865183,0.9518902423055593,0.6652637258821941,0.28662651642336523,0.40000000000000013,True,correct,ECOM,42,True,correct
531,28963,True,1,202106724,0.9173540794478804,0.03899651002137303,0.8783575694265073,0.40000000000000013,True,correct,ECOM,42,True,correct
532,34286,True,1,207945552,0.7298080996230879,0.01143417492807502,0.7183739246950129,0.40000000000000013,True,correct,ECOM,42,True,correct
533,35851,True,1,206462228,0.947850230364093,0.025180985778966557,0.9226692445851264,0.40000000000000013,True,correct,ECOM,42,True,correct
534,33175,True,1,207542598,0.8824913584799053,0.49162623475602385,0.3908651237238815,0.40000000000000013,True,correct,ECOM,42,True,correct
535,32384,True,1,202989028,0.5457101703369673,0.062432973965717606,0.4832771963712497,0.40000000000000013,True,correct,ECOM,42,True,correct
536,25829,True,1,202827684,0.8414155813214927,0.1180968368945591,0.7233187444269337,0.40000000000000013,True,correct,ECOM,42,True,correct
537,9646,True,1,203111113,0.4317279811080096,0.020210433378910733,0.4115175477290989,0.40000000000000013,True,correct,ECOM,42,True,correct
538,34012,True,1,207642166,0.9726429834808512,0.3533702046426642,0.619272778838187,0.40000000000000013,True,correct,ECOM,42,True,correct
539,34661,True,1,208294716,0.7576444689647813,0.11305673900670275,0.6445877299580786,0.40000000000000013,True,correct,ECOM,42,True,correct
540,17479,True,1,90145972,0.8769228327415092,0.2830625851909235,0.5938602475505856,0.40000000000000013,True,correct,ECOM,42,True,correct
